水体要素编号,多边形编号,环编号,点序号,名称,水体类型,OSM编号,经度,纬度
WS001,1,1,1,未记录,一般水体,387829312,109.0568256,22.8872183
WS001,1,1,2,未记录,一般水体,387829312,109.0562078,22.8867344
WS001,1,1,3,未记录,一般水体,387829312,109.0559838,22.8871258
WS001,1,1,4,未记录,一般水体,387829312,109.0556671,22.8875029
WS001,1,1,5,未记录,一般水体,387829312,109.0552655,22.8877021
WS001,1,1,6,未记录,一般水体,387829312,109.0552732,22.8878515
WS001,1,1,7,未记录,一般水体,387829312,109.0553427,22.8879227
WS001,1,1,8,未记录,一般水体,387829312,109.0558834,22.8878231
WS001,1,1,9,未记录,一般水体,387829312,109.0561151,22.8878942
WS001,1,1,10,未记录,一般水体,387829312,109.0564317,22.8880223
WS001,1,1,11,未记录,一般水体,387829312,109.0565785,22.8880579
WS001,1,1,12,未记录,一般水体,387829312,109.0569338,22.8884136
WS001,1,1,13,未记录,一般水体,387829312,109.0570882,22.8883709
WS001,1,1,14,未记录,一般水体,387829312,109.0573431,22.8882002
WS001,1,1,15,未记录,一般水体,387829312,109.057374,22.8880863
WS001,1,1,16,未记录,一般水体,387829312,109.0572118,22.8879227
WS001,1,1,17,未记录,一般水体,387829312,109.056872,22.8879298
WS001,1,1,18,未记录,一般水体,387829312,109.0566326,22.8877519
WS001,1,1,19,未记录,一般水体,387829312,109.0565785,22.88751
WS001,1,1,20,未记录,一般水体,387829312,109.0566171,22.8873961
WS001,1,1,21,未记录,一般水体,387829312,109.0568256,22.8872183
WS002,1,1,1,未记录,一般水体,387841468,109.0610081,22.8987419
WS002,1,1,2,未记录,一般水体,387841468,109.0609153,22.8983714
WS002,1,1,3,未记录,一般水体,387841468,109.0607143,22.8980723
WS002,1,1,4,未记录,一般水体,387841468,109.060521,22.8979868
WS002,1,1,5,未记录,一般水体,387841468,109.0603045,22.8979583
WS002,1,1,6,未记录,一般水体,387841468,109.0600957,22.8978158
WS002,1,1,7,未记录,一般水体,387841468,109.0595544,22.8978799
WS002,1,1,8,未记录,一般水体,387841468,109.0594848,22.8980224
WS002,1,1,9,未记录,一般水体,387841468,109.059624,22.898286
WS002,1,1,10,未记录,一般水体,387841468,109.0602658,22.8985495
WS002,1,1,11,未记录,一般水体,387841468,109.0604514,22.8985139
WS002,1,1,12,未记录,一般水体,387841468,109.0605596,22.8985994
WS002,1,1,13,未记录,一般水体,387841468,109.0605828,22.8987062
WS002,1,1,14,未记录,一般水体,387841468,109.0607684,22.8987917
WS002,1,1,15,未记录,一般水体,387841468,109.0610081,22.8987419
WS003,1,1,1,未记录,一般水体,387841470,109.062864,22.89627
WS003,1,1,2,未记录,一般水体,387841470,109.0622222,22.8966333
WS003,1,1,3,未记录,一般水体,387841470,109.0625624,22.8974027
WS003,1,1,4,未记录,一般水体,387841470,109.062949,22.8978301
WS003,1,1,5,未记录,一般水体,387841470,109.0629181,22.8981506
WS003,1,1,6,未记录,一般水体,387841470,109.0630805,22.8983643
WS003,1,1,7,未记录,一般水体,387841470,109.0633589,22.8983501
WS003,1,1,8,未记录,一般水体,387841470,109.0637842,22.8981934
WS003,1,1,9,未记录,一般水体,387841470,109.0639466,22.8982076
WS003,1,1,10,未记录,一般水体,387841470,109.0641322,22.8977517
WS003,1,1,11,未记录,一般水体,387841470,109.0641708,22.8974525
WS003,1,1,12,未记录,一般水体,387841470,109.0639388,22.8971747
WS003,1,1,13,未记录,一般水体,387841470,109.0637764,22.896904
WS003,1,1,14,未记录,一般水体,387841470,109.0633434,22.8967687
WS003,1,1,15,未记录,一般水体,387841470,109.0631424,22.8964552
WS003,1,1,16,未记录,一般水体,387841470,109.0629413,22.8963911
WS003,1,1,17,未记录,一般水体,387841470,109.062864,22.89627
WS004,1,1,1,未记录,一般水体,387841471,109.1289534,22.8912099
WS004,1,1,2,未记录,一般水体,387841471,109.1291619,22.8912597
WS004,1,1,3,未记录,一般水体,387841471,109.1294168,22.8913949
WS004,1,1,4,未记录,一般水体,387841471,109.130691,22.8918645
WS004,1,1,5,未记录,一般水体,387841471,109.130969,22.8917435
WS004,1,1,6,未记录,一般水体,387841471,109.1311698,22.8916439
WS004,1,1,7,未记录,一般水体,387841471,109.1311544,22.8914589
WS004,1,1,8,未记录,一般水体,387841471,109.1312548,22.8913878
WS004,1,1,9,未记录,一般水体,387841471,109.1314633,22.8913736
WS004,1,1,10,未记录,一般水体,387841471,109.1313243,22.8910819
WS004,1,1,11,未记录,一般水体,387841471,109.131332,22.8908613
WS004,1,1,12,未记录,一般水体,387841471,109.1300191,22.8901427
WS004,1,1,13,未记录,一般水体,387841471,109.129355,22.8897301
WS004,1,1,14,未记录,一般水体,387841471,109.1292391,22.8897799
WS004,1,1,15,未记录,一般水体,387841471,109.1290847,22.8903989
WS004,1,1,16,未记录,一般水体,387841471,109.1290692,22.890655
WS004,1,1,17,未记录,一般水体,387841471,109.1289534,22.8912099
WS005,1,1,1,未记录,一般水体,387841473,109.1202664,22.8776283
WS005,1,1,2,未记录,一般水体,387841473,109.1203308,22.8776283
WS005,1,1,3,未记录,一般水体,387841473,109.120363,22.8775591
WS005,1,1,4,未记录,一般水体,387841473,109.1202772,22.87748
WS005,1,1,5,未记录,一般水体,387841473,109.1202557,22.8772428
WS005,1,1,6,未记录,一般水体,387841473,109.1202128,22.877223
WS005,1,1,7,未记录,一般水体,387841473,109.1201806,22.8771538
WS005,1,1,8,未记录,一般水体,387841473,109.1199875,22.8771933
WS005,1,1,9,未记录,一般水体,387841473,109.1196227,22.877134
WS005,1,1,10,未记录,一般水体,387841473,109.1193223,22.877134
WS005,1,1,11,未记录,一般水体,387841473,109.1187,22.8770154
WS005,1,1,12,未记录,一般水体,387841473,109.1186357,22.8769759
WS005,1,1,13,未记录,一般水体,387841473,109.1186464,22.8768276
WS005,1,1,14,未记录,一般水体,387841473,109.1186249,22.8768078
WS005,1,1,15,未记录,一般水体,387841473,109.1186893,22.8766892
WS005,1,1,16,未记录,一般水体,387841473,109.1186464,22.8766497
WS005,1,1,17,未记录,一般水体,387841473,109.1186464,22.8765706
WS005,1,1,18,未记录,一般水体,387841473,109.1185284,22.8765805
WS005,1,1,19,未记录,一般水体,387841473,109.1185069,22.8765014
WS005,1,1,20,未记录,一般水体,387841473,109.1183352,22.8764025
WS005,1,1,21,未记录,一般水体,387841473,109.1179276,22.8760269
WS005,1,1,22,未记录,一般水体,387841473,109.1177988,22.8759874
WS005,1,1,23,未记录,一般水体,387841473,109.1176271,22.8758292
WS005,1,1,24,未记录,一般水体,387841473,109.1175628,22.8758094
WS005,1,1,25,未记录,一般水体,387841473,109.1174018,22.8756216
WS005,1,1,26,未记录,一般水体,387841473,109.1174448,22.8755623
WS005,1,1,27,未记录,一般水体,387841473,109.1173697,22.8755129
WS005,1,1,28,未记录,一般水体,387841473,109.1171765,22.8756117
WS005,1,1,29,未记录,一般水体,387841473,109.1171122,22.875592
WS005,1,1,30,未记录,一般水体,387841473,109.1170478,22.8756513
WS005,1,1,31,未记录,一般水体,387841473,109.1168761,22.8756117
WS005,1,1,32,未记录,一般水体,387841473,109.1167474,22.8757699
WS005,1,1,33,未记录,一般水体,387841473,109.1165328,22.8758688
WS005,1,1,34,未记录,一般水体,387841473,109.1162968,22.8760862
WS005,1,1,35,未记录,一般水体,387841473,109.1160822,22.8762048
WS005,1,1,36,未记录,一般水体,387841473,109.1158676,22.8762048
WS005,1,1,37,未记录,一般水体,387841473,109.115653,22.8761653
WS005,1,1,38,未记录,一般水体,387841473,109.1156209,22.8761357
WS005,1,1,39,未记录,一般水体,387841473,109.1156209,22.876017
WS005,1,1,40,未记录,一般水体,387841473,109.1155458,22.8759478
WS005,1,1,41,未记录,一般水体,387841473,109.115417,22.8759478
WS005,1,1,42,未记录,一般水体,387841473,109.1153419,22.8758984
WS005,1,1,43,未记录,一般水体,387841473,109.1153097,22.8758292
WS005,1,1,44,未记录,一般水体,387841473,109.1152024,22.8758094
WS005,1,1,45,未记录,一般水体,387841473,109.1151702,22.8758786
WS005,1,1,46,未记录,一般水体,387841473,109.1150951,22.8759281
WS005,1,1,47,未记录,一般水体,387841473,109.1148162,22.8759281
WS005,1,1,48,未记录,一般水体,387841473,109.114666,22.8760071
WS005,1,1,49,未记录,一般水体,387841473,109.11443,22.8760071
WS005,1,1,50,未记录,一般水体,387841473,109.1143227,22.8759281
WS005,1,1,51,未记录,一般水体,387841473,109.1141725,22.8759083
WS005,1,1,52,未记录,一般水体,387841473,109.1141617,22.8758391
WS005,1,1,53,未记录,一般水体,387841473,109.1140866,22.8758094
WS005,1,1,54,未记录,一般水体,387841473,109.1140437,22.875849
WS005,1,1,55,未记录,一般水体,387841473,109.1139364,22.8758688
WS005,1,1,56,未记录,一般水体,387841473,109.1132927,22.875849
WS005,1,1,57,未记录,一般水体,387841473,109.1129065,22.8761851
WS005,1,1,58,未记录,一般水体,387841473,109.1127777,22.8762048
WS005,1,1,59,未记录,一般水体,387841473,109.1125202,22.8763432
WS005,1,1,60,未记录,一般水体,387841473,109.1124558,22.8762246
WS005,1,1,61,未记录,一般水体,387841473,109.1123056,22.8762048
WS005,1,1,62,未记录,一般水体,387841473,109.1121554,22.8762642
WS005,1,1,63,未记录,一般水体,387841473,109.1121125,22.8763432
WS005,1,1,64,未记录,一般水体,387841473,109.1120052,22.876363
WS005,1,1,65,未记录,一般水体,387841473,109.1115654,22.8768078
WS005,1,1,66,未记录,一般水体,387841473,109.1113508,22.8770846
WS005,1,1,67,未记录,一般水体,387841473,109.1112864,22.8771241
WS005,1,1,68,未记录,一般水体,387841473,109.1112649,22.8771835
WS005,1,1,69,未记录,一般水体,387841473,109.1113293,22.8772428
WS005,1,1,70,未记录,一般水体,387841473,109.1113079,22.8772823
WS005,1,1,71,未记录,一般水体,387841473,109.1113508,22.8773614
WS005,1,1,72,未记录,一般水体,387841473,109.1113508,22.8774405
WS005,1,1,73,未记录,一般水体,387841473,109.1112328,22.8774503
WS005,1,1,74,未记录,一般水体,387841473,109.1112006,22.8774998
WS005,1,1,75,未记录,一般水体,387841473,109.1112435,22.8775393
WS005,1,1,76,未记录,一般水体,387841473,109.1112006,22.8776975
WS005,1,1,77,未记录,一般水体,387841473,109.1112757,22.8777667
WS005,1,1,78,未记录,一般水体,387841473,109.1115117,22.8777271
WS005,1,1,79,未记录,一般水体,387841473,109.1117907,22.8777469
WS005,1,1,80,未记录,一般水体,387841473,109.1118336,22.8777074
WS005,1,1,81,未记录,一般水体,387841473,109.1118979,22.8777074
WS005,1,1,82,未记录,一般水体,387841473,109.1120481,22.8777469
WS005,1,1,83,未记录,一般水体,387841473,109.1121769,22.8778457
WS005,1,1,84,未记录,一般水体,387841473,109.1121984,22.877826
WS005,1,1,85,未记录,一般水体,387841473,109.1122305,22.8778556
WS005,1,1,86,未记录,一般水体,387841473,109.112252,22.8782313
WS005,1,1,87,未记录,一般水体,387841473,109.1120374,22.878429
WS005,1,1,88,未记录,一般水体,387841473,109.1119945,22.8785476
WS005,1,1,89,未记录,一般水体,387841473,109.1118443,22.8787453
WS005,1,1,90,未记录,一般水体,387841473,109.1118443,22.8788046
WS005,1,1,91,未记录,一般水体,387841473,109.1117585,22.8789034
WS005,1,1,92,未记录,一般水体,387841473,109.111737,22.8791407
WS005,1,1,93,未记录,一般水体,387841473,109.1117799,22.8792593
WS005,1,1,94,未记录,一般水体,387841473,109.1117799,22.8793779
WS005,1,1,95,未记录,一般水体,387841473,109.111855,22.8794669
WS005,1,1,96,未记录,一般水体,387841473,109.1120267,22.8795064
WS005,1,1,97,未记录,一般水体,387841473,109.1121554,22.8795855
WS005,1,1,98,未记录,一般水体,387841473,109.1122198,22.8795855
WS005,1,1,99,未记录,一般水体,387841473,109.1122413,22.8795459
WS005,1,1,100,未记录,一般水体,387841473,109.1123056,22.8795657
WS005,1,1,101,未记录,一般水体,387841473,109.1123593,22.879457
WS005,1,1,102,未记录,一般水体,387841473,109.112488,22.8793581
WS005,1,1,103,未记录,一般水体,387841473,109.112488,22.8793186
WS005,1,1,104,未记录,一般水体,387841473,109.1125524,22.8792593
WS005,1,1,105,未记录,一般水体,387841473,109.1125095,22.8791604
WS005,1,1,106,未记录,一般水体,387841473,109.1124237,22.8790813
WS005,1,1,107,未记录,一般水体,387841473,109.1124773,22.8790715
WS005,1,1,108,未记录,一般水体,387841473,109.1125846,22.8791308
WS005,1,1,109,未记录,一般水体,387841473,109.112649,22.8791308
WS005,1,1,110,未记录,一般水体,387841473,109.1129279,22.8788342
WS005,1,1,111,未记录,一般水体,387841473,109.1130137,22.8788342
WS005,1,1,112,未记录,一般水体,387841473,109.113121,22.8787749
WS005,1,1,113,未记录,一般水体,387841473,109.1133785,22.8787749
WS005,1,1,114,未记录,一般水体,387841473,109.1135931,22.878854
WS005,1,1,115,未记录,一般水体,387841473,109.1137433,22.8789924
WS005,1,1,116,未记录,一般水体,387841473,109.1138291,22.8789726
WS005,1,1,117,未记录,一般水体,387841473,109.1138935,22.8789133
WS005,1,1,118,未记录,一般水体,387841473,109.1141617,22.8787848
WS005,1,1,119,未记录,一般水体,387841473,109.1141617,22.8786464
WS005,1,1,120,未记录,一般水体,387841473,109.1137969,22.8783301
WS005,1,1,121,未记录,一般水体,387841473,109.1136789,22.8781818
WS005,1,1,122,未记录,一般水体,387841473,109.1135716,22.8781818
WS005,1,1,123,未记录,一般水体,387841473,109.1134858,22.8782411
WS005,1,1,124,未记录,一般水体,387841473,109.1134,22.8782411
WS005,1,1,125,未记录,一般水体,387841473,109.1133034,22.8781126
WS005,1,1,126,未记录,一般水体,387841473,109.1130674,22.8778952
WS005,1,1,127,未记录,一般水体,387841473,109.1130459,22.8777766
WS005,1,1,128,未记录,一般水体,387841473,109.1129386,22.8776382
WS005,1,1,129,未记录,一般水体,387841473,109.1129386,22.8775195
WS005,1,1,130,未记录,一般水体,387841473,109.1128957,22.8774207
WS005,1,1,131,未记录,一般水体,387841473,109.1128957,22.8772428
WS005,1,1,132,未记录,一般水体,387841473,109.1129494,22.8771933
WS005,1,1,133,未记录,一般水体,387841473,109.1130352,22.8771736
WS005,1,1,134,未记录,一般水体,387841473,109.1132712,22.8771538
WS005,1,1,135,未记录,一般水体,387841473,109.1134858,22.8771736
WS005,1,1,136,未记录,一般水体,387841473,109.1135716,22.8771933
WS005,1,1,137,未记录,一般水体,387841473,109.113636,22.8772527
WS005,1,1,138,未记录,一般水体,387841473,109.1137433,22.8772724
WS005,1,1,139,未记录,一般水体,387841473,109.113915,22.8772724
WS005,1,1,140,未记录,一般水体,387841473,109.1140437,22.8772131
WS005,1,1,141,未记录,一般水体,387841473,109.114151,22.8772131
WS005,1,1,142,未记录,一般水体,387841473,109.1141939,22.8771736
WS005,1,1,143,未记录,一般水体,387841473,109.1145802,22.8772329
WS005,1,1,144,未记录,一般水体,387841473,109.1147733,22.8773713
WS005,1,1,145,未记录,一般水体,387841473,109.1149235,22.8774108
WS005,1,1,146,未记录,一般水体,387841473,109.1151488,22.8775591
WS005,1,1,147,未记录,一般水体,387841473,109.1151702,22.8775986
WS005,1,1,148,未记录,一般水体,387841473,109.1151488,22.8776579
WS005,1,1,149,未记录,一般水体,387841473,109.11502,22.8777963
WS005,1,1,150,未记录,一般水体,387841473,109.1148698,22.8778556
WS005,1,1,151,未记录,一般水体,387841473,109.1148698,22.8779545
WS005,1,1,152,未记录,一般水体,387841473,109.1149127,22.8780138
WS005,1,1,153,未记录,一般水体,387841473,109.1148913,22.8781719
WS005,1,1,154,未记录,一般水体,387841473,109.1150093,22.8782214
WS005,1,1,155,未记录,一般水体,387841473,109.1151166,22.8783202
WS005,1,1,156,未记录,一般水体,387841473,109.1151917,22.8783301
WS005,1,1,157,未记录,一般水体,387841473,109.1151702,22.878429
WS005,1,1,158,未记录,一般水体,387841473,109.1154814,22.8787156
WS005,1,1,159,未记录,一般水体,387841473,109.1158462,22.8785575
WS005,1,1,160,未记录,一般水体,387841473,109.1160071,22.8784092
WS005,1,1,161,未记录,一般水体,387841473,109.1160071,22.8783301
WS005,1,1,162,未记录,一般水体,387841473,109.1161895,22.8782609
WS005,1,1,163,未记录,一般水体,387841473,109.1162109,22.8782016
WS005,1,1,164,未记录,一般水体,387841473,109.1163611,22.8782214
WS005,1,1,165,未记录,一般水体,387841473,109.1164041,22.8782016
WS005,1,1,166,未记录,一般水体,387841473,109.116447,22.8782411
WS005,1,1,167,未记录,一般水体,387841473,109.1165972,22.8782609
WS005,1,1,168,未记录,一般水体,387841473,109.1166937,22.8783499
WS005,1,1,169,未记录,一般水体,387841473,109.1167581,22.8784487
WS005,1,1,170,未记录,一般水体,387841473,109.1167152,22.8785278
WS005,1,1,171,未记录,一般水体,387841473,109.1167367,22.8786266
WS005,1,1,172,未记录,一般水体,387841473,109.1168547,22.8787551
WS005,1,1,173,未记录,一般水体,387841473,109.1170263,22.8787749
WS005,1,1,174,未记录,一般水体,387841473,109.1171122,22.8788342
WS005,1,1,175,未记录,一般水体,387841473,109.117198,22.8788342
WS005,1,1,176,未记录,一般水体,387841473,109.1172409,22.8789133
WS005,1,1,177,未记录,一般水体,387841473,109.1173053,22.8788935
WS005,1,1,178,未记录,一般水体,387841473,109.117316,22.878943
WS005,1,1,179,未记录,一般水体,387841473,109.1174126,22.8790319
WS005,1,1,180,未记录,一般水体,387841473,109.1174769,22.8790517
WS005,1,1,181,未记录,一般水体,387841473,109.1176057,22.8789528
WS005,1,1,182,未记录,一般水体,387841473,109.1176915,22.8789924
WS005,1,1,183,未记录,一般水体,387841473,109.1178203,22.8789924
WS005,1,1,184,未记录,一般水体,387841473,109.1179168,22.8789232
WS005,1,1,185,未记录,一般水体,387841473,109.1179168,22.8788639
WS005,1,1,186,未记录,一般水体,387841473,109.117949,22.8788342
WS005,1,1,187,未记录,一般水体,387841473,109.1180563,22.8788342
WS005,1,1,188,未记录,一般水体,387841473,109.1180992,22.8787947
WS005,1,1,189,未记录,一般水体,387841473,109.1183782,22.8788145
WS005,1,1,190,未记录,一般水体,387841473,109.1185284,22.8787947
WS005,1,1,191,未记录,一般水体,387841473,109.1186786,22.8788342
WS005,1,1,192,未记录,一般水体,387841473,109.1188073,22.8787354
WS005,1,1,193,未记录,一般水体,387841473,109.1189146,22.8787156
WS005,1,1,194,未记录,一般水体,387841473,109.1192043,22.8784487
WS005,1,1,195,未记录,一般水体,387841473,109.1192043,22.8783894
WS005,1,1,196,未记录,一般水体,387841473,109.1193438,22.8782214
WS005,1,1,197,未记录,一般水体,387841473,109.1197944,22.8780039
WS005,1,1,198,未记录,一般水体,387841473,109.1199017,22.8778853
WS005,1,1,199,未记录,一般水体,387841473,109.1200089,22.8778062
WS005,1,1,200,未记录,一般水体,387841473,109.1200304,22.877826
WS005,1,1,201,未记录,一般水体,387841473,109.1202664,22.8776283
WS006,1,1,1,未记录,一般水体,387841477,109.0870983,22.9767955
WS006,1,1,2,未记录,一般水体,387841477,109.0865574,22.9770516
WS006,1,1,3,未记录,一般水体,387841477,109.0858078,22.9770943
WS006,1,1,4,未记录,一般水体,387841477,109.0857306,22.9773148
WS006,1,1,5,未记录,一般水体,387841477,109.0857847,22.9775923
WS006,1,1,6,未记录,一般水体,387841477,109.0859392,22.9777701
WS006,1,1,7,未记录,一般水体,387841477,109.0860937,22.9777915
WS006,1,1,8,未记录,一般水体,387841477,109.0860319,22.9775567
WS006,1,1,9,未记录,一般水体,387841477,109.0861092,22.9774216
WS006,1,1,10,未记录,一般水体,387841477,109.0861865,22.9776279
WS006,1,1,11,未记录,一般水体,387841477,109.086426,22.9778199
WS006,1,1,12,未记录,一般水体,387841477,109.0865265,22.9779124
WS006,1,1,13,未记录,一般水体,387841477,109.0867119,22.9779124
WS006,1,1,14,未记录,一般水体,387841477,109.0867969,22.9777773
WS006,1,1,15,未记录,一般水体,387841477,109.0867969,22.9776777
WS006,1,1,16,未记录,一般水体,387841477,109.0869205,22.9776207
WS006,1,1,17,未记录,一般水体,387841477,109.0869669,22.9774998
WS006,1,1,18,未记录,一般水体,387841477,109.0873687,22.9774287
WS006,1,1,19,未记录,一般水体,387841477,109.0874692,22.9773575
WS006,1,1,20,未记录,一般水体,387841477,109.0874074,22.9772224
WS006,1,1,21,未记录,一般水体,387841477,109.0874846,22.9771726
WS006,1,1,22,未记录,一般水体,387841477,109.0874846,22.9770801
WS006,1,1,23,未记录,一般水体,387841477,109.0873301,22.9768524
WS006,1,1,24,未记录,一般水体,387841477,109.0870983,22.9767955
WS007,1,1,1,未记录,一般水体,387841480,109.0812477,22.9657626
WS007,1,1,2,未记录,一般水体,387841480,109.0806604,22.9656345
WS007,1,1,3,未记录,一般水体,387841480,109.0801812,22.9654281
WS007,1,1,4,未记录,一般水体,387841480,109.0799648,22.9657483
WS007,1,1,5,未记录,一般水体,387841480,109.0795939,22.9658337
WS007,1,1,6,未记录,一般水体,387841480,109.0795398,22.9659191
WS007,1,1,7,未记录,一般水体,387841480,109.0792229,22.9658195
WS007,1,1,8,未记录,一般水体,387841480,109.0789911,22.9658195
WS007,1,1,9,未记录,一般水体,387841480,109.0786896,22.965976
WS007,1,1,10,未记录,一般水体,387841480,109.0785273,22.9663318
WS007,1,1,11,未记录,一般水体,387841480,109.0783805,22.9663318
WS007,1,1,12,未记录,一般水体,387841480,109.0782878,22.9664386
WS007,1,1,13,未记录,一般水体,387841480,109.0783419,22.966652
WS007,1,1,14,未记录,一般水体,387841480,109.0782105,22.9667872
WS007,1,1,15,未记录,一般水体,387841480,109.0782337,22.966894
WS007,1,1,16,未记录,一般水体,387841480,109.0780327,22.9670576
WS007,1,1,17,未记录,一般水体,387841480,109.0780482,22.9671359
WS007,1,1,18,未记录,一般水体,387841480,109.0779632,22.9673565
WS007,1,1,19,未记录,一般水体,387841480,109.0780173,22.9675771
WS007,1,1,20,未记录,一般水体,387841480,109.0782337,22.967698
WS007,1,1,21,未记录,一般水体,387841480,109.0784655,22.9676909
WS007,1,1,22,未记录,一般水体,387841480,109.0789524,22.967883
WS007,1,1,23,未记录,一般水体,387841480,109.0791765,22.9680254
WS007,1,1,24,未记录,一般水体,387841480,109.0793852,22.9680111
WS007,1,1,25,未记录,一般水体,387841480,109.0794238,22.9677834
WS007,1,1,26,未记录,一般水体,387841480,109.0793234,22.9675842
WS007,1,1,27,未记录,一般水体,387841480,109.0790683,22.9676055
WS007,1,1,28,未记录,一般水体,387841480,109.0784887,22.9672142
WS007,1,1,29,未记录,一般水体,387841480,109.0785119,22.9669936
WS007,1,1,30,未记录,一般水体,387841480,109.0786974,22.9666378
WS007,1,1,31,未记录,一般水体,387841480,109.0787824,22.9663959
WS007,1,1,32,未记录,一般水体,387841480,109.0789756,22.9663532
WS007,1,1,33,未记录,一般水体,387841480,109.0790992,22.9662393
WS007,1,1,34,未记录,一般水体,387841480,109.079733,22.9664955
WS007,1,1,35,未记录,一般水体,387841480,109.0800808,22.9664314
WS007,1,1,36,未记录,一般水体,387841480,109.0803512,22.9666164
WS007,1,1,37,未记录,一般水体,387841480,109.0806527,22.9667018
WS007,1,1,38,未记录,一般水体,387841480,109.0807531,22.9665738
WS007,1,1,39,未记录,一般水体,387841480,109.0807995,22.9662607
WS007,1,1,40,未记录,一般水体,387841480,109.0809077,22.9660116
WS007,1,1,41,未记录,一般水体,387841480,109.0812477,22.9657626
WS008,1,1,1,未记录,一般水体,387841482,109.1152359,22.9345911
WS008,1,1,2,未记录,一般水体,387841482,109.1152282,22.9359644
WS008,1,1,3,未记录,一般水体,387841482,109.1167348,22.9360569
WS008,1,1,4,未记录,一般水体,387841482,109.1172679,22.9362419
WS008,1,1,5,未记录,一般水体,387841482,109.1175614,22.9361067
WS008,1,1,6,未记录,一般水体,387841482,109.1180714,22.9362205
WS008,1,1,7,未记录,一般水体,387841482,109.118365,22.9360996
WS008,1,1,8,未记录,一般水体,387841482,109.1191298,22.9360996
WS008,1,1,9,未记录,一般水体,387841482,109.1195471,22.9359857
WS008,1,1,10,未记录,一般水体,387841482,109.1198484,22.9360925
WS008,1,1,11,未记录,一般水体,387841482,109.1199874,22.9359715
WS008,1,1,12,未记录,一般水体,387841482,109.1206442,22.9360284
WS008,1,1,13,未记录,一般水体,387841482,109.1211695,22.936128
WS008,1,1,14,未记录,一般水体,387841482,109.1213859,22.9360925
WS008,1,1,15,未记录,一般水体,387841482,109.122143,22.9364625
WS008,1,1,16,未记录,一般水体,387841482,109.1223285,22.9363913
WS008,1,1,17,未记录,一般水体,387841482,109.1224984,22.9364482
WS008,1,1,18,未记录,一般水体,387841482,109.1223439,22.9367186
WS008,1,1,19,未记录,一般水体,387841482,109.1227302,22.93674
WS008,1,1,20,未记录,一般水体,387841482,109.1227843,22.9364553
WS008,1,1,21,未记录,一般水体,387841482,109.1230547,22.9364055
WS008,1,1,22,未记录,一般水体,387841482,109.1231938,22.9363059
WS008,1,1,23,未记录,一般水体,387841482,109.1233406,22.9363842
WS008,1,1,24,未记录,一般水体,387841482,109.1232633,22.936
WS008,1,1,25,未记录,一般水体,387841482,109.1231242,22.9359146
WS008,1,1,26,未记录,一般水体,387841482,109.1230393,22.9357225
WS008,1,1,27,未记录,一般水体,387841482,109.1227688,22.9355659
WS008,1,1,28,未记录,一般水体,387841482,109.122398,22.9353382
WS008,1,1,29,未记录,一般水体,387841482,109.1217567,22.9351817
WS008,1,1,30,未记录,一般水体,387841482,109.121185,22.93526
WS008,1,1,31,未记录,一般水体,387841482,109.1206287,22.9349682
WS008,1,1,32,未记录,一般水体,387841482,109.1202888,22.9349896
WS008,1,1,33,未记录,一般水体,387841482,109.1200029,22.9351959
WS008,1,1,34,未记录,一般水体,387841482,109.1198175,22.9355802
WS008,1,1,35,未记录,一般水体,387841482,109.119632,22.9355802
WS008,1,1,36,未记录,一般水体,387841482,109.1191067,22.9352671
WS008,1,1,37,未记录,一般水体,387841482,109.1187049,22.9353311
WS008,1,1,38,未记录,一般水体,387841482,109.1185272,22.9352671
WS008,1,1,39,未记录,一般水体,387841482,109.1180636,22.9350181
WS008,1,1,40,未记录,一般水体,387841482,109.1176155,22.9348971
WS008,1,1,41,未记录,一般水体,387841482,109.1174687,22.9345769
WS008,1,1,42,未记录,一般水体,387841482,109.1169743,22.9344204
WS008,1,1,43,未记录,一般水体,387841482,109.1168197,22.9343136
WS008,1,1,44,未记录,一般水体,387841482,109.1166575,22.9343065
WS008,1,1,45,未记录,一般水体,387841482,109.1165802,22.934214
WS008,1,1,46,未记录,一般水体,387841482,109.116333,22.9341998
WS008,1,1,47,未记录,一般水体,387841482,109.1162712,22.9343279
WS008,1,1,48,未记录,一般水体,387841482,109.116248,22.9345627
WS008,1,1,49,未记录,一般水体,387841482,109.1158308,22.9343563
WS008,1,1,50,未记录,一般水体,387841482,109.1152359,22.9345911
WS009,1,1,1,未记录,一般水体,387841486,109.1174997,22.9245863
WS009,1,1,2,未记录,一般水体,387841486,109.1180559,22.9242518
WS009,1,1,3,未记录,一般水体,387841486,109.1185427,22.9236826
WS009,1,1,4,未记录,一般水体,387841486,109.1186972,22.9230563
WS009,1,1,5,未记录,一般水体,387841486,109.1189213,22.9228002
WS009,1,1,6,未记录,一般水体,387841486,109.1196012,22.9225013
WS009,1,1,7,未记录,一般水体,387841486,109.120057,22.9221028
WS009,1,1,8,未记录,一般水体,387841486,109.1202115,22.921868
WS009,1,1,9,未记录,一般水体,387841486,109.120482,22.9219107
WS009,1,1,10,未记录,一般水体,387841486,109.1208837,22.9221668
WS009,1,1,11,未记录,一般水体,387841486,109.1210073,22.9220174
WS009,1,1,12,未记录,一般水体,387841486,109.1207833,22.9217968
WS009,1,1,13,未记录,一般水体,387841486,109.1205592,22.9213627
WS009,1,1,14,未记录,一般水体,387841486,109.1206828,22.9209998
WS009,1,1,15,未记录,一般水体,387841486,109.1205901,22.9207223
WS009,1,1,16,未记录,一般水体,387841486,109.1204124,22.9211065
WS009,1,1,17,未记录,一般水体,387841486,109.1204124,22.9214197
WS009,1,1,18,未记录,一般水体,387841486,109.1206133,22.9217114
WS009,1,1,19,未记录,一般水体,387841486,109.1199102,22.9215691
WS009,1,1,20,未记录,一般水体,387841486,109.1194467,22.9216545
WS009,1,1,21,未记录,一般水体,387841486,109.1189676,22.9219818
WS009,1,1,22,未记录,一般水体,387841486,109.1188749,22.9223092
WS009,1,1,23,未记录,一般水体,387841486,109.1184345,22.922665
WS009,1,1,24,未记录,一般水体,387841486,109.1182723,22.9225867
WS009,1,1,25,未记录,一般水体,387841486,109.1182414,22.9221882
WS009,1,1,26,未记录,一般水体,387841486,109.1180173,22.9220601
WS009,1,1,27,未记录,一般水体,387841486,109.11811,22.9219035
WS009,1,1,28,未记录,一般水体,387841486,109.1179323,22.9218466
WS009,1,1,29,未记录,一般水体,387841486,109.1175074,22.9224017
WS009,1,1,30,未记录,一般水体,387841486,109.1170593,22.9225867
WS009,1,1,31,未记录,一般水体,387841486,109.116897,22.9227717
WS009,1,1,32,未记录,一般水体,387841486,109.1164412,22.9227005
WS009,1,1,33,未记录,一般水体,387841486,109.1163948,22.9228571
WS009,1,1,34,未记录,一般水体,387841486,109.116503,22.923099
WS009,1,1,35,未记录,一般水体,387841486,109.1164257,22.9232556
WS009,1,1,36,未记录,一般水体,387841486,109.116163,22.923647
WS009,1,1,37,未记录,一般水体,387841486,109.1154909,22.9239103
WS009,1,1,38,未记录,一般水体,387841486,109.1155295,22.9244867
WS009,1,1,39,未记录,一般水体,387841486,109.115375,22.9248923
WS009,1,1,40,未记录,一般水体,387841486,109.1156222,22.9250702
WS009,1,1,41,未记录,一般水体,387841486,109.1165416,22.9254971
WS009,1,1,42,未记录,一般水体,387841486,109.1169588,22.9252908
WS009,1,1,43,未记录,一般水体,387841486,109.1175383,22.9255683
WS009,1,1,44,未记录,一般水体,387841486,109.1181564,22.9255185
WS009,1,1,45,未记录,一般水体,387841486,109.1185891,22.9256252
WS009,1,1,46,未记录,一般水体,387841486,109.1187668,22.9256181
WS009,1,1,47,未记录,一般水体,387841486,109.1189522,22.9253406
WS009,1,1,48,未记录,一般水体,387841486,109.1187513,22.9251413
WS009,1,1,49,未记录,一般水体,387841486,109.1179478,22.9252196
WS009,1,1,50,未记录,一般水体,387841486,109.1175074,22.9247713
WS009,1,1,51,未记录,一般水体,387841486,109.1174997,22.9245863
WS010,1,1,1,未记录,一般水体,387841491,109.0571882,22.8989912
WS010,1,1,2,未记录,一般水体,387841491,109.0563994,22.8988416
WS010,1,1,3,未记录,一般水体,387841491,109.0561056,22.898984
WS010,1,1,4,未记录,一般水体,387841491,109.0557112,22.8990268
WS010,1,1,5,未记录,一般水体,387841491,109.0553787,22.8989912
WS010,1,1,6,未记录,一般水体,387841491,109.0552937,22.899155
WS010,1,1,7,未记录,一般水体,387841491,109.0552859,22.8995682
WS010,1,1,8,未记录,一般水体,387841491,109.0548452,22.8999101
WS010,1,1,9,未记录,一般水体,387841491,109.0545977,22.9000953
WS010,1,1,10,未记录,一般水体,387841491,109.0543116,22.9003802
WS010,1,1,11,未记录,一般水体,387841491,109.0537394,22.9004087
WS010,1,1,12,未记录,一般水体,387841491,109.0529275,22.9002449
WS010,1,1,13,未记录,一般水体,387841491,109.0526645,22.900309
WS010,1,1,14,未记录,一般水体,387841491,109.0526568,22.9007364
WS010,1,1,15,未记录,一般水体,387841491,109.0523243,22.9009999
WS010,1,1,16,未记录,一般水体,387841491,109.0523552,22.9011566
WS010,1,1,17,未记录,一般水体,387841491,109.0528501,22.9011994
WS010,1,1,18,未记录,一般水体,387841491,109.0530512,22.9013775
WS010,1,1,19,未记录,一般水体,387841491,109.0532136,22.9017122
WS010,1,1,20,未记录,一般水体,387841491,109.0534455,22.9016054
WS010,1,1,21,未记录,一般水体,387841491,109.0534842,22.9013276
WS010,1,1,22,未记录,一般水体,387841491,109.0539946,22.9009786
WS010,1,1,23,未记录,一般水体,387841491,109.0547446,22.900715
WS010,1,1,24,未记录,一般水体,387841491,109.0553014,22.9004657
WS010,1,1,25,未记录,一般水体,387841491,109.055719,22.900715
WS010,1,1,26,未记录,一般水体,387841491,109.0558118,22.9010142
WS010,1,1,27,未记录,一般水体,387841491,109.0556803,22.9012777
WS010,1,1,28,未记录,一般水体,387841491,109.0553633,22.9015057
WS010,1,1,29,未记录,一般水体,387841491,109.0553942,22.9017407
WS010,1,1,30,未记录,一般水体,387841491,109.0555643,22.9018761
WS010,1,1,31,未记录,一般水体,387841491,109.0560205,22.9020827
WS010,1,1,32,未记录,一般水体,387841491,109.056353,22.9020185
WS010,1,1,33,未记录,一般水体,387841491,109.0564536,22.9018832
WS010,1,1,34,未记录,一般水体,387841491,109.0565618,22.9014558
WS010,1,1,35,未记录,一般水体,387841491,109.0566856,22.9006366
WS010,1,1,36,未记录,一般水体,387841491,109.0566701,22.9005227
WS010,1,1,37,未记录,一般水体,387841491,109.0565232,22.9004443
WS010,1,1,38,未记录,一般水体,387841491,109.0563298,22.9002306
WS010,1,1,39,未记录,一般水体,387841491,109.0561133,22.9000668
WS010,1,1,40,未记录,一般水体,387841491,109.0561365,22.8999742
WS010,1,1,41,未记录,一般水体,387841491,109.0563376,22.8997961
WS010,1,1,42,未记录,一般水体,387841491,109.0567629,22.8997035
WS010,1,1,43,未记录,一般水体,387841491,109.0571263,22.899789
WS010,1,1,44,未记录,一般水体,387841491,109.0576444,22.9002164
WS010,1,1,45,未记录,一般水体,387841491,109.0581702,22.9008646
WS010,1,1,46,未记录,一般水体,387841491,109.0585027,22.9014202
WS010,1,1,47,未记录,一般水体,387841491,109.0587038,22.9013917
WS010,1,1,48,未记录,一般水体,387841491,109.0589744,22.9011923
WS010,1,1,49,未记录,一般水体,387841491,109.0589358,22.9009073
WS010,1,1,50,未记录,一般水体,387841491,109.0587038,22.9004087
WS010,1,1,51,未记录,一般水体,387841491,109.0582708,22.8999029
WS010,1,1,52,未记录,一般水体,387841491,109.0578996,22.8996323
WS010,1,1,53,未记录,一般水体,387841491,109.0573196,22.8990624
WS010,1,1,54,未记录,一般水体,387841491,109.0571882,22.8989912
WS011,1,1,1,未记录,一般水体,387841501,109.1146016,22.8818985
WS011,1,1,2,未记录,一般水体,387841501,109.1146231,22.8819182
WS011,1,1,3,未记录,一般水体,387841501,109.1149235,22.8819776
WS011,1,1,4,未记录,一般水体,387841501,109.1150951,22.8819578
WS011,1,1,5,未记录,一般水体,387841501,109.1151702,22.8818886
WS011,1,1,6,未记录,一般水体,387841501,109.1151702,22.8818293
WS011,1,1,7,未记录,一般水体,387841501,109.1152775,22.8817304
WS011,1,1,8,未记录,一般水体,387841501,109.1152775,22.8816514
WS011,1,1,9,未记录,一般水体,387841501,109.1155994,22.8810978
WS011,1,1,10,未记录,一般水体,387841501,109.1155994,22.8810385
WS011,1,1,11,未记录,一般水体,387841501,109.1157281,22.8809199
WS011,1,1,12,未记录,一般水体,387841501,109.1157067,22.8808408
WS011,1,1,13,未记录,一般水体,387841501,109.1157281,22.8807815
WS011,1,1,14,未记录,一般水体,387841501,109.1158247,22.8807321
WS011,1,1,15,未记录,一般水体,387841501,109.1159105,22.8807321
WS011,1,1,16,未记录,一般水体,387841501,109.1159856,22.8806629
WS011,1,1,17,未记录,一般水体,387841501,109.1159427,22.8806036
WS011,1,1,18,未记录,一般水体,387841501,109.1159427,22.8804652
WS011,1,1,19,未记录,一般水体,387841501,109.1158998,22.8804059
WS011,1,1,20,未记录,一般水体,387841501,109.1158247,22.8803367
WS011,1,1,21,未记录,一般水体,387841501,109.1157603,22.8803367
WS011,1,1,22,未记录,一般水体,387841501,109.115653,22.8802576
WS011,1,1,23,未记录,一般水体,387841501,109.1155672,22.8801192
WS011,1,1,24,未记录,一般水体,387841501,109.1152883,22.8800995
WS011,1,1,25,未记录,一般水体,387841501,109.1151381,22.8801192
WS011,1,1,26,未记录,一般水体,387841501,109.1150951,22.8800797
WS011,1,1,27,未记录,一般水体,387841501,109.1148376,22.8800402
WS011,1,1,28,未记录,一般水体,387841501,109.1146982,22.8799512
WS011,1,1,29,未记录,一般水体,387841501,109.1146123,22.8798326
WS011,1,1,30,未记录,一般水体,387841501,109.1145694,22.8796744
WS011,1,1,31,未记录,一般水体,387841501,109.1145265,22.8796547
WS011,1,1,32,未记录,一般水体,387841501,109.1145051,22.8793779
WS011,1,1,33,未记录,一般水体,387841501,109.1144192,22.8792988
WS011,1,1,34,未记录,一般水体,387841501,109.1145051,22.8791802
WS011,1,1,35,未记录,一般水体,387841501,109.1145051,22.8791011
WS011,1,1,36,未记录,一般水体,387841501,109.1143441,22.8788738
WS011,1,1,37,未记录,一般水体,387841501,109.1142368,22.8788342
WS011,1,1,38,未记录,一般水体,387841501,109.1138077,22.8790319
WS011,1,1,39,未记录,一般水体,387841501,109.1137326,22.8791011
WS011,1,1,40,未记录,一般水体,387841501,109.1137755,22.8791604
WS011,1,1,41,未记录,一般水体,387841501,109.1137969,22.8793384
WS011,1,1,42,未记录,一般水体,387841501,109.1138399,22.8793779
WS011,1,1,43,未记录,一般水体,387841501,109.1138184,22.8796547
WS011,1,1,44,未记录,一般水体,387841501,109.1137755,22.879714
WS011,1,1,45,未记录,一般水体,387841501,109.113754,22.8798326
WS011,1,1,46,未记录,一般水体,387841501,109.1136253,22.8800105
WS011,1,1,47,未记录,一般水体,387841501,109.1133034,22.8802675
WS011,1,1,48,未记录,一般水体,387841501,109.113282,22.8803466
WS011,1,1,49,未记录,一般水体,387841501,109.1133463,22.8804257
WS011,1,1,50,未记录,一般水体,387841501,109.1133249,22.8805443
WS011,1,1,51,未记录,一般水体,387841501,109.1133893,22.8806629
WS011,1,1,52,未记录,一般水体,387841501,109.1136038,22.8808211
WS011,1,1,53,未记录,一般水体,387841501,109.1136253,22.8812164
WS011,1,1,54,未记录,一般水体,387841501,109.1135395,22.8814932
WS011,1,1,55,未记录,一般水体,387841501,109.1135609,22.8815327
WS011,1,1,56,未记录,一般水体,387841501,109.1136575,22.8816217
WS011,1,1,57,未记录,一般水体,387841501,109.1139364,22.8816415
WS011,1,1,58,未记录,一般水体,387841501,109.1143012,22.8818392
WS011,1,1,59,未记录,一般水体,387841501,109.1146016,22.8818985
WS012,1,1,1,未记录,一般水体,387841512,109.1286676,22.8921419
WS012,1,1,2,未记录,一般水体,387841512,109.129131,22.8896305
WS012,1,1,3,未记录,一般水体,387841512,109.1286985,22.8896376
WS012,1,1,4,未记录,一般水体,387841512,109.1280112,22.889723
WS012,1,1,5,未记录,一般水体,387841512,109.1278104,22.889787
WS012,1,1,6,未记录,一般水体,387841512,109.1270768,22.8916155
WS012,1,1,7,未记录,一般水体,387841512,109.1284205,22.8920992
WS012,1,1,8,未记录,一般水体,387841512,109.1286676,22.8921419
WS013,1,1,1,未记录,一般水体,387841513,109.1302276,22.8924265
WS013,1,1,2,未记录,一般水体,387841513,109.1296562,22.8924763
WS013,1,1,3,未记录,一般水体,387841513,109.1289611,22.8924265
WS013,1,1,4,未记录,一般水体,387841513,109.1287449,22.8924336
WS013,1,1,5,未记录,一般水体,387841513,109.1286599,22.8932874
WS013,1,1,6,未记录,一般水体,387841513,109.1296793,22.8930668
WS013,1,1,7,未记录,一般水体,387841513,109.1302276,22.892583
WS013,1,1,8,未记录,一般水体,387841513,109.1302276,22.8924265
WS014,1,1,1,未记录,一般水体,387841514,109.1286445,22.8922629
WS014,1,1,2,未记录,一般水体,387841514,109.1270073,22.8917364
WS014,1,1,3,未记录,一般水体,387841514,109.126374,22.8932945
WS014,1,1,4,未记录,一般水体,387841514,109.1272467,22.8939205
WS014,1,1,5,未记录,一般水体,387841514,109.1276174,22.8933941
WS014,1,1,6,未记录,一般水体,387841514,109.1285055,22.8932447
WS014,1,1,7,未记录,一般水体,387841514,109.1285904,22.8925332
WS014,1,1,8,未记录,一般水体,387841514,109.1286445,22.8922629
WS015,1,1,1,未记录,水库,387841515,109.0589356,22.9874557
WS015,1,1,2,未记录,水库,387841515,109.0587811,22.9875411
WS015,1,1,3,未记录,水库,387841515,109.058356,22.9876194
WS015,1,1,4,未记录,水库,387841515,109.0581782,22.9877474
WS015,1,1,5,未记录,水库,387841515,109.0577145,22.9877688
WS015,1,1,6,未记录,水库,387841515,109.0574672,22.9875553
WS015,1,1,7,未记录,水库,387841515,109.0575058,22.9871782
WS015,1,1,8,未记录,水库,387841515,109.0573822,22.9871853
WS015,1,1,9,未记录,水库,387841515,109.0572585,22.9874486
WS015,1,1,10,未记录,水库,387841515,109.0570344,22.987598
WS015,1,1,11,未记录,水库,387841515,109.0566943,22.9877403
WS015,1,1,12,未记录,水库,387841515,109.0560683,22.9876976
WS015,1,1,13,未记录,水库,387841515,109.0557669,22.9878684
WS015,1,1,14,未记录,水库,387841515,109.0554732,22.9883166
WS015,1,1,15,未记录,水库,387841515,109.0549785,22.9889143
WS015,1,1,16,未记录,水库,387841515,109.0543911,22.988957
WS015,1,1,17,未记录,水库,387841515,109.0542598,22.989021
WS015,1,1,18,未记录,水库,387841515,109.0538879,22.9888637
WS015,1,1,19,未记录,水库,387841515,109.0538594,22.9891906
WS015,1,1,20,未记录,水库,387841515,109.0541129,22.9893198
WS015,1,1,21,未记录,水库,387841515,109.0541747,22.9894337
WS015,1,1,22,未记录,水库,387841515,109.0538733,22.9894408
WS015,1,1,23,未记录,水库,387841515,109.0537574,22.9896613
WS015,1,1,24,未记录,水库,387841515,109.0540047,22.9901096
WS015,1,1,25,未记录,水库,387841515,109.0540974,22.9906503
WS015,1,1,26,未记录,水库,387841515,109.0541979,22.9903444
WS015,1,1,27,未记录,水库,387841515,109.0542134,22.989704
WS015,1,1,28,未记录,水库,387841515,109.054368,22.9895902
WS015,1,1,29,未记录,水库,387841515,109.054453,22.9894337
WS015,1,1,30,未记录,水库,387841515,109.0547853,22.9897823
WS015,1,1,31,未记录,水库,387841515,109.0550558,22.9898463
WS015,1,1,32,未记录,水库,387841515,109.0551563,22.9900242
WS015,1,1,33,未记录,水库,387841515,109.0549708,22.9904298
WS015,1,1,34,未记录,水库,387841515,109.0551408,22.990693
WS015,1,1,35,未记录,水库,387841515,109.0558132,22.9910985
WS015,1,1,36,未记录,水库,387841515,109.0560451,22.9907215
WS015,1,1,37,未记录,水库,387841515,109.0564547,22.9905436
WS015,1,1,38,未记录,水库,387841515,109.0565938,22.9908282
WS015,1,1,39,未记录,水库,387841515,109.0571348,22.9912978
WS015,1,1,40,未记录,水库,387841515,109.0579464,22.9917887
WS015,1,1,41,未记录,水库,387841515,109.0583096,22.991995
WS015,1,1,42,未记录,水库,387841515,109.0586729,22.9919879
WS015,1,1,43,未记录,水库,387841515,109.0590438,22.9921017
WS015,1,1,44,未记录,水库,387841515,109.0587038,22.9918598
WS015,1,1,45,未记录,水库,387841515,109.0583328,22.9917887
WS015,1,1,46,未记录,水库,387841515,109.0580932,22.991497
WS015,1,1,47,未记录,水库,387841515,109.0574672,22.9910345
WS015,1,1,48,未记录,水库,387841515,109.0573976,22.9908566
WS015,1,1,49,未记录,水库,387841515,109.0576836,22.9907143
WS015,1,1,50,未记录,水库,387841515,109.0572894,22.9901736
WS015,1,1,51,未记录,水库,387841515,109.0571039,22.9902163
WS015,1,1,52,未记录,水库,387841515,109.055991,22.9902732
WS015,1,1,53,未记录,水库,387841515,109.0556587,22.9901096
WS015,1,1,54,未记录,水库,387841515,109.0554809,22.9897823
WS015,1,1,55,未记录,水库,387841515,109.055535,22.9895617
WS015,1,1,56,未记录,水库,387841515,109.055535,22.9894123
WS015,1,1,57,未记录,水库,387841515,109.0553804,22.9892416
WS015,1,1,58,未记录,水库,387841515,109.0554036,22.9891206
WS015,1,1,59,未记录,水库,387841515,109.0556664,22.9890281
WS015,1,1,60,未记录,水库,387841515,109.055906,22.9890993
WS015,1,1,61,未记录,水库,387841515,109.0562229,22.9889854
WS015,1,1,62,未记录,水库,387841515,109.0564083,22.9887791
WS015,1,1,63,未记录,水库,387841515,109.056617,22.9887293
WS015,1,1,64,未记录,水库,387841515,109.0565397,22.9886581
WS015,1,1,65,未记录,水库,387841515,109.0562538,22.9887364
WS015,1,1,66,未记录,水库,387841515,109.0560683,22.9888076
WS015,1,1,67,未记录,水库,387841515,109.0558132,22.9883095
WS015,1,1,68,未记录,水库,387841515,109.055906,22.9881174
WS015,1,1,69,未记录,水库,387841515,109.0560915,22.9879538
WS015,1,1,70,未记录,水库,387841515,109.0563079,22.9879466
WS015,1,1,71,未记录,水库,387841515,109.056617,22.988032
WS015,1,1,72,未记录,水库,387841515,109.0570807,22.9879965
WS015,1,1,73,未记录,水库,387841515,109.0572276,22.9881388
WS015,1,1,74,未记录,水库,387841515,109.0575599,22.9880463
WS015,1,1,75,未记录,水库,387841515,109.0579464,22.9880036
WS015,1,1,76,未记录,水库,387841515,109.0585337,22.988032
WS015,1,1,77,未记录,水库,387841515,109.0589356,22.9874557
WS016,1,1,1,未记录,一般水体,387841517,109.1305829,22.8919143
WS016,1,1,2,未记录,一般水体,387841517,109.1293627,22.8914732
WS016,1,1,3,未记录,一般水体,387841517,109.1289225,22.8914447
WS016,1,1,4,未记录,一般水体,387841517,109.1287758,22.89227
WS016,1,1,5,未记录,一般水体,387841517,109.12927,22.8923411
WS016,1,1,6,未记录,一般水体,387841517,109.1293936,22.8922913
WS016,1,1,7,未记录,一般水体,387841517,109.1295171,22.8923554
WS016,1,1,8,未记录,一般水体,387841517,109.1302508,22.892334
WS016,1,1,9,未记录,一般水体,387841517,109.1305829,22.8919143
WS017,1,1,1,未记录,一般水体,387841519,109.1040766,22.8823631
WS017,1,1,2,未记录,一般水体,387841519,109.1042054,22.8820863
WS017,1,1,3,未记录,一般水体,387841519,109.1042912,22.8819677
WS017,1,1,4,未记录,一般水体,387841519,109.1044414,22.8815723
WS017,1,1,5,未记录,一般水体,387841519,109.1045916,22.8813746
WS017,1,1,6,未记录,一般水体,387841519,109.104774,22.8812461
WS017,1,1,7,未记录,一般水体,387841519,109.1048813,22.8812461
WS017,1,1,8,未记录,一般水体,387841519,109.1049457,22.8812066
WS017,1,1,9,未记录,一般水体,387841519,109.105289,22.8812263
WS017,1,1,10,未记录,一般水体,387841519,109.1053534,22.881167
WS017,1,1,11,未记录,一般水体,387841519,109.1054177,22.881167
WS017,1,1,12,未记录,一般水体,387841519,109.1054606,22.8812066
WS017,1,1,13,未记录,一般水体,387841519,109.1055679,22.8812066
WS017,1,1,14,未记录,一般水体,387841519,109.1056859,22.8812757
WS017,1,1,15,未记录,一般水体,387841519,109.1057181,22.8814042
WS017,1,1,16,未记录,一般水体,387841519,109.1058254,22.8814438
WS017,1,1,17,未记录,一般水体,387841519,109.1059327,22.8815624
WS017,1,1,18,未记录,一般水体,387841519,109.1060507,22.8816118
WS017,1,1,19,未记录,一般水体,387841519,109.1060293,22.8817107
WS017,1,1,20,未记录,一般水体,387841519,109.1060615,22.8817403
WS017,1,1,21,未记录,一般水体,387841519,109.1061795,22.8816514
WS017,1,1,22,未记录,一般水体,387841519,109.1062438,22.8815525
WS017,1,1,23,未记录,一般水体,387841519,109.106276,22.881424
WS017,1,1,24,未记录,一般水体,387841519,109.1064048,22.8814438
WS017,1,1,25,未记录,一般水体,387841519,109.106437,22.8814141
WS017,1,1,26,未记录,一般水体,387841519,109.1063511,22.8811176
WS017,1,1,27,未记录,一般水体,387841519,109.1064584,22.8810187
WS017,1,1,28,未记录,一般水体,387841519,109.1064584,22.8808804
WS017,1,1,29,未记录,一般水体,387841519,109.1063941,22.8808211
WS017,1,1,30,未记录,一般水体,387841519,109.1064155,22.880742
WS017,1,1,31,未记录,一般水体,387841519,109.1063941,22.8806431
WS017,1,1,32,未记录,一般水体,387841519,109.1062653,22.8803071
WS017,1,1,33,未记录,一般水体,387841519,109.1062224,22.8800501
WS017,1,1,34,未记录,一般水体,387841519,109.1061151,22.8799512
WS017,1,1,35,未记录,一般水体,387841519,109.1061151,22.8798524
WS017,1,1,36,未记录,一般水体,387841519,109.1059971,22.8797436
WS017,1,1,37,未记录,一般水体,387841519,109.105804,22.8797634
WS017,1,1,38,未记录,一般水体,387841519,109.1055465,22.8796645
WS017,1,1,39,未记录,一般水体,387841519,109.1054821,22.8796052
WS017,1,1,40,未记录,一般水体,387841519,109.1052675,22.879625
WS017,1,1,41,未记录,一般水体,387841519,109.1051602,22.8795657
WS017,1,1,42,未记录,一般水体,387841519,109.1051173,22.8796052
WS017,1,1,43,未记录,一般水体,387841519,109.10501,22.8795855
WS017,1,1,44,未记录,一般水体,387841519,109.1049671,22.8796448
WS017,1,1,45,未记录,一般水体,387841519,109.1047955,22.8796448
WS017,1,1,46,未记录,一般水体,387841519,109.1046238,22.8795657
WS017,1,1,47,未记录,一般水体,387841519,109.1044521,22.8795855
WS017,1,1,48,未记录,一般水体,387841519,109.1043878,22.8795459
WS017,1,1,49,未记录,一般水体,387841519,109.1041517,22.8795657
WS017,1,1,50,未记录,一般水体,387841519,109.1041088,22.8795459
WS017,1,1,51,未记录,一般水体,387841519,109.1039908,22.8796349
WS017,1,1,52,未记录,一般水体,387841519,109.1039693,22.879714
WS017,1,1,53,未记录,一般水体,387841519,109.1038406,22.8798919
WS017,1,1,54,未记录,一般水体,387841519,109.1037977,22.8800303
WS017,1,1,55,未记录,一般水体,387841519,109.103508,22.8803565
WS017,1,1,56,未记录,一般水体,387841519,109.1033363,22.8803762
WS017,1,1,57,未记录,一般水体,387841519,109.103272,22.8804356
WS017,1,1,58,未记录,一般水体,387841519,109.1031432,22.8804751
WS017,1,1,59,未记录,一般水体,387841519,109.1030145,22.8804949
WS017,1,1,60,未记录,一般水体,387841519,109.1029286,22.8804751
WS017,1,1,61,未记录,一般水体,387841519,109.1025639,22.8805542
WS017,1,1,62,未记录,一般水体,387841519,109.1022849,22.8808112
WS017,1,1,63,未记录,一般水体,387841519,109.1020489,22.8808507
WS017,1,1,64,未记录,一般水体,387841519,109.1018987,22.8809891
WS017,1,1,65,未记录,一般水体,387841519,109.1017592,22.880999
WS017,1,1,66,未记录,一般水体,387841519,109.1017592,22.8811571
WS017,1,1,67,未记录,一般水体,387841519,109.1018236,22.8812164
WS017,1,1,68,未记录,一般水体,387841519,109.1018665,22.8813944
WS017,1,1,69,未记录,一般水体,387841519,109.1019952,22.8815921
WS017,1,1,70,未记录,一般水体,387841519,109.1019952,22.8816711
WS017,1,1,71,未记录,一般水体,387841519,109.1021562,22.8818392
WS017,1,1,72,未记录,一般水体,387841519,109.1022635,22.8818589
WS017,1,1,73,未记录,一般水体,387841519,109.1023278,22.8819182
WS017,1,1,74,未记录,一般水体,387841519,109.1024566,22.8819776
WS017,1,1,75,未记录,一般水体,387841519,109.1025424,22.8819776
WS017,1,1,76,未记录,一般水体,387841519,109.1026282,22.8820369
WS017,1,1,77,未记录,一般水体,387841519,109.1029501,22.8820566
WS017,1,1,78,未记录,一般水体,387841519,109.1033578,22.8822346
WS017,1,1,79,未记录,一般水体,387841519,109.1034329,22.8823037
WS017,1,1,80,未记录,一般水体,387841519,109.1034758,22.8824224
WS017,1,1,81,未记录,一般水体,387841519,109.1035402,22.8824817
WS017,1,1,82,未记录,一般水体,387841519,109.1035616,22.8827387
WS017,1,1,83,未记录,一般水体,387841519,109.1036367,22.8827881
WS017,1,1,84,未记录,一般水体,387841519,109.1040659,22.8827485
WS017,1,1,85,未记录,一般水体,387841519,109.1041195,22.8826991
WS017,1,1,86,未记录,一般水体,387841519,109.1040766,22.8823631
WS018,1,1,1,青年水库,水库,387841521,109.1078424,22.8881157
WS018,1,1,2,青年水库,水库,387841521,109.1074133,22.8889065
WS018,1,1,3,青年水库,水库,387841521,109.1073275,22.88946
WS018,1,1,4,青年水库,水库,387841521,109.1069841,22.8899344
WS018,1,1,5,青年水库,水库,387841521,109.1070271,22.8901321
WS018,1,1,6,青年水库,水库,387841521,109.1077995,22.890053
WS018,1,1,7,青年水库,水库,387841521,109.1082287,22.8902111
WS018,1,1,8,青年水库,水库,387841521,109.1088295,22.8902902
WS018,1,1,9,青年水库,水库,387841521,109.1089153,22.8902111
WS018,1,1,10,青年水库,水库,387841521,109.1092587,22.8902111
WS018,1,1,11,青年水库,水库,387841521,109.1096878,22.8898158
WS018,1,1,12,青年水库,水库,387841521,109.1099453,22.8898158
WS018,1,1,13,青年水库,水库,387841521,109.1102886,22.890053
WS018,1,1,14,青年水库,水库,387841521,109.1105461,22.890053
WS018,1,1,15,青年水库,水库,387841521,109.1108036,22.8902111
WS018,1,1,16,青年水库,水库,387841521,109.1126919,22.8901321
WS018,1,1,17,青年水库,水库,387841521,109.1127777,22.890053
WS018,1,1,18,青年水库,水库,387841521,109.1133785,22.890053
WS018,1,1,19,青年水库,水库,387841521,109.1135502,22.8898158
WS018,1,1,20,青年水库,水库,387841521,109.1138077,22.8898949
WS018,1,1,21,青年水库,水库,387841521,109.1138935,22.8898158
WS018,1,1,22,青年水库,水库,387841521,109.1145802,22.8897367
WS018,1,1,23,青年水库,水库,387841521,109.1148806,22.889539
WS018,1,1,24,青年水库,水库,387841521,109.1148806,22.8893809
WS018,1,1,25,青年水库,水库,387841521,109.1150093,22.8892623
WS018,1,1,26,青年水库,水库,387841521,109.1153526,22.8892623
WS018,1,1,27,青年水库,水库,387841521,109.1154814,22.8893809
WS018,1,1,28,青年水库,水库,387841521,109.1154814,22.889539
WS018,1,1,29,青年水库,水库,387841521,109.1159534,22.8899739
WS018,1,1,30,青年水库,水库,387841521,109.1162109,22.8898158
WS018,1,1,31,青年水库,水库,387841521,109.1163826,22.8898158
WS018,1,1,32,青年水库,水库,387841521,109.1164684,22.8898949
WS018,1,1,33,青年水库,水库,387841521,109.1166401,22.8898949
WS018,1,1,34,青年水库,水库,387841521,109.1168118,22.890053
WS018,1,1,35,青年水库,水库,387841521,109.1171551,22.890053
WS018,1,1,36,青年水库,水库,387841521,109.1172409,22.8901321
WS018,1,1,37,青年水库,水库,387841521,109.1174984,22.8901321
WS018,1,1,38,青年水库,水库,387841521,109.1180134,22.8898949
WS018,1,1,39,青年水库,水库,387841521,109.1185284,22.8898949
WS018,1,1,40,青年水库,水库,387841521,109.1188717,22.890053
WS018,1,1,41,青年水库,水库,387841521,109.1190434,22.890053
WS018,1,1,42,青年水库,水库,387841521,109.119215,22.8902111
WS018,1,1,43,青年水库,水库,387841521,109.1196442,22.8902111
WS018,1,1,44,青年水库,水库,387841521,109.1199017,22.890053
WS018,1,1,45,青年水库,水库,387841521,109.1203308,22.890053
WS018,1,1,46,青年水库,水库,387841521,109.1205883,22.8898949
WS018,1,1,47,青年水库,水库,387841521,109.1209316,22.8901321
WS018,1,1,48,青年水库,水库,387841521,109.1211033,22.8901321
WS018,1,1,49,青年水库,水库,387841521,109.1213179,22.8903297
WS018,1,1,50,青年水库,水库,387841521,109.121232,22.8904088
WS018,1,1,51,青年水库,水库,387841521,109.1214895,22.890646
WS018,1,1,52,青年水库,水库,387841521,109.1215754,22.8911995
WS018,1,1,53,青年水库,水库,387841521,109.1219616,22.8916344
WS018,1,1,54,青年水库,水库,387841521,109.1224766,22.8917135
WS018,1,1,55,青年水库,水库,387841521,109.1227341,22.8918716
WS018,1,1,56,青年水库,水库,387841521,109.1229057,22.8918716
WS018,1,1,57,青年水库,水库,387841521,109.1232491,22.8921879
WS018,1,1,58,青年水库,水库,387841521,109.1235924,22.892267
WS018,1,1,59,青年水库,水库,387841521,109.1241932,22.8926623
WS018,1,1,60,青年水库,水库,387841521,109.1245365,22.8926623
WS018,1,1,61,青年水库,水库,387841521,109.125309,22.8929786
WS018,1,1,62,青年水库,水库,387841521,109.1257381,22.8928996
WS018,1,1,63,青年水库,水库,387841521,109.1260815,22.8930577
WS018,1,1,64,青年水库,水库,387841521,109.1262102,22.8930182
WS018,1,1,65,青年水库,水库,387841521,109.1263338,22.8928655
WS018,1,1,66,青年水库,水库,387841521,109.1265535,22.8924647
WS018,1,1,67,青年水库,水库,387841521,109.1266308,22.8921049
WS018,1,1,68,青年水库,水库,387841521,109.1268969,22.8915949
WS018,1,1,69,青年水库,水库,387841521,109.1269827,22.8911995
WS018,1,1,70,青年水库,水库,387841521,109.1270685,22.8911205
WS018,1,1,71,青年水库,水库,387841521,109.1270685,22.8908833
WS018,1,1,72,青年水库,水库,387841521,109.1272402,22.8907251
WS018,1,1,73,青年水库,水库,387841521,109.1274977,22.8900925
WS018,1,1,74,青年水库,水库,387841521,109.1276453,22.8896616
WS018,1,1,75,青年水库,水库,387841521,109.1265965,22.8896576
WS018,1,1,76,青年水库,水库,387841521,109.1259098,22.8902111
WS018,1,1,77,青年水库,水库,387841521,109.1253948,22.8902111
WS018,1,1,78,青年水库,水库,387841521,109.1252661,22.8900925
WS018,1,1,79,青年水库,水库,387841521,109.1252661,22.8897762
WS018,1,1,80,青年水库,水库,387841521,109.1255236,22.8896181
WS018,1,1,81,青年水库,水库,387841521,109.1254807,22.8894204
WS018,1,1,82,青年水库,水库,387841521,109.1253948,22.8894204
WS018,1,1,83,青年水库,水库,387841521,109.1247082,22.8888669
WS018,1,1,84,青年水库,水库,387841521,109.1241932,22.8891041
WS018,1,1,85,青年水库,水库,387841521,109.1240215,22.8891041
WS018,1,1,86,青年水库,水库,387841521,109.1239357,22.888946
WS018,1,1,87,青年水库,水库,387841521,109.123807,22.8889065
WS018,1,1,88,青年水库,水库,387841521,109.1240215,22.8888669
WS018,1,1,89,青年水库,水库,387841521,109.1241503,22.8886692
WS018,1,1,90,青年水库,水库,387841521,109.1239786,22.8885111
WS018,1,1,91,青年水库,水库,387841521,109.1239786,22.8883529
WS018,1,1,92,青年水库,水库,387841521,109.1241503,22.8882739
WS018,1,1,93,青年水库,水库,387841521,109.1240644,22.8881157
WS018,1,1,94,青年水库,水库,387841521,109.1241503,22.8879576
WS018,1,1,95,青年水库,水库,387841521,109.1239357,22.8877599
WS018,1,1,96,青年水库,水库,387841521,109.1236782,22.887918
WS018,1,1,97,青年水库,水库,387841521,109.1229916,22.887918
WS018,1,1,98,青年水库,水库,387841521,109.1229486,22.8881157
WS018,1,1,99,青年水库,水库,387841521,109.1228199,22.8882343
WS018,1,1,100,青年水库,水库,387841521,109.1226482,22.8880762
WS018,1,1,101,青年水库,水库,387841521,109.1221333,22.8879971
WS018,1,1,102,青年水库,水库,387841521,109.1219616,22.887839
WS018,1,1,103,青年水库,水库,387841521,109.1216183,22.887839
WS018,1,1,104,青年水库,水库,387841521,109.1213608,22.8879971
WS018,1,1,105,青年水库,水库,387841521,109.1211033,22.887839
WS018,1,1,106,青年水库,水库,387841521,109.1208458,22.887839
WS018,1,1,107,青年水库,水库,387841521,109.1203737,22.8874041
WS018,1,1,108,青年水库,水库,387841521,109.1203737,22.8864552
WS018,1,1,109,青年水库,水库,387841521,109.1198587,22.8860598
WS018,1,1,110,青年水库,水库,387841521,109.1198587,22.8859017
WS018,1,1,111,青年水库,水库,387841521,109.1194296,22.8855854
WS018,1,1,112,青年水库,水库,387841521,109.1193008,22.8853877
WS018,1,1,113,青年水库,水库,387841521,109.1190863,22.8853481
WS018,1,1,114,青年水库,水库,387841521,109.1189146,22.8850318
WS018,1,1,115,青年水库,水库,387841521,109.1188288,22.8845574
WS018,1,1,116,青年水库,水库,387841521,109.1190004,22.8842411
WS018,1,1,117,青年水库,水库,387841521,109.1182709,22.8838062
WS018,1,1,118,青年水库,水库,387841521,109.1178417,22.8832527
WS018,1,1,119,青年水库,水库,387841521,109.1176701,22.8832527
WS018,1,1,120,青年水库,水库,387841521,109.1172409,22.8830154
WS018,1,1,121,青年水库,水库,387841521,109.1168976,22.8830154
WS018,1,1,122,青年水库,水库,387841521,109.1159534,22.8823037
WS018,1,1,123,青年水库,水库,387841521,109.1155243,22.8823828
WS018,1,1,124,青年水库,水库,387841521,109.115181,22.8821456
WS018,1,1,125,青年水库,水库,387841521,109.1143227,22.8820665
WS018,1,1,126,青年水库,水库,387841521,109.1139793,22.8818293
WS018,1,1,127,青年水库,水库,387841521,109.1138077,22.8819084
WS018,1,1,128,青年水库,水库,387841521,109.1133785,22.8818293
WS018,1,1,129,青年水库,水库,387841521,109.1132927,22.8819084
WS018,1,1,130,青年水库,水库,387841521,109.1129494,22.8819084
WS018,1,1,131,青年水库,水库,387841521,109.1127348,22.8816316
WS018,1,1,132,青年水库,水库,387841521,109.1127348,22.8814734
WS018,1,1,133,青年水库,水库,387841521,109.1123915,22.8811571
WS018,1,1,134,青年水库,水库,387841521,109.1122198,22.8807617
WS018,1,1,135,青年水库,水库,387841521,109.1118765,22.8803664
WS018,1,1,136,青年水库,水库,387841521,109.1118765,22.8800501
WS018,1,1,137,青年水库,水库,387841521,109.111619,22.8798128
WS018,1,1,138,青年水库,水库,387841521,109.1114473,22.878943
WS018,1,1,139,青年水库,水库,387841521,109.1113186,22.8788243
WS018,1,1,140,青年水库,水库,387841521,109.1107178,22.8788243
WS018,1,1,141,青年水库,水库,387841521,109.1103315,22.8784685
WS018,1,1,142,青年水库,水库,387841521,109.1103315,22.8782313
WS018,1,1,143,青年水库,水库,387841521,109.1107607,22.877994
WS018,1,1,144,青年水库,水库,387841521,109.1110182,22.8775986
WS018,1,1,145,青年水库,水库,387841521,109.1108894,22.87748
WS018,1,1,146,青年水库,水库,387841521,109.1107178,22.87748
WS018,1,1,147,青年水库,水库,387841521,109.1104603,22.8773218
WS018,1,1,148,青年水库,水库,387841521,109.1100311,22.8773218
WS018,1,1,149,青年水库,水库,387841521,109.1099453,22.8772428
WS018,1,1,150,青年水库,水库,387841521,109.1086578,22.8772428
WS018,1,1,151,青年水库,水库,387841521,109.1084003,22.87748
WS018,1,1,152,青年水库,水库,387841521,109.108057,22.87748
WS018,1,1,153,青年水库,水库,387841521,109.1078854,22.8773218
WS018,1,1,154,青年水库,水库,387841521,109.107542,22.8773218
WS018,1,1,155,青年水库,水库,387841521,109.1071129,22.8771637
WS018,1,1,156,青年水库,水库,387841521,109.1069412,22.8773218
WS018,1,1,157,青年水库,水库,387841521,109.1067696,22.8773218
WS018,1,1,158,青年水库,水库,387841521,109.1065121,22.87748
WS018,1,1,159,青年水库,水库,387841521,109.1064262,22.8777172
WS018,1,1,160,青年水库,水库,387841521,109.1061687,22.8777963
WS018,1,1,161,青年水库,水库,387841521,109.1060829,22.8779545
WS018,1,1,162,青年水库,水库,387841521,109.1058683,22.8780731
WS018,1,1,163,青年水库,水库,387841521,109.1057825,22.8783103
WS018,1,1,164,青年水库,水库,387841521,109.1056108,22.8784685
WS018,1,1,165,青年水库,水库,387841521,109.1056108,22.8786266
WS018,1,1,166,青年水库,水库,387841521,109.1054392,22.8787848
WS018,1,1,167,青年水库,水库,387841521,109.1054392,22.878943
WS018,1,1,168,青年水库,水库,387841521,109.1055679,22.8790616
WS018,1,1,169,青年水库,水库,387841521,109.1059113,22.8790616
WS018,1,1,170,青年水库,水库,387841521,109.1059971,22.8789825
WS018,1,1,171,青年水库,水库,387841521,109.1064692,22.8793384
WS018,1,1,172,青年水库,水库,387841521,109.1064692,22.8794965
WS018,1,1,173,青年水库,水库,387841521,109.1063833,22.8795756
WS018,1,1,174,青年水库,水库,387841521,109.1063833,22.879971
WS018,1,1,175,青年水库,水库,387841521,109.1064692,22.8800501
WS018,1,1,176,青年水库,水库,387841521,109.1064692,22.8804454
WS018,1,1,177,青年水库,水库,387841521,109.106555,22.8805245
WS018,1,1,178,青年水库,水库,387841521,109.106555,22.8806827
WS018,1,1,179,青年水库,水库,387841521,109.1069412,22.8810385
WS018,1,1,180,青年水库,水库,387841521,109.1072845,22.8810385
WS018,1,1,181,青年水库,水库,387841521,109.1074562,22.8811176
WS018,1,1,182,青年水库,水库,387841521,109.1077566,22.8813944
WS018,1,1,183,青年水库,水库,387841521,109.1077566,22.8815525
WS018,1,1,184,青年水库,水库,387841521,109.1079283,22.8817897
WS018,1,1,185,青年水库,水库,387841521,109.1079283,22.882027
WS018,1,1,186,青年水库,水库,387841521,109.1077995,22.8821456
WS018,1,1,187,青年水库,水库,387841521,109.107542,22.8821456
WS018,1,1,188,青年水库,水库,387841521,109.1074133,22.882027
WS018,1,1,189,青年水库,水库,387841521,109.1074133,22.8818688
WS018,1,1,190,青年水库,水库,387841521,109.1070271,22.8815921
WS018,1,1,191,青年水库,水库,387841521,109.1065979,22.8815921
WS018,1,1,192,青年水库,水库,387841521,109.1064262,22.8818293
WS018,1,1,193,青年水库,水库,387841521,109.1062117,22.8819479
WS018,1,1,194,青年水库,水库,387841521,109.1062117,22.8821851
WS018,1,1,195,青年水库,水库,387841521,109.1064692,22.8825014
WS018,1,1,196,青年水库,水库,387841521,109.1064692,22.8832131
WS018,1,1,197,青年水库,水库,387841521,109.10604,22.8835294
WS018,1,1,198,青年水库,水库,387841521,109.1059971,22.883648
WS018,1,1,199,青年水库,水库,387841521,109.1056108,22.8838457
WS018,1,1,200,青年水库,水库,387841521,109.1056108,22.8840039
WS018,1,1,201,青年水库,水库,387841521,109.1059113,22.8841225
WS018,1,1,202,青年水库,水库,387841521,109.1064262,22.8841225
WS018,1,1,203,青年水库,水库,387841521,109.1065121,22.8842016
WS018,1,1,204,青年水库,水库,387841521,109.1069412,22.8842806
WS018,1,1,205,青年水库,水库,387841521,109.1073704,22.8841225
WS018,1,1,206,青年水库,水库,387841521,109.107542,22.8839643
WS018,1,1,207,青年水库,水库,387841521,109.1079712,22.8838062
WS018,1,1,208,青年水库,水库,387841521,109.1083145,22.883569
WS018,1,1,209,青年水库,水库,387841521,109.108572,22.883569
WS018,1,1,210,青年水库,水库,387841521,109.1086578,22.883648
WS018,1,1,211,青年水库,水库,387841521,109.1089153,22.883648
WS018,1,1,212,青年水库,水库,387841521,109.109087,22.8838062
WS018,1,1,213,青年水库,水库,387841521,109.1093445,22.8838853
WS018,1,1,214,青年水库,水库,387841521,109.1094732,22.8840039
WS018,1,1,215,青年水库,水库,387841521,109.1094732,22.884162
WS018,1,1,216,青年水库,水库,387841521,109.1096449,22.8843992
WS018,1,1,217,青年水库,水库,387841521,109.1096449,22.8850318
WS018,1,1,218,青年水库,水库,387841521,109.1098166,22.8854272
WS018,1,1,219,青年水库,水库,387841521,109.1098166,22.8859807
WS018,1,1,220,青年水库,水库,387841521,109.1097307,22.8860598
WS018,1,1,221,青年水库,水库,387841521,109.1097307,22.886218
WS018,1,1,222,青年水库,水库,387841521,109.109087,22.8869692
WS018,1,1,223,青年水库,水库,387841521,109.1089153,22.8869692
WS018,1,1,224,青年水库,水库,387841521,109.1088295,22.8870482
WS018,1,1,225,青年水库,水库,387841521,109.1082287,22.8870482
WS018,1,1,226,青年水库,水库,387841521,109.1078424,22.8878785
WS018,1,1,227,青年水库,水库,387841521,109.1078424,22.8881157
WS019,1,1,1,未记录,一般水体,387844253,109.0913631,22.8959603
WS019,1,1,2,未记录,一般水体,387844253,109.0914713,22.8959033
WS019,1,1,3,未记录,一般水体,387844253,109.091595,22.8959674
WS019,1,1,4,未记录,一般水体,387844253,109.0917651,22.8957965
WS019,1,1,5,未记录,一般水体,387844253,109.0920434,22.8958036
WS019,1,1,6,未记录,一般水体,387844253,109.0924609,22.8957039
WS019,1,1,7,未记录,一般水体,387844253,109.0926696,22.8955615
WS019,1,1,8,未记录,一般水体,387844253,109.0936282,22.895241
WS019,1,1,9,未记录,一般水体,387844253,109.0938137,22.895006
WS019,1,1,10,未记录,一般水体,387844253,109.0937441,22.8948494
WS019,1,1,11,未记录,一般水体,387844253,109.094293,22.8941372
WS019,1,1,12,未记录,一般水体,387844253,109.0943935,22.8939093
WS019,1,1,13,未记录,一般水体,387844253,109.0945017,22.8931758
WS019,1,1,14,未记录,一般水体,387844253,109.0932571,22.8932612
WS019,1,1,15,未记录,一般水体,387844253,109.0929092,22.8939805
WS019,1,1,16,未记录,一般水体,387844253,109.0923604,22.8943152
WS019,1,1,17,未记录,一般水体,387844253,109.0914018,22.8945431
WS019,1,1,18,未记录,一般水体,387844253,109.0906906,22.8945503
WS019,1,1,19,未记录,一般水体,387844253,109.09042,22.8943651
WS019,1,1,20,未记录,一般水体,387844253,109.0902499,22.8948137
WS019,1,1,21,未记录,一般水体,387844253,109.0905823,22.8950345
WS019,1,1,22,未记录,一般水体,387844253,109.0910694,22.8953692
WS019,1,1,23,未记录,一般水体,387844253,109.0910848,22.8955045
WS019,1,1,24,未记录,一般水体,387844253,109.0912626,22.8956683
WS019,1,1,25,未记录,一般水体,387844253,109.0911621,22.8957751
WS019,1,1,26,未记录,一般水体,387844253,109.0913631,22.8959603
WS020,1,1,1,未记录,一般水体,387873269,109.1957059,22.8972819
WS020,1,1,2,未记录,一般水体,387873269,109.1956055,22.8967055
WS020,1,1,3,未记录,一般水体,387873269,109.1955129,22.8964707
WS020,1,1,4,未记录,一般水体,387873269,109.1953507,22.8964423
WS020,1,1,5,未记录,一般水体,387873269,109.1946864,22.8967482
WS020,1,1,6,未记录,一般水体,387873269,109.1944856,22.8969403
WS020,1,1,7,未记录,一般水体,387873269,109.1945011,22.8974597
WS020,1,1,8,未记录,一般水体,387873269,109.1946478,22.897602
WS020,1,1,9,未记录,一般水体,387873269,109.1949104,22.8976447
WS020,1,1,10,未记录,一般水体,387873269,109.195173,22.897538
WS020,1,1,11,未记录,一般水体,387873269,109.1954974,22.8973957
WS020,1,1,12,未记录,一般水体,387873269,109.1956442,22.8973957
WS020,1,1,13,未记录,一般水体,387873269,109.1957059,22.8972819
WS021,1,1,1,未记录,一般水体,387873270,109.1690287,22.9025326
WS021,1,1,2,未记录,一般水体,387873270,109.168936,22.9023121
WS021,1,1,3,未记录,一般水体,387873270,109.1685189,22.9020844
WS021,1,1,4,未记录,一般水体,387873270,109.1682717,22.9020631
WS021,1,1,5,未记录,一般水体,387873270,109.1682795,22.9021698
WS021,1,1,6,未记录,一般水体,387873270,109.1679551,22.9025184
WS021,1,1,7,未记录,一般水体,387873270,109.1678856,22.9026892
WS021,1,1,8,未记录,一般水体,387873270,109.1676847,22.902988
WS021,1,1,9,未记录,一般水体,387873270,109.1678547,22.9031658
WS021,1,1,10,未记录,一般水体,387873270,109.1680941,22.9030378
WS021,1,1,11,未记录,一般水体,387873270,109.1681327,22.9029168
WS021,1,1,12,未记录,一般水体,387873270,109.1685343,22.902682
WS021,1,1,13,未记录,一般水体,387873270,109.1688742,22.9025255
WS021,1,1,14,未记录,一般水体,387873270,109.1690287,22.9025326
WS022,1,1,1,未记录,一般水体,387873271,109.1943543,22.8904513
WS022,1,1,2,未记录,一般水体,387873271,109.1955206,22.8901809
WS022,1,1,3,未记录,一般水体,387873271,109.1954356,22.8897326
WS022,1,1,4,未记录,一般水体,387873271,109.1956442,22.8892203
WS022,1,1,5,未记录,一般水体,387873271,109.1953584,22.8884732
WS022,1,1,6,未记录,一般水体,387873271,109.1949954,22.8885444
WS022,1,1,7,未记录,一般水体,387873271,109.1949104,22.8884803
WS022,1,1,8,未记录,一般水体,387873271,109.1944084,22.8885515
WS022,1,1,9,未记录,一般水体,387873271,109.1943543,22.8888005
WS022,1,1,10,未记录,一般水体,387873271,109.1941612,22.8890353
WS022,1,1,11,未记录,一般水体,387873271,109.1938446,22.8891634
WS022,1,1,12,未记录,一般水体,387873271,109.1938291,22.8895121
WS022,1,1,13,未记录,一般水体,387873271,109.1939604,22.8898892
WS022,1,1,14,未记录,一般水体,387873271,109.1941921,22.8900742
WS022,1,1,15,未记录,一般水体,387873271,109.1942771,22.8902165
WS022,1,1,16,未记录,一般水体,387873271,109.1943543,22.8904513
WS023,1,1,1,未记录,一般水体,387873272,109.1954897,22.8921092
WS023,1,1,2,未记录,一般水体,387873272,109.1955824,22.8916965
WS023,1,1,3,未记录,一般水体,387873272,109.1956055,22.891298
WS023,1,1,4,未记录,一般水体,387873272,109.1956673,22.8911486
WS023,1,1,5,未记录,一般水体,387873272,109.1956982,22.8908782
WS023,1,1,6,未记录,一般水体,387873272,109.1955592,22.8906932
WS023,1,1,7,未记录,一般水体,387873272,109.1955669,22.8903517
WS023,1,1,8,未记录,一般水体,387873272,109.1953507,22.8903446
WS023,1,1,9,未记录,一般水体,387873272,109.1944007,22.8905438
WS023,1,1,10,未记录,一般水体,387873272,109.1943775,22.8908853
WS023,1,1,11,未记录,一般水体,387873272,109.1945474,22.8909849
WS023,1,1,12,未记录,一般水体,387873272,109.1945937,22.8911557
WS023,1,1,13,未记录,一般水体,387873272,109.1947405,22.8913407
WS023,1,1,14,未记录,一般水体,387873272,109.1946555,22.8915399
WS023,1,1,15,未记录,一般水体,387873272,109.1948023,22.8917392
WS023,1,1,16,未记录,一般水体,387873272,109.1948872,22.8919028
WS023,1,1,17,未记录,一般水体,387873272,109.1953352,22.8921518
WS023,1,1,18,未记录,一般水体,387873272,109.1954897,22.8921092
WS024,1,1,1,未记录,一般水体,387873273,109.2000543,22.8901738
WS024,1,1,2,未记录,一般水体,387873273,109.1997994,22.8900813
WS024,1,1,3,未记录,一般水体,387873273,109.1997145,22.8899319
WS024,1,1,4,未记录,一般水体,387873273,109.1995755,22.8899532
WS024,1,1,5,未记录,一般水体,387873273,109.1993978,22.8906292
WS024,1,1,6,未记录,一般水体,387873273,109.1991661,22.891049
WS024,1,1,7,未记录,一般水体,387873273,109.1991893,22.8912055
WS024,1,1,8,未记录,一般水体,387873273,109.1991507,22.8914545
WS024,1,1,9,未记录,一般水体,387873273,109.1992511,22.8914759
WS024,1,1,10,未记录,一般水体,387873273,109.1994442,22.8914047
WS024,1,1,11,未记录,一般水体,387873273,109.1996141,22.8915542
WS024,1,1,12,未记录,一般水体,387873273,109.1999385,22.891483
WS024,1,1,13,未记录,一般水体,387873273,109.1999616,22.8913407
WS024,1,1,14,未记录,一般水体,387873273,109.2000466,22.8912909
WS024,1,1,15,未记录,一般水体,387873273,109.1998844,22.8911344
WS024,1,1,16,未记录,一般水体,387873273,109.1999385,22.890928
WS024,1,1,17,未记录,一般水体,387873273,109.1998999,22.8907217
WS024,1,1,18,未记录,一般水体,387873273,109.200008,22.8905296
WS024,1,1,19,未记录,一般水体,387873273,109.2001393,22.8904797
WS024,1,1,20,未记录,一般水体,387873273,109.200147,22.8902876
WS024,1,1,21,未记录,一般水体,387873273,109.2000543,22.8901738
WS025,1,1,1,未记录,一般水体,387873275,109.1698551,22.9022338
WS025,1,1,2,未记录,一般水体,387873275,109.1699169,22.9018852
WS025,1,1,3,未记录,一般水体,387873275,109.1696929,22.9017073
WS025,1,1,4,未记录,一般水体,387873275,109.169577,22.901501
WS025,1,1,5,未记录,一般水体,387873275,109.1696234,22.9012804
WS025,1,1,6,未记录,一般水体,387873275,109.1693917,22.9012164
WS025,1,1,7,未记录,一般水体,387873275,109.1694303,22.9007966
WS025,1,1,8,未记录,一般水体,387873275,109.1693067,22.9006188
WS025,1,1,9,未记录,一般水体,387873275,109.1693299,22.9004053
WS025,1,1,10,未记录,一般水体,387873275,109.1691986,22.9003413
WS025,1,1,11,未记录,一般水体,387873275,109.1691136,22.9002203
WS025,1,1,12,未记录,一般水体,387873275,109.1688047,22.9001776
WS025,1,1,13,未记录,一般水体,387873275,109.1682949,22.9001634
WS025,1,1,14,未记录,一般水体,387873275,109.1680555,22.900263
WS025,1,1,15,未记录,一般水体,387873275,109.1675998,22.9001634
WS025,1,1,16,未记录,一般水体,387873275,109.1668043,22.9004124
WS025,1,1,17,未记录,一般水体,387873275,109.1666652,22.9004765
WS025,1,1,18,未记录,一般水体,387873275,109.1664335,22.900448
WS025,1,1,19,未记录,一般水体,387873275,109.1661709,22.9003697
WS025,1,1,20,未记录,一般水体,387873275,109.1660628,22.9003626
WS025,1,1,21,未记录,一般水体,387873275,109.1660087,22.9005263
WS025,1,1,22,未记录,一般水体,387873275,109.165862,22.9005476
WS025,1,1,23,未记录,一般水体,387873275,109.1658465,22.9006543
WS025,1,1,24,未记录,一般水体,387873275,109.1656303,22.9006614
WS025,1,1,25,未记录,一般水体,387873275,109.1655762,22.9008251
WS025,1,1,26,未记录,一般水体,387873275,109.1654835,22.9009318
WS025,1,1,27,未记录,一般水体,387873275,109.1652982,22.9009532
WS025,1,1,28,未记录,一般水体,387873275,109.1651514,22.9011026
WS025,1,1,29,未记录,一般水体,387873275,109.1651051,22.9012733
WS025,1,1,30,未记录,一般水体,387873275,109.1659083,22.9011951
WS025,1,1,31,未记录,一般水体,387873275,109.1660473,22.9009176
WS025,1,1,32,未记录,一般水体,387873275,109.1662482,22.9007966
WS025,1,1,33,未记录,一般水体,387873275,109.1661632,22.9011026
WS025,1,1,34,未记录,一般水体,387873275,109.1664412,22.9010599
WS025,1,1,35,未记录,一般水体,387873275,109.1668506,22.9011595
WS025,1,1,36,未记录,一般水体,387873275,109.16709,22.9013872
WS025,1,1,37,未记录,一般水体,387873275,109.1672986,22.9016504
WS025,1,1,38,未记录,一般水体,387873275,109.1675612,22.90175
WS025,1,1,39,未记录,一般水体,387873275,109.1678238,22.9019919
WS025,1,1,40,未记录,一般水体,387873275,109.1681404,22.9020061
WS025,1,1,41,未记录,一般水体,387873275,109.1684339,22.901935
WS025,1,1,42,未记录,一般水体,387873275,109.1688665,22.9021413
WS025,1,1,43,未记录,一般水体,387873275,109.1690287,22.9022907
WS025,1,1,44,未记录,一般水体,387873275,109.1691445,22.9024046
WS025,1,1,45,未记录,一般水体,387873275,109.1695848,22.9023405
WS025,1,1,46,未记录,一般水体,387873275,109.1696774,22.9022409
WS025,1,1,47,未记录,一般水体,387873275,109.1698551,22.9022338
WS026,1,1,1,未记录,一般水体,387873276,109.1696234,22.9029239
WS026,1,1,2,未记录,一般水体,387873276,109.1697701,22.9025042
WS026,1,1,3,未记录,一般水体,387873276,109.1696543,22.9024615
WS026,1,1,4,未记录,一般水体,387873276,109.169353,22.9024615
WS026,1,1,5,未记录,一般水体,387873276,109.1691291,22.9025753
WS026,1,1,6,未记录,一般水体,387873276,109.1691445,22.9026892
WS026,1,1,7,未记录,一般水体,387873276,109.169299,22.9027532
WS026,1,1,8,未记录,一般水体,387873276,109.1694612,22.9029097
WS026,1,1,9,未记录,一般水体,387873276,109.1696234,22.9029239
WS027,1,1,1,大陆水库,水库,488119411,109.2528319,22.9349238
WS027,1,1,2,大陆水库,水库,488119411,109.2530733,22.9344791
WS027,1,1,3,大陆水库,水库,488119411,109.2531323,22.9338616
WS027,1,1,4,大陆水库,水库,488119411,109.2532825,22.9337529
WS027,1,1,5,大陆水库,水库,488119411,109.2537278,22.9337035
WS027,1,1,6,大陆水库,水库,488119411,109.2540282,22.9336393
WS027,1,1,7,大陆水库,水库,488119411,109.2544305,22.9336244
WS027,1,1,8,大陆水库,水库,488119411,109.2547148,22.9335059
WS027,1,1,9,大陆水库,水库,488119411,109.2549294,22.9334713
WS027,1,1,10,大陆水库,水库,488119411,109.2551064,22.93358
WS027,1,1,11,大陆水库,水库,488119411,109.2552727,22.9338715
WS027,1,1,12,大陆水库,水库,488119411,109.2556214,22.9340147
WS027,1,1,13,大陆水库,水库,488119411,109.2561793,22.9340197
WS027,1,1,14,大陆水库,水库,488119411,109.2564261,22.9339752
WS027,1,1,15,大陆水库,水库,488119411,109.2566997,22.9339653
WS027,1,1,16,大陆水库,水库,488119411,109.2568552,22.9338912
WS027,1,1,17,大陆水库,水库,488119411,109.2570591,22.9338319
WS027,1,1,18,大陆水库,水库,488119411,109.2573112,22.9338418
WS027,1,1,19,大陆水库,水库,488119411,109.2573971,22.9339653
WS027,1,1,20,大陆水库,水库,488119411,109.2578638,22.9339703
WS027,1,1,21,大陆水库,水库,488119411,109.2579496,22.9341876
WS027,1,1,22,大陆水库,水库,488119411,109.2582446,22.9343359
WS027,1,1,23,大陆水库,水库,488119411,109.2582822,22.9345038
WS027,1,1,24,大陆水库,水库,488119411,109.2581803,22.934736
WS027,1,1,25,大陆水库,水库,488119411,109.2584914,22.9347064
WS027,1,1,26,大陆水库,水库,488119411,109.2588615,22.9349732
WS027,1,1,27,大陆水库,水库,488119411,109.2591512,22.9350127
WS027,1,1,28,大陆水库,水库,488119411,109.2595321,22.9349979
WS027,1,1,29,大陆水库,水库,488119411,109.2599398,22.9348101
WS027,1,1,30,大陆水库,水库,488119411,109.2601597,22.9346323
WS027,1,1,31,大陆水库,水库,488119411,109.2603743,22.9344396
WS027,1,1,32,大陆水库,水库,488119411,109.2605352,22.9343803
WS027,1,1,33,大陆水库,水库,488119411,109.2606908,22.9341975
WS027,1,1,34,大陆水库,水库,488119411,109.2608303,22.9342321
WS027,1,1,35,大陆水库,水库,488119411,109.2608625,22.9343309
WS027,1,1,36,大陆水库,水库,488119411,109.2606962,22.934652
WS027,1,1,37,大陆水库,水库,488119411,109.2607498,22.9347755
WS027,1,1,38,大陆水库,水库,488119411,109.2606318,22.9351115
WS027,1,1,39,大陆水库,水库,488119411,109.2607605,22.9353486
WS027,1,1,40,大陆水库,水库,488119411,109.2607766,22.935487
WS027,1,1,41,大陆水库,水库,488119411,109.2606372,22.9356747
WS027,1,1,42,大陆水库,水库,488119411,109.2605942,22.9359415
WS027,1,1,43,大陆水库,水库,488119411,109.2605406,22.9361588
WS027,1,1,44,大陆水库,水库,488119411,109.2605889,22.9362725
WS027,1,1,45,大陆水库,水库,488119411,109.2606157,22.936396
WS027,1,1,46,大陆水库,水库,488119411,109.2604387,22.936559
WS027,1,1,47,大陆水库,水库,488119411,109.2603421,22.9369789
WS027,1,1,48,大陆水库,水库,488119411,109.2605299,22.9369443
WS027,1,1,49,大陆水库,水库,488119411,109.2610127,22.9363762
WS027,1,1,50,大陆水库,水库,488119411,109.2612165,22.9363416
WS027,1,1,51,大陆水库,水库,488119411,109.2615008,22.93648
WS027,1,1,52,大陆水库,水库,488119411,109.2617315,22.9367368
WS027,1,1,53,大陆水库,水库,488119411,109.2616832,22.9364602
WS027,1,1,54,大陆水库,水库,488119411,109.2614526,22.9362132
WS027,1,1,55,大陆水库,水库,488119411,109.261297,22.9357933
WS027,1,1,56,大陆水库,水库,488119411,109.2612809,22.9353585
WS027,1,1,57,大陆水库,水库,488119411,109.2613506,22.9346718
WS027,1,1,58,大陆水库,水库,488119411,109.2612326,22.9345088
WS027,1,1,59,大陆水库,水库,488119411,109.2613023,22.9342963
WS027,1,1,60,大陆水库,水库,488119411,109.2615277,22.9341333
WS027,1,1,61,大陆水库,水库,488119411,109.2618656,22.9336689
WS027,1,1,62,大陆水库,水库,488119411,109.2619828,22.9336248
WS027,1,1,63,大陆水库,水库,488119411,109.2621285,22.9335701
WS027,1,1,64,大陆水库,水库,488119411,109.2622363,22.9334616
WS027,1,1,65,大陆水库,水库,488119411,109.2619051,22.9321627
WS027,1,1,66,大陆水库,水库,488119411,109.261356,22.9322658
WS027,1,1,67,大陆水库,水库,488119411,109.2605943,22.9326215
WS027,1,1,68,大陆水库,水库,488119411,109.2600953,22.9325573
WS027,1,1,69,大陆水库,水库,488119411,109.2601329,22.9329278
WS027,1,1,70,大陆水库,水库,488119411,109.2594034,22.9330167
WS027,1,1,71,大陆水库,水库,488119411,109.2588401,22.9334169
WS027,1,1,72,大陆水库,水库,488119411,109.2584163,22.9329772
WS027,1,1,73,大陆水库,水库,488119411,109.2580301,22.9328191
WS027,1,1,74,大陆水库,水库,488119411,109.2574721,22.9325128
WS027,1,1,75,大陆水库,水库,488119411,109.2570537,22.9324535
WS027,1,1,76,大陆水库,水库,488119411,109.2562384,22.9326709
WS027,1,1,77,大陆水库,水库,488119411,109.2558843,22.9325918
WS027,1,1,78,大陆水库,水库,488119411,109.2557502,22.9323202
WS027,1,1,79,大陆水库,水库,488119411,109.2549616,22.9323053
WS027,1,1,80,大陆水库,水库,488119411,109.2535669,22.9326017
WS027,1,1,81,大陆水库,水库,488119411,109.2533898,22.9327006
WS027,1,1,82,大陆水库,水库,488119411,109.2527085,22.9327154
WS027,1,1,83,大陆水库,水库,488119411,109.2524779,22.9327796
WS027,1,1,84,大陆水库,水库,488119411,109.2523599,22.9329575
WS027,1,1,85,大陆水库,水库,488119411,109.2521989,22.9331946
WS027,1,1,86,大陆水库,水库,488119411,109.2521936,22.9337331
WS027,1,1,87,大陆水库,水库,488119411,109.2522579,22.9339258
WS027,1,1,88,大陆水库,水库,488119411,109.2521399,22.934074
WS027,1,1,89,大陆水库,水库,488119411,109.2516893,22.9344791
WS027,1,1,90,大陆水库,水库,488119411,109.2514962,22.9348892
WS027,1,1,91,大陆水库,水库,488119411,109.2515284,22.9352795
WS027,1,1,92,大陆水库,水库,488119411,109.2513943,22.9355215
WS027,1,1,93,大陆水库,水库,488119411,109.2512762,22.935818
WS027,1,1,94,大陆水库,水库,488119411,109.2510563,22.9361984
WS027,1,1,95,大陆水库,水库,488119411,109.2509383,22.9366627
WS027,1,1,96,大陆水库,水库,488119411,109.251067,22.936806
WS027,1,1,97,大陆水库,水库,488119411,109.2509758,22.9369048
WS027,1,1,98,大陆水库,水库,488119411,109.2507613,22.9369098
WS027,1,1,99,大陆水库,水库,488119411,109.250316,22.9368307
WS027,1,1,100,大陆水库,水库,488119411,109.2501122,22.9368208
WS027,1,1,101,大陆水库,水库,488119411,109.2506647,22.9370629
WS027,1,1,102,大陆水库,水库,488119411,109.2510885,22.937058
WS027,1,1,103,大陆水库,水库,488119411,109.2512333,22.9369196
WS027,1,1,104,大陆水库,水库,488119411,109.251228,22.9367665
WS027,1,1,105,大陆水库,水库,488119411,109.2512494,22.9364849
WS027,1,1,106,大陆水库,水库,488119411,109.2514586,22.9361391
WS027,1,1,107,大陆水库,水库,488119411,109.2520219,22.9361391
WS027,1,1,108,大陆水库,水库,488119411,109.2525798,22.9357241
WS027,1,1,109,大陆水库,水库,488119411,109.2527354,22.9355018
WS027,1,1,110,大陆水库,水库,488119411,109.2527568,22.9352844
WS027,1,1,111,大陆水库,水库,488119411,109.2528266,22.935067
WS027,1,1,112,大陆水库,水库,488119411,109.2528319,22.9349238
WS028,1,1,1,未记录,一般水体,488119492,109.3547667,22.8650714
WS028,1,1,2,未记录,一般水体,488119492,109.3541659,22.8649528
WS028,1,1,3,未记录,一般水体,488119492,109.3532861,22.8649528
WS028,1,1,4,未记录,一般水体,488119492,109.3525565,22.865368
WS028,1,1,5,未记录,一般水体,488119492,109.3521274,22.8654075
WS028,1,1,6,未记录,一般水体,488119492,109.3517197,22.8653284
WS028,1,1,7,未记录,一般水体,488119492,109.3504752,22.864755
WS028,1,1,8,未记录,一般水体,488119492,109.3501104,22.8649725
WS028,1,1,9,未记录,一般水体,488119492,109.3496812,22.8650912
WS028,1,1,10,未记录,一般水体,488119492,109.3492091,22.8651702
WS028,1,1,11,未记录,一般水体,488119492,109.348265,22.8651505
WS028,1,1,12,未记录,一般水体,488119492,109.3478359,22.8649923
WS028,1,1,13,未记录,一般水体,488119492,109.3459476,22.8638258
WS028,1,1,14,未记录,一般水体,488119492,109.3443597,22.8620463
WS028,1,1,15,未记录,一般水体,488119492,109.34330633839427,22.8615453
WS028,1,1,16,未记录,一般水体,488119492,109.34148157028008,22.8615453
WS028,1,1,17,未记录,一般水体,488119492,109.341935,22.8622243
WS028,1,1,18,未记录,一般水体,488119492,109.3425358,22.8629163
WS028,1,1,19,未记录,一般水体,488119492,109.342965,22.8636478
WS028,1,1,20,未记录,一般水体,488119492,109.3431581,22.864498
WS028,1,1,21,未记录,一般水体,488119492,109.3431366,22.864933
WS028,1,1,22,未记录,一般水体,488119492,109.3425358,22.8655855
WS028,1,1,23,未记录,一般水体,488119492,109.3421067,22.8657832
WS028,1,1,24,未记录,一般水体,488119492,109.3397892,22.8658227
WS028,1,1,25,未记录,一般水体,488119492,109.3393601,22.8659216
WS028,1,1,26,未记录,一般水体,488119492,109.3388665,22.8662379
WS028,1,1,27,未记录,一般水体,488119492,109.338888,22.8666531
WS028,1,1,28,未记录,一般水体,488119492,109.3395961,22.8673056
WS028,1,1,29,未记录,一般水体,488119492,109.34039,22.8677208
WS028,1,1,30,未记录,一般水体,488119492,109.3402828,22.8681557
WS028,1,1,31,未记录,一般水体,488119492,109.3403042,22.8685709
WS028,1,1,32,未记录,一般水体,488119492,109.3407977,22.8686895
WS028,1,1,33,未记录,一般水体,488119492,109.3416131,22.8681557
WS028,1,1,34,未记录,一般水体,488119492,109.3421067,22.867958
WS028,1,1,35,未记录,一般水体,488119492,109.3440808,22.867701
WS028,1,1,36,未记录,一般水体,488119492,109.3451107,22.8677208
WS028,1,1,37,未记录,一般水体,488119492,109.346012,22.8678592
WS028,1,1,38,未记录,一般水体,488119492,109.3474067,22.8683732
WS028,1,1,39,未记录,一般水体,488119492,109.3478573,22.8685709
WS028,1,1,40,未记录,一般水体,488119492,109.3481792,22.8688675
WS028,1,1,41,未记录,一般水体,488119492,109.3481363,22.8692629
WS028,1,1,42,未记录,一般水体,488119492,109.3479646,22.8696385
WS028,1,1,43,未记录,一般水体,488119492,109.3479646,22.8700735
WS028,1,1,44,未记录,一般水体,488119492,109.3481577,22.8705085
WS028,1,1,45,未记录,一般水体,488119492,109.3488015,22.8703108
WS028,1,1,46,未记录,一般水体,488119492,109.3491877,22.8699944
WS028,1,1,47,未记录,一般水体,488119492,109.349531,22.8695792
WS028,1,1,48,未记录,一般水体,488119492,109.3498529,22.8687686
WS028,1,1,49,未记录,一般水体,488119492,109.3501533,22.8684127
WS028,1,1,50,未记录,一般水体,488119492,109.350561,22.868215
WS028,1,1,51,未记录,一般水体,488119492,109.3512905,22.8680964
WS028,1,1,52,未记录,一般水体,488119492,109.3518484,22.8680964
WS028,1,1,53,未记录,一般水体,488119492,109.3522776,22.8683139
WS028,1,1,54,未记录,一般水体,488119492,109.3524278,22.8687093
WS028,1,1,55,未记录,一般水体,488119492,109.3529857,22.8689466
WS028,1,1,56,未记录,一般水体,488119492,109.3547667,22.8650714
WS029,1,1,1,未记录,水库,488313188,109.3993128,22.8950814
WS029,1,1,2,未记录,水库,488313188,109.4019306,22.8958919
WS029,1,1,3,未记录,水库,488313188,109.402274,22.8961291
WS029,1,1,4,未记录,水库,488313188,109.4024456,22.8973546
WS029,1,1,5,未记录,水库,488313188,109.4026173,22.8977104
WS029,1,1,6,未记录,水库,488313188,109.4030464,22.8977895
WS029,1,1,7,未记录,水库,488313188,109.403497,22.8977302
WS029,1,1,8,未记录,水库,488313188,109.4038833,22.8975721
WS029,1,1,9,未记录,水库,488313188,109.404291,22.8977104
WS029,1,1,10,未记录,水库,488313188,109.4044841,22.898086
WS029,1,1,11,未记录,水库,488313188,109.4051064,22.8986395
WS029,1,1,12,未记录,水库,488313188,109.4065226,22.8986197
WS029,1,1,13,未记录,水库,488313188,109.4066728,22.8982639
WS029,1,1,14,未记录,水库,488313188,109.4066513,22.8977895
WS029,1,1,15,未记录,水库,488313188,109.4059861,22.8960302
WS029,1,1,16,未记录,水库,488313188,109.4059647,22.8947651
WS029,1,1,17,未记录,水库,488313188,109.405793,22.89435
WS029,1,1,18,未记录,水库,488313188,109.4054497,22.894014
WS029,1,1,19,未记录,水库,488313188,109.4049776,22.8938558
WS029,1,1,20,未记录,水库,488313188,109.4039476,22.8938361
WS029,1,1,21,未记录,水库,488313188,109.4032395,22.8944489
WS029,1,1,22,未记录,水库,488313188,109.4027889,22.8945872
WS029,1,1,23,未记录,水库,488313188,109.4004286,22.8943896
WS029,1,1,24,未记录,水库,488313188,109.399978,22.8944291
WS029,1,1,25,未记录,水库,488313188,109.3995703,22.8946268
WS029,1,1,26,未记录,水库,488313188,109.3993128,22.8950814
WS030,1,1,1,未记录,水库,488313196,109.3454486,22.941761
WS030,1,1,2,未记录,水库,488313196,109.3452287,22.9411485
WS030,1,1,3,未记录,水库,488313196,109.3445313,22.9404964
WS030,1,1,4,未记录,水库,488313196,109.3446171,22.9403778
WS030,1,1,5,未记录,水库,488313196,109.3454486,22.9409261
WS030,1,1,6,未记录,水库,488313196,109.3456954,22.9411682
WS030,1,1,7,未记录,水库,488313196,109.3461084,22.9409904
WS030,1,1,8,未记录,水库,488313196,109.3460226,22.9408175
WS030,1,1,9,未记录,水库,488313196,109.3456739,22.9405606
WS030,1,1,10,未记录,水库,488313196,109.3455666,22.940358
WS030,1,1,11,未记录,水库,488313196,109.3449819,22.9400023
WS030,1,1,12,未记录,水库,488313196,109.3448693,22.9396911
WS030,1,1,13,未记录,水库,488313196,109.3444669,22.9395034
WS030,1,1,14,未记录,水库,488313196,109.3443006,22.9392712
WS030,1,1,15,未记录,水库,488313196,109.3439895,22.9391674
WS030,1,1,16,未记录,水库,488313196,109.3435603,22.9391921
WS030,1,1,17,未记录,水库,488313196,109.3433618,22.9391773
WS030,1,1,18,未记录,水库,488313196,109.3431312,22.9389007
WS030,1,1,19,未记录,水库,488313196,109.3426055,22.9386487
WS030,1,1,20,未记录,水库,488313196,109.3422192,22.938461
WS030,1,1,21,未记录,水库,488313196,109.3421495,22.9382436
WS030,1,1,22,未记录,水库,488313196,109.3420315,22.9380263
WS030,1,1,23,未记录,水库,488313196,109.3418759,22.9377743
WS030,1,1,24,未记录,水库,488313196,109.3420315,22.9375965
WS030,1,1,25,未记录,水库,488313196,109.3428308,22.9373692
WS030,1,1,26,未记录,水库,488313196,109.3431044,22.9374285
WS030,1,1,27,未记录,水库,488313196,109.3432277,22.937468
WS030,1,1,28,未记录,水库,488313196,109.3433082,22.9373445
WS030,1,1,29,未记录,水库,488313196,109.3434906,22.9372556
WS030,1,1,30,未记录,水库,488313196,109.3437427,22.9373247
WS030,1,1,31,未记录,水库,488313196,109.344247,22.9377891
WS030,1,1,32,未记录,水库,488313196,109.3442362,22.9380608
WS030,1,1,33,未记录,水库,488313196,109.3443221,22.9381102
WS030,1,1,34,未记录,水库,488313196,109.3444669,22.9380411
WS030,1,1,35,未记录,水库,488313196,109.3445688,22.9378781
WS030,1,1,36,未记录,水库,488313196,109.3444723,22.9375965
WS030,1,1,37,未记录,水库,488313196,109.3442148,22.9372753
WS030,1,1,38,未记录,水库,488313196,109.3442309,22.9370901
WS030,1,1,39,未记录,水库,488313196,109.3449176,22.9370456
WS030,1,1,40,未记录,水库,488313196,109.3452233,22.9371321
WS030,1,1,41,未记录,水库,488313196,109.3455988,22.9376557
WS030,1,1,42,未记录,水库,488313196,109.3459099,22.9378089
WS030,1,1,43,未记录,水库,488313196,109.3461031,22.9377496
WS030,1,1,44,未记录,水库,488313196,109.3460172,22.9375866
WS030,1,1,45,未记录,水库,488313196,109.3458348,22.9375668
WS030,1,1,46,未记录,水库,488313196,109.3452341,22.9369171
WS030,1,1,47,未记录,水库,488313196,109.3448371,22.9364824
WS030,1,1,48,未记录,水库,488313196,109.3449551,22.9361416
WS030,1,1,49,未记录,水库,488313196,109.3456846,22.9358871
WS030,1,1,50,未记录,水库,488313196,109.3457276,22.9357389
WS030,1,1,51,未记录,水库,488313196,109.3458778,22.935613
WS030,1,1,52,未记录,水库,488313196,109.3463284,22.9356055
WS030,1,1,53,未记录,水库,488313196,109.3465859,22.9355512
WS030,1,1,54,未记录,水库,488313196,109.3471706,22.9354919
WS030,1,1,55,未记录,水库,488313196,109.3472671,22.9351658
WS030,1,1,56,未记录,水库,488313196,109.3471491,22.9349583
WS030,1,1,57,未记录,水库,488313196,109.346484,22.9350942
WS030,1,1,58,未记录,水库,488313196,109.3460065,22.9349016
WS030,1,1,59,未记录,水库,488313196,109.3459636,22.9346076
WS030,1,1,60,未记录,水库,488313196,109.3462318,22.9341728
WS030,1,1,61,未记录,水库,488313196,109.346264,22.9339258
WS030,1,1,62,未记录,水库,488313196,109.3464035,22.9336665
WS030,1,1,63,未记录,水库,488313196,109.3457276,22.9343853
WS030,1,1,64,未记录,水库,488313196,109.3452341,22.9344767
WS030,1,1,65,未记录,水库,488313196,109.3449873,22.9347385
WS030,1,1,66,未记录,水库,488313196,109.3446976,22.9347904
WS030,1,1,67,未记录,水库,488313196,109.3446225,22.9350028
WS030,1,1,68,未记录,水库,488313196,109.3441826,22.9352202
WS030,1,1,69,未记录,水库,488313196,109.3437266,22.9352152
WS030,1,1,70,未记录,水库,488313196,109.3434585,22.9353116
WS030,1,1,71,未记录,水库,488313196,109.3433512,22.9352967
WS030,1,1,72,未记录,水库,488313196,109.3435872,22.9347508
WS030,1,1,73,未记录,水库,488313196,109.3436569,22.9344125
WS030,1,1,74,未记录,水库,488313196,109.3432814,22.9339728
WS030,1,1,75,未记录,水库,488313196,109.3429595,22.9337752
WS030,1,1,76,未记录,水库,488313196,109.3422353,22.9345137
WS030,1,1,77,未记录,水库,488313196,109.3420418,22.9348495
WS030,1,1,78,未记录,水库,488313196,109.341935,22.9350349
WS030,1,1,79,未记录,水库,488313196,109.3416238,22.9354005
WS030,1,1,80,未记录,水库,488313196,109.3407762,22.9359835
WS030,1,1,81,未记录,水库,488313196,109.340356,22.936217
WS030,1,1,82,未记录,水库,488313196,109.3400306,22.9366306
WS030,1,1,83,未记录,水库,488313196,109.3386519,22.9376286
WS030,1,1,84,未记录,水库,488313196,109.3385446,22.9381275
WS030,1,1,85,未记录,水库,488313196,109.338786,22.9382683
WS030,1,1,86,未记录,水库,488313196,109.3387645,22.9384017
WS030,1,1,87,未记录,水库,488313196,109.3384588,22.9386981
WS030,1,1,88,未记录,水库,488313196,109.3388718,22.9386117
WS030,1,1,89,未记录,水库,488313196,109.3392205,22.9387426
WS030,1,1,90,未记录,水库,488313196,109.340036,22.9392292
WS030,1,1,91,未记录,水库,488313196,109.3401808,22.9396244
WS030,1,1,92,未记录,水库,488313196,109.3400037,22.9400913
WS030,1,1,93,未记录,水库,488313196,109.3397194,22.9401703
WS030,1,1,94,未记录,水库,488313196,109.3393922,22.9401851
WS030,1,1,95,未记录,水库,488313196,109.3394297,22.940279
WS030,1,1,96,未记录,水库,488313196,109.339698,22.9403333
WS030,1,1,97,未记录,水库,488313196,109.3399018,22.9403383
WS030,1,1,98,未记录,水库,488313196,109.3401217,22.9403481
WS030,1,1,99,未记录,水库,488313196,109.3402988,22.9402691
WS030,1,1,100,未记录,水库,488313196,109.3405348,22.9399282
WS030,1,1,101,未记录,水库,488313196,109.3409264,22.9400023
WS030,1,1,102,未记录,水库,488313196,109.3411571,22.9402889
WS030,1,1,103,未记录,水库,488313196,109.3416023,22.9404173
WS030,1,1,104,未记录,水库,488313196,109.341613,22.9404766
WS030,1,1,105,未记录,水库,488313196,109.3413824,22.9405754
WS030,1,1,106,未记录,水库,488313196,109.3413234,22.940689
WS030,1,1,107,未记录,水库,488313196,109.3413502,22.9409163
WS030,1,1,108,未记录,水库,488313196,109.341613,22.9411929
WS030,1,1,109,未记录,水库,488313196,109.3415594,22.9413263
WS030,1,1,110,未记录,水库,488313196,109.341141,22.9415288
WS030,1,1,111,未记录,水库,488313196,109.3409747,22.941514
WS030,1,1,112,未记录,水库,488313196,109.341082,22.9417215
WS030,1,1,113,未记录,水库,488313196,109.3410015,22.9419142
WS030,1,1,114,未记录,水库,488313196,109.3410337,22.9420673
WS030,1,1,115,未记录,水库,488313196,109.3412161,22.9417561
WS030,1,1,116,未记录,水库,488313196,109.3416667,22.9415387
WS030,1,1,117,未记录,水库,488313196,109.3420422,22.9414646
WS030,1,1,118,未记录,水库,488313196,109.3421602,22.9413856
WS030,1,1,119,未记录,水库,488313196,109.3422836,22.9413411
WS030,1,1,120,未记录,水库,488313196,109.3423158,22.9412275
WS030,1,1,121,未记录,水库,488313196,109.3421334,22.941104
WS030,1,1,122,未记录,水库,488313196,109.3419564,22.9407582
WS030,1,1,123,未记录,水库,488313196,109.3421012,22.9403778
WS030,1,1,124,未记录,水库,488313196,109.3422568,22.9403729
WS030,1,1,125,未记录,水库,488313196,109.3425411,22.9405211
WS030,1,1,126,未记录,水库,488313196,109.3429863,22.9405458
WS030,1,1,127,未记录,水库,488313196,109.3431419,22.9406643
WS030,1,1,128,未记录,水库,488313196,109.3432814,22.9408767
WS030,1,1,129,未记录,水库,488313196,109.3436891,22.9412176
WS030,1,1,130,未记录,水库,488313196,109.3439197,22.9417215
WS030,1,1,131,未记录,水库,488313196,109.3445742,22.9424181
WS030,1,1,132,未记录,水库,488313196,109.3446279,22.9426305
WS030,1,1,133,未记录,水库,488313196,109.3446547,22.9430158
WS030,1,1,134,未记录,水库,488313196,109.3445635,22.9434357
WS030,1,1,135,未记录,水库,488313196,109.3446386,22.9437667
WS030,1,1,136,未记录,水库,488313196,109.3442577,22.9443447
WS030,1,1,137,未记录,水库,488313196,109.3441719,22.9447152
WS030,1,1,138,未记录,水库,488313196,109.3443006,22.9448486
WS030,1,1,139,未记录,水库,488313196,109.3445581,22.9447843
WS030,1,1,140,未记录,水库,488313196,109.3446118,22.9449523
WS030,1,1,141,未记录,水库,488313196,109.3446064,22.9451993
WS030,1,1,142,未记录,水库,488313196,109.3447673,22.9452932
WS030,1,1,143,未记录,水库,488313196,109.3450731,22.9452833
WS030,1,1,144,未记录,水库,488313196,109.3450946,22.9453969
WS030,1,1,145,未记录,水库,488313196,109.3446171,22.9456093
WS030,1,1,146,未记录,水库,488313196,109.3447351,22.9460094
WS030,1,1,147,未记录,水库,488313196,109.3446386,22.9461972
WS030,1,1,148,未记录,水库,488313196,109.3442577,22.9466171
WS030,1,1,149,未记录,水库,488313196,109.3443382,22.9472938
WS030,1,1,150,未记录,水库,488313196,109.3440431,22.9475853
WS030,1,1,151,未记录,水库,488313196,109.34407,22.9478273
WS030,1,1,152,未记录,水库,488313196,109.3439573,22.9479706
WS030,1,1,153,未记录,水库,488313196,109.344027,22.9482077
WS030,1,1,154,未记录,水库,488313196,109.3436998,22.9496057
WS030,1,1,155,未记录,水库,488313196,109.3437856,22.9498181
WS030,1,1,156,未记录,水库,488313196,109.3440002,22.9494772
WS030,1,1,157,未记录,水库,488313196,109.344424,22.9481336
WS030,1,1,158,未记录,水库,488313196,109.3446815,22.9480595
WS030,1,1,159,未记录,水库,488313196,109.345336,22.9481929
WS030,1,1,160,未记录,水库,488313196,109.345985,22.94884
WS030,1,1,161,未记录,水库,488313196,109.3462425,22.9485337
WS030,1,1,162,未记录,水库,488313196,109.3453199,22.9475754
WS030,1,1,163,未记录,水库,488313196,109.3453628,22.9473284
WS030,1,1,164,未记录,水库,488313196,109.3456471,22.9471012
WS030,1,1,165,未记录,水库,488313196,109.3460226,22.9470567
WS030,1,1,166,未记录,水库,488313196,109.3462962,22.9468344
WS030,1,1,167,未记录,水库,488313196,109.3461943,22.9466665
WS030,1,1,168,未记录,水库,488313196,109.3457812,22.9465726
WS030,1,1,169,未记录,水库,488313196,109.345572,22.9462861
WS030,1,1,170,未记录,水库,488313196,109.345513,22.9456834
WS030,1,1,171,未记录,水库,488313196,109.3453842,22.9453277
WS030,1,1,172,未记录,水库,488313196,109.3454701,22.9450956
WS030,1,1,173,未记录,水库,488313196,109.3455023,22.9447349
WS030,1,1,174,未记录,水库,488313196,109.3457437,22.944399
WS030,1,1,175,未记录,水库,488313196,109.3458992,22.9442558
WS030,1,1,176,未记录,水库,488313196,109.3462425,22.9439692
WS030,1,1,177,未记录,水库,488313196,109.3469399,22.9436975
WS030,1,1,178,未记录,水库,488313196,109.3470043,22.9435098
WS030,1,1,179,未记录,水库,488313196,109.3469077,22.9431887
WS030,1,1,180,未记录,水库,488313196,109.3466717,22.9428182
WS030,1,1,181,未记录,水库,488313196,109.3459904,22.9429713
WS030,1,1,182,未记录,水库,488313196,109.3458939,22.9427589
WS030,1,1,183,未记录,水库,488313196,109.3458188,22.9423094
WS030,1,1,184,未记录,水库,488313196,109.3454486,22.941761
WS031,1,1,1,未记录,一般水体,521885854,109.0442548,23.1437932
WS031,1,1,2,未记录,一般水体,521885854,109.044442,23.1439887
WS031,1,1,3,未记录,一般水体,521885854,109.0449177,23.1447518
WS031,1,1,4,未记录,一般水体,521885854,109.0452619,23.144561
WS031,1,1,5,未记录,一般水体,521885854,109.0452619,23.144468
WS031,1,1,6,未记录,一般水体,521885854,109.0453631,23.1443982
WS031,1,1,7,未记录,一般水体,521885854,109.045358,23.1441981
WS031,1,1,8,未记录,一般水体,521885854,109.0453732,23.1440538
WS031,1,1,9,未记录,一般水体,521885854,109.0452416,23.1436955
WS031,1,1,10,未记录,一般水体,521885854,109.0448418,23.1434861
WS031,1,1,11,未记录,一般水体,521885854,109.0445483,23.1434861
WS031,1,1,12,未记录,一般水体,521885854,109.0442548,23.1437932
WS032,1,1,1,未记录,一般水体,521885855,109.0448584,23.1447831
WS032,1,1,2,未记录,一般水体,521885855,109.0443862,23.1440255
WS032,1,1,3,未记录,一般水体,521885855,109.0442035,23.1438348
WS032,1,1,4,未记录,一般水体,521885855,109.044022,23.143877
WS032,1,1,5,未记录,一般水体,521885855,109.0437234,23.1438863
WS032,1,1,6,未记录,一般水体,521885855,109.0434654,23.144105
WS032,1,1,7,未记录,一般水体,521885855,109.0436222,23.1445424
WS032,1,1,8,未记录,一般水体,521885855,109.0437538,23.1450961
WS032,1,1,9,未记录,一般水体,521885855,109.0439613,23.145273
WS032,1,1,10,未记录,一般水体,521885855,109.0441941,23.1452032
WS032,1,1,11,未记录,一般水体,521885855,109.0443611,23.1452078
WS032,1,1,12,未记录,一般水体,521885855,109.0445382,23.145017
WS032,1,1,13,未记录,一般水体,521885855,109.0448584,23.1447831
WS033,1,1,1,未记录,一般水体,521885856,109.033157,23.1254254
WS033,1,1,2,未记录,一般水体,521885856,109.0330912,23.1253742
WS033,1,1,3,未记录,一般水体,521885856,109.0330052,23.1254021
WS033,1,1,4,未记录,一般水体,521885856,109.0329444,23.1258117
WS033,1,1,5,未记录,一般水体,521885856,109.032823,23.125956
WS033,1,1,6,未记录,一般水体,521885856,109.0329242,23.1263283
WS033,1,1,7,未记录,一般水体,521885856,109.0328115,23.126475968181825
WS033,1,1,8,未记录,一般水体,521885856,109.0328115,23.126741257648277
WS033,1,1,9,未记录,一般水体,521885856,109.0328179,23.1267518
WS033,1,1,10,未记录,一般水体,521885856,109.0331469,23.1266308
WS033,1,1,11,未记录,一般水体,521885856,109.0331418,23.126291
WS033,1,1,12,未记录,一般水体,521885856,109.0332278,23.1258396
WS033,1,1,13,未记录,一般水体,521885856,109.0332127,23.1255929
WS033,1,1,14,未记录,一般水体,521885856,109.033157,23.1254254
WS034,1,1,1,未记录,一般水体,521885857,109.0430605,23.1442911
WS034,1,1,2,未记录,一般水体,521885857,109.0432984,23.1438863
WS034,1,1,3,未记录,一般水体,521885857,109.0432174,23.1434023
WS034,1,1,4,未记录,一般水体,521885857,109.0431314,23.1432069
WS034,1,1,5,未记录,一般水体,521885857,109.0429542,23.1431418
WS034,1,1,6,未记录,一般水体,521885857,109.0428227,23.1430161
WS034,1,1,7,未记录,一般水体,521885857,109.0426961,23.1430627
WS034,1,1,8,未记录,一般水体,521885857,109.0425443,23.1430627
WS034,1,1,9,未记录,一般水体,521885857,109.0421142,23.1433605
WS034,1,1,10,未记录,一般水体,521885857,109.0419725,23.1434675
WS034,1,1,11,未记录,一般水体,521885857,109.0419624,23.1438537
WS034,1,1,12,未记录,一般水体,521885857,109.0421192,23.143998
WS034,1,1,13,未记录,一般水体,521885857,109.0424836,23.1441562
WS034,1,1,14,未记录,一般水体,521885857,109.0430605,23.1442911
WS035,1,1,1,未记录,一般水体,521885858,109.0333859,23.1265985
WS035,1,1,2,未记录,一般水体,521885858,109.0337491,23.1266587
WS035,1,1,3,未记录,一般水体,521885858,109.033997,23.1265982
WS035,1,1,4,未记录,一般水体,521885858,109.0341792,23.1262864
WS035,1,1,5,未记录,一般水体,521885858,109.0342501,23.1259932
WS035,1,1,6,未记录,一般水体,521885858,109.0343513,23.1257838
WS035,1,1,7,未记录,一般水体,521885858,109.0343614,23.1256488
WS035,1,1,8,未记录,一般水体,521885858,109.0342551,23.1255929
WS035,1,1,9,未记录,一般水体,521885858,109.034164,23.1256348
WS035,1,1,10,未记录,一般水体,521885858,109.0337693,23.1255278
WS035,1,1,11,未记录,一般水体,521885858,109.0336226,23.1253184
WS035,1,1,12,未记录,一般水体,521885858,109.0335416,23.1253556
WS035,1,1,13,未记录,一般水体,521885858,109.0335163,23.1254208
WS035,1,1,14,未记录,一般水体,521885858,109.0332158,23.1254642
WS035,1,1,15,未记录,一般水体,521885858,109.0332562,23.1255858
WS035,1,1,16,未记录,一般水体,521885858,109.033272,23.125842
WS035,1,1,17,未记录,一般水体,521885858,109.0331858,23.1262943
WS035,1,1,18,未记录,一般水体,521885858,109.0331912,23.1265044
WS035,1,1,19,未记录,一般水体,521885858,109.0333859,23.1265985
WS036,1,1,1,未记录,一般水体,521885859,109.0391942,23.1246249
WS036,1,1,2,未记录,一般水体,521885859,109.0393208,23.1245039
WS036,1,1,3,未记录,一般水体,521885859,109.0394068,23.1241688
WS036,1,1,4,未记录,一般水体,521885859,109.0395282,23.1238058
WS036,1,1,5,未记录,一般水体,521885859,109.0396143,23.1235452
WS036,1,1,6,未记录,一般水体,521885859,109.0396193,23.1230891
WS036,1,1,7,未记录,一般水体,521885859,109.0394574,23.1230426
WS036,1,1,8,未记录,一般水体,521885859,109.0394928,23.1235359
WS036,1,1,9,未记录,一般水体,521885859,109.0393461,23.1235126
WS036,1,1,10,未记录,一般水体,521885859,109.0391993,23.1233823
WS036,1,1,11,未记录,一般水体,521885859,109.0391133,23.1233823
WS036,1,1,12,未记录,一般水体,521885859,109.0390272,23.1233032
WS036,1,1,13,未记录,一般水体,521885859,109.0391031,23.123252
WS036,1,1,14,未记录,一般水体,521885859,109.0389969,23.1230705
WS036,1,1,15,未记录,一般水体,521885859,109.0387185,23.1231217
WS036,1,1,16,未记录,一般水体,521885859,109.0384959,23.1233218
WS036,1,1,17,未记录,一般水体,521885859,109.0384352,23.1236569
WS036,1,1,18,未记录,一般水体,521885859,109.0385212,23.1238989
WS036,1,1,19,未记录,一般水体,521885859,109.0387337,23.1240525
WS036,1,1,20,未记录,一般水体,521885859,109.0388957,23.1236988
WS036,1,1,21,未记录,一般水体,521885859,109.039007,23.1236895
WS036,1,1,22,未记录,一般水体,521885859,109.0390525,23.1238477
WS036,1,1,23,未记录,一般水体,521885859,109.0390171,23.1240478
WS036,1,1,24,未记录,一般水体,521885859,109.0388906,23.1240897
WS036,1,1,25,未记录,一般水体,521885859,109.0389108,23.1242154
WS036,1,1,26,未记录,一般水体,521885859,109.0389361,23.1243131
WS036,1,1,27,未记录,一般水体,521885859,109.0391942,23.1246249
WS037,1,1,1,未记录,一般水体,521885861,109.0462132,23.1438677
WS037,1,1,2,未记录,一般水体,521885861,109.0460867,23.1441236
WS037,1,1,3,未记录,一般水体,521885861,109.0461626,23.1442958
WS037,1,1,4,未记录,一般水体,521885861,109.0462993,23.1444447
WS037,1,1,5,未记录,一般水体,521885861,109.0465472,23.1443842
WS037,1,1,6,未记录,一般水体,521885861,109.0465169,23.1441236
WS037,1,1,7,未记录,一般水体,521885861,109.046527,23.1439096
WS037,1,1,8,未记录,一般水体,521885861,109.0462993,23.1438398
WS037,1,1,9,未记录,一般水体,521885861,109.0462132,23.1438677
WS038,1,1,1,未记录,一般水体,527318014,109.107336,22.95028
WS038,1,1,2,未记录,一般水体,527318014,109.1071439,22.950266
WS038,1,1,3,未记录,一般水体,527318014,109.1069923,22.950159
WS038,1,1,4,未记录,一般水体,527318014,109.1067598,22.9498192
WS038,1,1,5,未记录,一般水体,527318014,109.1064464,22.9495353
WS038,1,1,6,未记录,一般水体,527318014,109.1061785,22.9494515
WS038,1,1,7,未记录,一般水体,527318014,109.105754,22.9494655
WS038,1,1,8,未记录,一般水体,527318014,109.1050261,22.9494515
WS038,1,1,9,未记录,一般水体,527318014,109.1048745,22.949512
WS038,1,1,10,未记录,一般水体,527318014,109.1048442,22.9496936
WS038,1,1,11,未记录,一般水体,527318014,109.105112,22.9497261
WS038,1,1,12,未记录,一般水体,527318014,109.1052586,22.9498332
WS038,1,1,13,未记录,一般水体,527318014,109.1053294,22.9500054
WS038,1,1,14,未记录,一般水体,527318014,109.1057489,22.9500566
WS038,1,1,15,未记录,一般水体,527318014,109.1055771,22.9504755
WS038,1,1,16,未记录,一般水体,527318014,109.1055771,22.9505732
WS038,1,1,17,未记录,一般水体,527318014,109.1053597,22.9506244
WS038,1,1,18,未记录,一般水体,527318014,109.1054305,22.951276
WS038,1,1,19,未记录,一般水体,527318014,109.1052232,22.9515088
WS038,1,1,20,未记录,一般水体,527318014,109.1049655,22.9520021
WS038,1,1,21,未记录,一般水体,527318014,109.1050413,22.9520905
WS038,1,1,22,未记录,一般水体,527318014,109.1050059,22.9521929
WS038,1,1,23,未记录,一般水体,527318014,109.1051626,22.952286
WS038,1,1,24,未记录,一般水体,527318014,109.1051525,22.9523977
WS038,1,1,25,未记录,一般水体,527318014,109.1054002,22.9525001
WS038,1,1,26,未记录,一般水体,527318014,109.1056377,22.9526909
WS038,1,1,27,未记录,一般水体,527318014,109.1061735,22.9528818
WS038,1,1,28,未记录,一般水体,527318014,109.1064767,22.9526956
WS038,1,1,29,未记录,一般水体,527318014,109.1065627,22.9525932
WS038,1,1,30,未记录,一般水体,527318014,109.1067649,22.9525374
WS038,1,1,31,未记录,一般水体,527318014,109.1069367,22.9525746
WS038,1,1,32,未记录,一般水体,527318014,109.1070479,22.9523558
WS038,1,1,33,未记录,一般水体,527318014,109.1065728,22.9517508
WS038,1,1,34,未记录,一般水体,527318014,109.1065829,22.9514762
WS038,1,1,35,未记录,一般水体,527318014,109.1066688,22.9513877
WS038,1,1,36,未记录,一般水体,527318014,109.1068204,22.9513738
WS038,1,1,37,未记录,一般水体,527318014,109.1070782,22.9509316
WS038,1,1,38,未记录,一般水体,527318014,109.107336,22.95028
WS039,1,1,1,未记录,水库,527318038,109.1264417,22.9794508
WS039,1,1,2,未记录,水库,527318038,109.1272495,22.9795429
WS039,1,1,3,未记录,水库,527318038,109.1272638,22.9799049
WS039,1,1,4,未记录,水库,527318038,109.1274854,22.9801155
WS039,1,1,5,未记录,水库,527318038,109.1275283,22.980313
WS039,1,1,6,未记录,水库,527318038,109.1275069,22.9805104
WS039,1,1,7,未记录,水库,527318038,109.1276141,22.9806223
WS039,1,1,8,未记录,水库,527318038,109.1277356,22.9804841
WS039,1,1,9,未记录,水库,527318038,109.1278214,22.9802471
WS039,1,1,10,未记录,水库,527318038,109.1280716,22.980076
WS039,1,1,11,未记录,水库,527318038,109.128236,22.9798391
WS039,1,1,12,未记录,水库,527318038,109.1286006,22.9798062
WS039,1,1,13,未记录,水库,527318038,109.1290367,22.979714
WS039,1,1,14,未记录,水库,527318038,109.129244,22.9798391
WS039,1,1,15,未记录,水库,527318038,109.1290868,22.9804446
WS039,1,1,16,未记录,水库,527318038,109.1290868,22.9808066
WS039,1,1,17,未记录,水库,527318038,109.1291868,22.9807934
WS039,1,1,18,未记录,水库,527318038,109.1292583,22.9803393
WS039,1,1,19,未记录,水库,527318038,109.1294942,22.9800102
WS039,1,1,20,未记录,水库,527318038,109.1297873,22.9799378
WS039,1,1,21,未记录,水库,527318038,109.1302592,22.9800497
WS039,1,1,22,未记录,水库,527318038,109.1303235,22.9801879
WS039,1,1,23,未记录,水库,527318038,109.1303664,22.9804183
WS039,1,1,24,未记录,水库,527318038,109.1305952,22.9801484
WS039,1,1,25,未记录,水库,527318038,109.1309454,22.9801616
WS039,1,1,26,未记录,水库,527318038,109.1310455,22.9803393
WS039,1,1,27,未记录,水库,527318038,109.1313529,22.9805236
WS039,1,1,28,未记录,水库,527318038,109.131403,22.9806881
WS039,1,1,29,未记录,水库,527318038,109.1318319,22.9807342
WS039,1,1,30,未记录,水库,527318038,109.1320607,22.9809711
WS039,1,1,31,未记录,水库,527318038,109.1322322,22.9809711
WS039,1,1,32,未记录,水库,527318038,109.1325825,22.9809382
WS039,1,1,33,未记录,水库,527318038,109.1323395,22.9807276
WS039,1,1,34,未记录,水库,527318038,109.1323538,22.980234
WS039,1,1,35,未记录,水库,527318038,109.132125,22.9801221
WS039,1,1,36,未记录,水库,527318038,109.1316317,22.9802735
WS039,1,1,37,未记录,水库,527318038,109.1312314,22.980155
WS039,1,1,38,未记录,水库,527318038,109.1310098,22.9799576
WS039,1,1,39,未记录,水库,527318038,109.1304808,22.9799378
WS039,1,1,40,未记录,水库,527318038,109.1303664,22.9797601
WS039,1,1,41,未记录,水库,527318038,109.1300804,22.979714
WS039,1,1,42,未记录,水库,527318038,109.1298159,22.9797733
WS039,1,1,43,未记录,水库,527318038,109.1294728,22.9796482
WS039,1,1,44,未记录,水库,527318038,109.129337,22.9794179
WS039,1,1,45,未记录,水库,527318038,109.1291511,22.979385
WS039,1,1,46,未记录,水库,527318038,109.1288866,22.9794113
WS039,1,1,47,未记录,水库,527318038,109.1290224,22.9790888
WS039,1,1,48,未记录,水库,527318038,109.1289581,22.9789901
WS039,1,1,49,未记录,水库,527318038,109.1287222,22.9793192
WS039,1,1,50,未记录,水库,527318038,109.1285006,22.9794376
WS039,1,1,51,未记录,水库,527318038,109.1279858,22.9793389
WS039,1,1,52,未记录,水库,527318038,109.1279001,22.9789572
WS039,1,1,53,未记录,水库,527318038,109.1275927,22.9788782
WS039,1,1,54,未记录,水库,527318038,109.1273067,22.9788255
WS039,1,1,55,未记录,水库,527318038,109.1268563,22.9788124
WS039,1,1,56,未记录,水库,527318038,109.1269278,22.978457
WS039,1,1,57,未记录,水库,527318038,109.1266133,22.9781476
WS039,1,1,58,未记录,水库,527318038,109.1257483,22.978174
WS039,1,1,59,未记录,水库,527318038,109.1256911,22.9784372
WS039,1,1,60,未记录,水库,527318038,109.1254909,22.978661
WS039,1,1,61,未记录,水库,527318038,109.1252764,22.9786873
WS039,1,1,62,未记录,水库,527318038,109.125205,22.9785623
WS039,1,1,63,未记录,水库,527318038,109.1253193,22.9782595
WS039,1,1,64,未记录,水库,527318038,109.1249905,22.9781147
WS039,1,1,65,未记录,水库,527318038,109.124726,22.9781608
WS039,1,1,66,未记录,水库,527318038,109.1242399,22.9782793
WS039,1,1,67,未记录,水库,527318038,109.1240826,22.978536
WS039,1,1,68,未记录,水库,527318038,109.1236894,22.9787071
WS039,1,1,69,未记录,水库,527318038,109.123668,22.9789769
WS039,1,1,70,未记录,水库,527318038,109.1242327,22.9790493
WS039,1,1,71,未记录,水库,527318038,109.124533,22.9789308
WS039,1,1,72,未记录,水库,527318038,109.1247403,22.9791151
WS039,1,1,73,未记录,水库,527318038,109.1247617,22.9793389
WS039,1,1,74,未记录,水库,527318038,109.124533,22.9796285
WS039,1,1,75,未记录,水库,527318038,109.1243614,22.9800036
WS039,1,1,76,未记录,水库,527318038,109.123911,22.9801945
WS039,1,1,77,未记录,水库,527318038,109.1238395,22.9804643
WS039,1,1,78,未记录,水库,527318038,109.1240326,22.9807078
WS039,1,1,79,未记录,水库,527318038,109.1240969,22.9810369
WS039,1,1,80,未记录,水库,527318038,109.1242685,22.9819583
WS039,1,1,81,未记录,水库,527318038,109.1245759,22.982498
WS039,1,1,82,未记录,水库,527318038,109.1249405,22.9826099
WS039,1,1,83,未记录,水库,527318038,109.125255,22.9825309
WS039,1,1,84,未记录,水库,527318038,109.1254552,22.982419
WS039,1,1,85,未记录,水库,527318038,109.1254337,22.9821558
WS039,1,1,86,未记录,水库,527318038,109.1256553,22.9816227
WS039,1,1,87,未记录,水库,527318038,109.1253837,22.9810962
WS039,1,1,88,未记录,水库,527318038,109.1255338,22.9805236
WS039,1,1,89,未记录,水库,527318038,109.125448,22.980313
WS039,1,1,90,未记录,水库,527318038,109.1250763,22.9800431
WS039,1,1,91,未记录,水库,527318038,109.1250906,22.979872
WS039,1,1,92,未记录,水库,527318038,109.1254123,22.9794639
WS039,1,1,93,未记录,水库,527318038,109.1256911,22.9794113
WS039,1,1,94,未记录,水库,527318038,109.1259484,22.9792994
WS039,1,1,95,未记录,水库,527318038,109.1262058,22.9792928
WS039,1,1,96,未记录,水库,527318038,109.1264417,22.9794508
WS040,1,1,1,未记录,一般水体,527324683,109.2320649,23.0273956
WS040,1,1,2,未记录,一般水体,527324683,109.2318222,23.0270698
WS040,1,1,3,未记录,一般水体,527324683,109.2312811,23.026879
WS040,1,1,4,未记录,一般水体,527324683,109.2308006,23.0265718
WS040,1,1,5,未记录,一般水体,527324683,109.2305478,23.02626
WS040,1,1,6,未记录,一般水体,527324683,109.2302971,23.0262337
WS040,1,1,7,未记录,一般水体,527324683,109.229946,23.026232
WS040,1,1,8,未记录,一般水体,527324683,109.2300016,23.0265951
WS040,1,1,9,未记录,一般水体,527324683,109.2302595,23.026986
WS040,1,1,10,未记录,一般水体,527324683,109.2307753,23.0272048
WS040,1,1,11,未记录,一般水体,527324683,109.2313721,23.0273118
WS040,1,1,12,未记录,一般水体,527324683,109.2315997,23.0275724
WS040,1,1,13,未记录,一般水体,527324683,109.2317868,23.0284102
WS040,1,1,14,未记录,一般水体,527324683,109.2319688,23.0295272
WS040,1,1,15,未记录,一般水体,527324683,109.2320143,23.0304394
WS040,1,1,16,未记录,一般水体,527324683,109.2320346,23.0315145
WS040,1,1,17,未记录,一般水体,527324683,109.23207,23.0321568
WS040,1,1,18,未记录,一般水体,527324683,109.2323026,23.0323755
WS040,1,1,19,未记录,一般水体,527324683,109.232783,23.0328362
WS040,1,1,20,未记录,一般水体,527324683,109.2329145,23.0331155
WS040,1,1,21,未记录,一般水体,527324683,109.2329449,23.0337531
WS040,1,1,22,未记录,一般水体,527324683,109.2328387,23.0350003
WS040,1,1,23,未记录,一般水体,527324683,109.2329246,23.0360196
WS040,1,1,24,未记录,一般水体,527324683,109.2330561,23.0367176
WS040,1,1,25,未记录,一般水体,527324683,109.2333545,23.037304
WS040,1,1,26,未记录,一般水体,527324683,109.2344721,23.0379276
WS040,1,1,27,未记录,一般水体,527324683,109.2351195,23.0381603
WS040,1,1,28,未记录,一般水体,527324683,109.2355898,23.0383465
WS040,1,1,29,未记录,一般水体,527324683,109.2359691,23.0381417
WS040,1,1,30,未记录,一般水体,527324683,109.2365355,23.0374855
WS040,1,1,31,未记录,一般水体,527324683,109.2363939,23.0373366
WS040,1,1,32,未记录,一般水体,527324683,109.2360904,23.0374157
WS040,1,1,33,未记录,一般水体,527324683,109.235878,23.0379463
WS040,1,1,34,未记录,一般水体,527324683,109.2355948,23.0381278
WS040,1,1,35,未记录,一般水体,527324683,109.2353521,23.038058
WS040,1,1,36,未记录,一般水体,527324683,109.2350284,23.037816
WS040,1,1,37,未记录,一般水体,527324683,109.2342041,23.0375507
WS040,1,1,38,未记录,一般水体,527324683,109.2337186,23.0371504
WS040,1,1,39,未记录,一般水体,527324683,109.2333292,23.0367363
WS040,1,1,40,未记录,一般水体,527324683,109.2332584,23.0365036
WS040,1,1,41,未记录,一般水体,527324683,109.2331573,23.0359684
WS040,1,1,42,未记录,一般水体,527324683,109.2331826,23.0351632
WS040,1,1,43,未记录,一般水体,527324683,109.2332281,23.0338369
WS040,1,1,44,未记录,一般水体,527324683,109.2332938,23.0331294
WS040,1,1,45,未记录,一般水体,527324683,109.2331775,23.0328269
WS040,1,1,46,未记录,一般水体,527324683,109.2326414,23.0323662
WS040,1,1,47,未记录,一般水体,527324683,109.2323785,23.0319194
WS040,1,1,48,未记录,一般水体,527324683,109.2323279,23.0313888
WS040,1,1,49,未记录,一般水体,527324683,109.2324543,23.030579
WS040,1,1,50,未记录,一般水体,527324683,109.232333,23.0296249
WS040,1,1,51,未记录,一般水体,527324683,109.2322723,23.0293876
WS040,1,1,52,未记录,一般水体,527324683,109.2321661,23.0278843
WS040,1,1,53,未记录,一般水体,527324683,109.232156,23.0275957
WS040,1,1,54,未记录,一般水体,527324683,109.2326566,23.0276004
WS040,1,1,55,未记录,一般水体,527324683,109.2335568,23.0279122
WS040,1,1,56,未记录,一般水体,527324683,109.233223,23.0275724
WS040,1,1,57,未记录,一般水体,527324683,109.2327679,23.0274421
WS040,1,1,58,未记录,一般水体,527324683,109.2320649,23.0273956
WS041,1,1,1,未记录,一般水体,830425156,109.0702701,22.9428923
WS041,1,1,2,未记录,一般水体,830425156,109.0699589,22.9431097
WS041,1,1,3,未记录,一般水体,830425156,109.0699106,22.943327
WS041,1,1,4,未记录,一般水体,830425156,109.0699106,22.9435345
WS041,1,1,5,未记录,一般水体,830425156,109.0697658,22.943742
WS041,1,1,6,未记录,一般水体,830425156,109.0696478,22.9439001
WS041,1,1,7,未记录,一般水体,830425156,109.0694225,22.9439149
WS041,1,1,8,未记录,一般水体,830425156,109.0690523,22.9442162
WS041,1,1,9,未记录,一般水体,830425156,109.0691328,22.944315
WS041,1,1,10,未记录,一般水体,830425156,109.0694654,22.9443002
WS041,1,1,11,未记录,一般水体,830425156,109.0695995,22.9443002
WS041,1,1,12,未记录,一般水体,830425156,109.0697175,22.9443694
WS041,1,1,13,未记录,一般水体,830425156,109.0699804,22.9447102
WS041,1,1,14,未记录,一般水体,830425156,109.0700769,22.9447745
WS041,1,1,15,未记录,一般水体,830425156,109.070195,22.9446411
WS041,1,1,16,未记录,一般水体,830425156,109.0700984,22.9444287
WS041,1,1,17,未记录,一般水体,830425156,109.0701681,22.9441323
WS041,1,1,18,未记录,一般水体,830425156,109.0703505,22.9440384
WS041,1,1,19,未记录,一般水体,830425156,109.070608,22.9439939
WS041,1,1,20,未记录,一般水体,830425156,109.0707099,22.9438704
WS041,1,1,21,未记录,一般水体,830425156,109.070785,22.943495
WS041,1,1,22,未记录,一般水体,830425156,109.0704846,22.9431146
WS041,1,1,23,未记录,一般水体,830425156,109.0702701,22.9428923
WS042,1,1,1,未记录,一般水体,830425182,109.0775415,22.875246
WS042,1,1,2,未记录,一般水体,830425182,109.0776099,22.8754239
WS042,1,1,3,未记录,一般水体,830425182,109.0777025,22.8756192
WS042,1,1,4,未记录,一般水体,830425182,109.0775979,22.8757081
WS042,1,1,5,未记录,一般水体,830425182,109.0777802,22.8760096
WS042,1,1,6,未记录,一般水体,830425182,109.0780176,22.8763408
WS042,1,1,7,未记录,一般水体,830425182,109.0782255,22.8763062
WS042,1,1,8,未记录,一般水体,830425182,109.0785085,22.8763852
WS042,1,1,9,未记录,一般水体,830425182,109.0784267,22.8767868
WS042,1,1,10,未记录,一般水体,830425182,109.078766,22.8768684
WS042,1,1,11,未记录,一般水体,830425182,109.07888,22.8766756
WS042,1,1,12,未记录,一般水体,830425182,109.0789685,22.8763284
WS042,1,1,13,未记录,一般水体,830425182,109.0789926,22.8752114
WS042,1,1,14,未记录,一般水体,830425182,109.078947,22.8750607
WS042,1,1,15,未记录,一般水体,830425182,109.0775415,22.875246
WS043,1,1,1,未记录,一般水体,851213660,109.3184012,23.113656
WS043,1,1,2,未记录,一般水体,851213660,109.318428,23.1132909
WS043,1,1,3,未记录,一般水体,851213660,109.3183905,23.113128
WS043,1,1,4,未记录,一般水体,851213660,109.318487,23.1129307
WS043,1,1,5,未记录,一般水体,851213660,109.3185139,23.112684
WS043,1,1,6,未记录,一般水体,851213660,109.3185943,23.1126051
WS043,1,1,7,未记录,一般水体,851213660,109.3187875,23.1124965
WS043,1,1,8,未记录,一般水体,851213660,109.3187553,23.1124324
WS043,1,1,9,未记录,一般水体,851213660,109.3185782,23.1124077
WS043,1,1,10,未记录,一般水体,851213660,109.3183744,23.1121857
WS043,1,1,11,未记录,一般水体,851213660,109.3184066,23.1123584
WS043,1,1,12,未记录,一般水体,851213660,109.3183261,23.1124768
WS043,1,1,13,未记录,一般水体,851213660,109.3182939,23.1126593
WS043,1,1,14,未记录,一般水体,851213660,109.3182939,23.1128715
WS043,1,1,15,未记录,一般水体,851213660,109.3181705,23.1130442
WS043,1,1,16,未记录,一般水体,851213660,109.3179882,23.113207
WS043,1,1,17,未记录,一般水体,851213660,109.3177092,23.1132317
WS043,1,1,18,未记录,一般水体,851213660,109.3175751,23.1131231
WS043,1,1,19,未记录,一般水体,851213660,109.3174785,23.1131823
WS043,1,1,20,未记录,一般水体,851213660,109.3173873,23.1132761
WS043,1,1,21,未记录,一般水体,851213660,109.3172747,23.1133501
WS043,1,1,22,未记录,一般水体,851213660,109.3172586,23.1134438
WS043,1,1,23,未记录,一般水体,851213660,109.317264,23.1135178
WS043,1,1,24,未记录,一般水体,851213660,109.3172103,23.1136609
WS043,1,1,25,未记录,一般水体,851213660,109.3172479,23.1137546
WS043,1,1,26,未记录,一般水体,851213660,109.3173659,23.1137152
WS043,1,1,27,未记录,一般水体,851213660,109.3176019,23.1134783
WS043,1,1,28,未记录,一般水体,851213660,109.3177897,23.1134537
WS043,1,1,29,未记录,一般水体,851213660,109.3178594,23.1135869
WS043,1,1,30,未记录,一般水体,851213660,109.3178379,23.113725
WS043,1,1,31,未记录,一般水体,851213660,109.3177843,23.1138138
WS043,1,1,32,未记录,一般水体,851213660,109.3176877,23.1138533
WS043,1,1,33,未记录,一般水体,851213660,109.3176287,23.1139471
WS043,1,1,34,未记录,一般水体,851213660,109.3174517,23.1140112
WS043,1,1,35,未记录,一般水体,851213660,109.3172479,23.1140901
WS043,1,1,36,未记录,一般水体,851213660,109.3170977,23.1141197
WS043,1,1,37,未记录,一般水体,851213660,109.3170172,23.1142184
WS043,1,1,38,未记录,一般水体,851213660,109.3168241,23.1142826
WS043,1,1,39,未记录,一般水体,851213660,109.3168777,23.1143467
WS043,1,1,40,未记录,一般水体,851213660,109.3167651,23.114401
WS043,1,1,41,未记录,一般水体,851213660,109.3166739,23.1145194
WS043,1,1,42,未记录,一般水体,851213660,109.316588,23.1144996
WS043,1,1,43,未记录,一般水体,851213660,109.31647,23.1144207
WS043,1,1,44,未记录,一般水体,851213660,109.316116,23.1143812
WS043,1,1,45,未记录,一般水体,851213660,109.3159443,23.1145638
WS043,1,1,46,未记录,一般水体,851213660,109.3157619,23.1147167
WS043,1,1,47,未记录,一般水体,851213660,109.31566,23.1148993
WS043,1,1,48,未记录,一般水体,851213660,109.3159068,23.1147365
WS043,1,1,49,未记录,一般水体,851213660,109.3161052,23.1147562
WS043,1,1,50,未记录,一般水体,851213660,109.3162447,23.1148055
WS043,1,1,51,未记录,一般水体,851213660,109.316352,23.1151065
WS043,1,1,52,未记录,一般水体,851213660,109.3164647,23.1151509
WS043,1,1,53,未记录,一般水体,851213660,109.316647,23.1150769
WS043,1,1,54,未记录,一般水体,851213660,109.3168402,23.1150325
WS043,1,1,55,未记录,一般水体,851213660,109.3169367,23.1147957
WS043,1,1,56,未记录,一般水体,851213660,109.3170869,23.1147266
WS043,1,1,57,未记录,一般水体,851213660,109.3172049,23.114623
WS043,1,1,58,未记录,一般水体,851213660,109.3175429,23.1145884
WS043,1,1,59,未记录,一般水体,851213660,109.3176609,23.1147365
WS043,1,1,60,未记录,一般水体,851213660,109.3175214,23.1149634
WS043,1,1,61,未记录,一般水体,851213660,109.3173873,23.1150177
WS043,1,1,62,未记录,一般水体,851213660,109.3171996,23.115072
WS043,1,1,63,未记录,一般水体,851213660,109.3170547,23.1151558
WS043,1,1,64,未记录,一般水体,851213660,109.3170977,23.1152594
WS043,1,1,65,未记录,一般水体,851213660,109.3170655,23.1153482
WS043,1,1,66,未记录,一般水体,851213660,109.3170601,23.1154667
WS043,1,1,67,未记录,一般水体,851213660,109.3169099,23.1155407
WS043,1,1,68,未记录,一般水体,851213660,109.316808,23.1156492
WS043,1,1,69,未记录,一般水体,851213660,109.316867,23.1156936
WS043,1,1,70,未记录,一般水体,851213660,109.3170494,23.1156245
WS043,1,1,71,未记录,一般水体,851213660,109.3172479,23.1156393
WS043,1,1,72,未记录,一般水体,851213660,109.3172318,23.1153581
WS043,1,1,73,未记录,一般水体,851213660,109.3173981,23.115215
WS043,1,1,74,未记录,一般水体,851213660,109.3175805,23.1151312
WS043,1,1,75,未记录,一般水体,851213660,109.3176502,23.1150917
WS043,1,1,76,未记录,一般水体,851213660,109.317736,23.1150226
WS043,1,1,77,未记录,一般水体,851213660,109.3178809,23.115072
WS043,1,1,78,未记录,一般水体,851213660,109.3179989,23.1150078
WS043,1,1,79,未记录,一般水体,851213660,109.3180257,23.1147019
WS043,1,1,80,未记录,一般水体,851213660,109.3179077,23.1145194
WS043,1,1,81,未记录,一般水体,851213660,109.3179184,23.1144108
WS043,1,1,82,未记录,一般水体,851213660,109.318015,23.1143516
WS043,1,1,83,未记录,一般水体,851213660,109.3181491,23.1143467
WS043,1,1,84,未记录,一般水体,851213660,109.3182135,23.1143122
WS043,1,1,85,未记录,一般水体,851213660,109.3181437,23.114174
WS043,1,1,86,未记录,一般水体,851213660,109.3181974,23.1138928
WS043,1,1,87,未记录,一般水体,851213660,109.3182725,23.1137793
WS043,1,1,88,未记录,一般水体,851213660,109.3184012,23.113656
WS044,1,1,1,未记录,一般水体,851213694,109.3774527,23.1272578
WS044,1,1,2,未记录,一般水体,851213694,109.3777853,23.1273614
WS044,1,1,3,未记录,一般水体,851213694,109.3779248,23.1273959
WS044,1,1,4,未记录,一般水体,851213694,109.3780965,23.1272824
WS044,1,1,5,未记录,一般水体,851213694,109.3782091,23.1272528
WS044,1,1,6,未记录,一般水体,851213694,109.3782788,23.1260244
WS044,1,1,7,未记录,一般水体,851213694,109.3781555,23.1258962
WS044,1,1,8,未记录,一般水体,851213694,109.3779355,23.1258863
WS044,1,1,9,未记录,一般水体,851213694,109.3777531,23.1259554
WS044,1,1,10,未记录,一般水体,851213694,109.3777209,23.1261478
WS044,1,1,11,未记录,一般水体,851213694,109.3775374,23.1262978
WS044,1,1,12,未记录,一般水体,851213694,109.3774205,23.126424
WS044,1,1,13,未记录,一般水体,851213694,109.3773454,23.1267003
WS044,1,1,14,未记录,一般水体,851213694,109.3774044,23.127016
WS044,1,1,15,未记录,一般水体,851213694,109.3774527,23.1272578
WS045,1,1,1,未记录,一般水体,851213705,109.304899,23.1521095
WS045,1,1,2,未记录,一般水体,851213705,109.3051028,23.152287
WS045,1,1,3,未记录,一般水体,851213705,109.3052369,23.1524449
WS045,1,1,4,未记录,一般水体,851213705,109.3053496,23.152509
WS045,1,1,5,未记录,一般水体,851213705,109.3057895,23.1524695
WS045,1,1,6,未记录,一般水体,851213705,109.3060148,23.1523364
WS045,1,1,7,未记录,一般水体,851213705,109.3062723,23.15207
WS045,1,1,8,未记录,一般水体,851213705,109.3061113,23.1519122
WS045,1,1,9,未记录,一般水体,851213705,109.3060362,23.151779
WS045,1,1,10,未记录,一般水体,851213705,109.3058377,23.1517839
WS045,1,1,11,未记录,一般水体,851213705,109.3056768,23.1517247
WS045,1,1,12,未记录,一般水体,851213705,109.305532,23.1517001
WS045,1,1,13,未记录,一般水体,851213705,109.3055212,23.1515274
WS045,1,1,14,未记录,一般水体,851213705,109.3053013,23.1513795
WS045,1,1,15,未记录,一般水体,851213705,109.3050331,23.1515028
WS045,1,1,16,未记录,一般水体,851213705,109.3050545,23.1516507
WS045,1,1,17,未记录,一般水体,851213705,109.3049633,23.1517938
WS045,1,1,18,未记录,一般水体,851213705,109.3048614,23.1519763
WS045,1,1,19,未记录,一般水体,851213705,109.304899,23.1521095
WS046,1,1,1,未记录,一般水体,858090459,109.2508203,22.9368258
WS046,1,1,2,未记录,一般水体,858090459,109.2508364,22.9366084
WS046,1,1,3,未记录,一般水体,858090459,109.2509061,22.9364454
WS046,1,1,4,未记录,一般水体,858090459,109.2509973,22.9361045
WS046,1,1,5,未记录,一般水体,858090459,109.2512333,22.9356895
WS046,1,1,6,未记录,一般水体,858090459,109.2513299,22.9355018
WS046,1,1,7,未记录,一般水体,858090459,109.2510295,22.935403
WS046,1,1,8,未记录,一般水体,858090459,109.2509597,22.9356352
WS046,1,1,9,未记录,一般水体,858090459,109.2508095,22.9356846
WS046,1,1,10,未记录,一般水体,858090459,109.2507076,22.9360007
WS046,1,1,11,未记录,一般水体,858090459,109.2504126,22.9362033
WS046,1,1,12,未记录,一般水体,858090459,109.2503536,22.936312
WS046,1,1,13,未记录,一般水体,858090459,109.2502677,22.936396
WS046,1,1,14,未记录,一般水体,858090459,109.2501658,22.9363466
WS046,1,1,15,未记录,一般水体,858090459,109.2498922,22.9366578
WS046,1,1,16,未记录,一般水体,858090459,109.2503965,22.9367072
WS046,1,1,17,未记录,一般水体,858090459,109.2508203,22.9368258
WS047,1,1,1,未记录,一般水体,858128093,109.2501068,22.8898751
WS047,1,1,2,未记录,一般水体,858128093,109.2502356,22.8892771
WS047,1,1,3,未记录,一般水体,858128093,109.2501819,22.8889905
WS047,1,1,4,未记录,一般水体,858128093,109.2500693,22.8885902
WS047,1,1,5,未记录,一般水体,858128093,109.250021,22.8883678
WS047,1,1,6,未记录,一般水体,858128093,109.2498225,22.8882838
WS047,1,1,7,未记录,一般水体,858128093,109.2492861,22.8886594
WS047,1,1,8,未记录,一般水体,858128093,109.2493504,22.8891585
WS047,1,1,9,未记录,一般水体,858128093,109.2493397,22.8894353
WS047,1,1,10,未记录,一般水体,858128093,109.2492753,22.8897021
WS047,1,1,11,未记录,一般水体,858128093,109.2493772,22.8897861
WS047,1,1,12,未记录,一般水体,858128093,109.2498708,22.8898702
WS047,1,1,13,未记录,一般水体,858128093,109.2501068,22.8898751
WS048,1,1,1,未记录,一般水体,858128094,109.2476714,22.8912885
WS048,1,1,2,未记录,一般水体,858128094,109.2476553,22.8911254
WS048,1,1,3,未记录,一般水体,858128094,109.2474407,22.8909821
WS048,1,1,4,未记录,一般水体,858128094,109.2471671,22.8909574
WS048,1,1,5,未记录,一般水体,858128094,109.2468077,22.8911551
WS048,1,1,6,未记录,一般水体,858128094,109.2467809,22.8914269
WS048,1,1,7,未记录,一般水体,858128094,109.2468721,22.8915751
WS048,1,1,8,未记录,一般水体,858128094,109.2471188,22.8917679
WS048,1,1,9,未记录,一般水体,858128094,109.2473119,22.8917827
WS048,1,1,10,未记录,一般水体,858128094,109.2475694,22.8916838
WS048,1,1,11,未记录,一般水体,858128094,109.2475802,22.8915801
WS048,1,1,12,未记录,一般水体,858128094,109.2472851,22.8915751
WS048,1,1,13,未记录,一般水体,858128094,109.2471081,22.8916295
WS048,1,1,14,未记录,一般水体,858128094,109.2470115,22.8915652
WS048,1,1,15,未记录,一般水体,858128094,109.2469525,22.891412
WS048,1,1,16,未记录,一般水体,858128094,109.2470169,22.8912391
WS048,1,1,17,未记录,一般水体,858128094,109.2471564,22.8911798
WS048,1,1,18,未记录,一般水体,858128094,109.2474407,22.8912144
WS048,1,1,19,未记录,一般水体,858128094,109.2476714,22.8912885
WS049,1,1,1,未记录,一般水体,858384963,109.0722108,22.884041
WS049,1,1,2,未记录,一般水体,858384963,109.0720081,22.88391
WS049,1,1,3,未记录,一般水体,858384963,109.0714073,22.8838853
WS049,1,1,4,未记录,一般水体,858384963,109.0713108,22.884083
WS049,1,1,5,未记录,一般水体,858384963,109.0716648,22.8841867
WS049,1,1,6,未记录,一般水体,858384963,109.072153,22.8842806
WS049,1,1,7,未记录,一般水体,858384963,109.0722108,22.884041
WS050,1,1,1,未记录,一般水体,858384969,109.2069983,22.9069535
WS050,1,1,2,未记录,一般水体,858384969,109.2071217,22.9068597
WS050,1,1,3,未记录,一般水体,858384969,109.2071915,22.9066472
WS050,1,1,4,未记录,一般水体,858384969,109.2072934,22.9063853
WS050,1,1,5,未记录,一般水体,858384969,109.2073417,22.9061728
WS050,1,1,6,未记录,一般水体,858384969,109.2076313,22.90557
WS050,1,1,7,未记录,一般水体,858384969,109.2079425,22.9051598
WS050,1,1,8,未记录,一般水体,858384969,109.2075241,22.9050412
WS050,1,1,9,未记录,一般水体,858384969,109.2073739,22.9051796
WS050,1,1,10,未记录,一般水体,858384969,109.206816,22.9066076
WS050,1,1,11,未记录,一般水体,858384969,109.2068267,22.9069634
WS050,1,1,12,未记录,一般水体,858384969,109.2069983,22.9069535
WS051,1,1,1,未记录,一般水体,858384971,109.2563885,22.9251761
WS051,1,1,2,未记录,一般水体,858384971,109.2563242,22.9250822
WS051,1,1,3,未记录,一般水体,858384971,109.2563778,22.9248549
WS051,1,1,4,未记录,一般水体,858384971,109.2566246,22.9245437
WS051,1,1,5,未记录,一般水体,858384971,109.2565763,22.9236692
WS051,1,1,6,未记录,一般水体,858384971,109.2565066,22.923684
WS051,1,1,7,未记录,一般水体,858384971,109.2564261,22.923852
WS051,1,1,8,未记录,一般水体,858384971,109.2560399,22.9243065
WS051,1,1,9,未记录,一般水体,858384971,109.2559701,22.9245486
WS051,1,1,10,未记录,一般水体,858384971,109.2560238,22.9248599
WS051,1,1,11,未记录,一般水体,858384971,109.2559272,22.9251069
WS051,1,1,12,未记录,一般水体,858384971,109.2557555,22.9252996
WS051,1,1,13,未记录,一般水体,858384971,109.2557448,22.9254972
WS051,1,1,14,未记录,一般水体,858384971,109.2558145,22.9255466
WS051,1,1,15,未记录,一般水体,858384971,109.2558628,22.9254972
WS051,1,1,16,未记录,一般水体,858384971,109.2558628,22.9253638
WS051,1,1,17,未记录,一般水体,858384971,109.2560077,22.9253589
WS051,1,1,18,未记录,一般水体,858384971,109.256072,22.9252798
WS051,1,1,19,未记录,一般水体,858384971,109.2562491,22.9252551
WS051,1,1,20,未记录,一般水体,858384971,109.2563885,22.9251761
WS052,1,1,1,未记录,一般水体,990436745,109.1108608,22.8904317
WS052,1,1,2,未记录,一般水体,990436745,109.1107785,22.8906288
WS052,1,1,3,未记录,一般水体,990436745,109.1108197,22.891311
WS052,1,1,4,未记录,一般水体,990436745,109.1106551,22.8917051
WS052,1,1,5,未记录,一般水体,990436745,109.1104823,22.8921902
WS052,1,1,6,未记录,一般水体,990436745,109.110507,22.8925313
WS052,1,1,7,未记录,一般水体,990436745,109.1105564,22.8927057
WS052,1,1,8,未记录,一般水体,990436745,109.1106634,22.8928421
WS052,1,1,9,未记录,一般水体,990436745,109.1108361,22.8928345
WS052,1,1,10,未记录,一般水体,990436745,109.1110007,22.8927587
WS052,1,1,11,未记录,一般水体,990436745,109.110976,22.8925995
WS052,1,1,12,未记录,一般水体,990436745,109.111083,22.8924783
WS052,1,1,13,未记录,一般水体,990436745,109.111445,22.8924176
WS052,1,1,14,未记录,一般水体,990436745,109.1116013,22.8923494
WS052,1,1,15,未记录,一般水体,990436745,109.1117823,22.8923343
WS052,1,1,16,未记录,一般水体,990436745,109.1117988,22.8924858
WS052,1,1,17,未记录,一般水体,990436745,109.1119222,22.8927815
WS052,1,1,18,未记录,一般水体,990436745,109.1119304,22.8929482
WS052,1,1,19,未记录,一般水体,990436745,109.111807,22.8932438
WS052,1,1,20,未记录,一般水体,990436745,109.1117741,22.893403
WS052,1,1,21,未记录,一般水体,990436745,109.111914,22.8934939
WS052,1,1,22,未记录,一般水体,990436745,109.1122678,22.8933878
WS052,1,1,23,未记录,一般水体,990436745,109.1124323,22.8934333
WS052,1,1,24,未记录,一般水体,990436745,109.1126956,22.893638
WS052,1,1,25,未记录,一般水体,990436745,109.1127861,22.8937896
WS052,1,1,26,未记录,一般水体,990436745,109.112819,22.8939411
WS052,1,1,27,未记录,一般水体,990436745,109.1128766,22.8940927
WS052,1,1,28,未记录,一般水体,990436745,109.113033,22.8943808
WS052,1,1,29,未记录,一般水体,990436745,109.1130576,22.8945324
WS052,1,1,30,未记录,一般水体,990436745,109.113033,22.894684
WS052,1,1,31,未记录,一般水体,990436745,109.1130494,22.8948431
WS052,1,1,32,未记录,一般水体,990436745,109.113288,22.8953282
WS052,1,1,33,未记录,一般水体,990436745,109.1134032,22.8955025
WS052,1,1,34,未记录,一般水体,990436745,109.1137899,22.8954874
WS052,1,1,35,未记录,一般水体,990436745,109.1147361,22.8956162
WS052,1,1,36,未记录,一般水体,990436745,109.1158551,22.8954571
WS052,1,1,37,未记录,一般水体,990436745,109.1158962,22.894828
WS052,1,1,38,未记录,一般水体,990436745,109.1165298,22.8939639
WS052,1,1,39,未记录,一般水体,990436745,109.1164804,22.893835
WS052,1,1,40,未记录,一般水体,990436745,109.1163076,22.8937138
WS052,1,1,41,未记录,一般水体,990436745,109.1162007,22.8935925
WS052,1,1,42,未记录,一般水体,990436745,109.1162007,22.8934257
WS052,1,1,43,未记录,一般水体,990436745,109.1163158,22.8932893
WS052,1,1,44,未记录,一般水体,990436745,109.1165874,22.8931983
WS052,1,1,45,未记录,一般水体,990436745,109.1166779,22.8931301
WS052,1,1,46,未记录,一般水体,990436745,109.1164804,22.892933
WS052,1,1,47,未记录,一般水体,990436745,109.116176,22.8917279
WS052,1,1,48,未记录,一般水体,990436745,109.1156247,22.8915308
WS052,1,1,49,未记录,一般水体,990436745,109.1151722,22.8913261
WS052,1,1,50,未记录,一般水体,990436745,109.1150652,22.8911821
WS052,1,1,51,未记录,一般水体,990436745,109.1150323,22.8910229
WS052,1,1,52,未记录,一般水体,990436745,109.1148924,22.8907122
WS052,1,1,53,未记录,一般水体,990436745,109.1146374,22.8903938
WS052,1,1,54,未记录,一般水体,990436745,109.1141848,22.890174
WS052,1,1,55,未记录,一般水体,990436745,109.1108608,22.8904317
WS053,1,1,1,未记录,池塘,995653921,109.187703,23.1992203
WS053,1,1,2,未记录,池塘,995653921,109.1877685,23.1996315
WS053,1,1,3,未记录,池塘,995653921,109.1883242,23.1998093
WS053,1,1,4,未记录,池塘,995653921,109.1886594,23.199687
WS053,1,1,5,未记录,池塘,995653921,109.1888467,23.1996371
WS053,1,1,6,未记录,池塘,995653921,109.1889502,23.199551
WS053,1,1,7,未记录,池塘,995653921,109.1891869,23.1996598
WS053,1,1,8,未记录,池塘,995653921,109.1892855,23.1995057
WS053,1,1,9,未记录,池塘,995653921,109.1890833,23.1992248
WS053,1,1,10,未记录,池塘,995653921,109.1888418,23.1991614
WS053,1,1,11,未记录,池塘,995653921,109.1885854,23.1989756
WS053,1,1,12,未记录,池塘,995653921,109.1883784,23.1989665
WS053,1,1,13,未记录,池塘,995653921,109.1881073,23.1991296
WS053,1,1,14,未记录,池塘,995653921,109.1877622,23.1991115
WS053,1,1,15,未记录,池塘,995653921,109.187703,23.1992203
WS054,1,1,1,未记录,水库,995656821,109.1965347,23.1852347
WS054,1,1,2,未记录,水库,995656821,109.1978487,23.186293
WS054,1,1,3,未记录,水库,995656821,109.1988114,23.1864724
WS054,1,1,4,未记录,水库,995656821,109.1994814,23.1861375
WS054,1,1,5,未记录,水库,995656821,109.1995299,23.1854903
WS054,1,1,6,未记录,水库,995656821,109.1997567,23.1848196
WS054,1,1,7,未记录,水库,995656821,109.1999736,23.1841218
WS054,1,1,8,未记录,水库,995656821,109.1996384,23.1832154
WS054,1,1,9,未记录,水库,995656821,109.1991651,23.1826898
WS054,1,1,10,未记录,水库,995656821,109.1996088,23.1823725
WS054,1,1,11,未记录,水库,995656821,109.1997863,23.181584
WS054,1,1,12,未记录,水库,995656821,109.1995595,23.181294
WS054,1,1,13,未记录,水库,995656821,109.1986229,23.1814753
WS054,1,1,14,未记录,水库,995656821,109.1976369,23.1817653
WS054,1,1,15,未记录,水库,995656821,109.1970848,23.1819556
WS054,1,1,16,未记录,水库,995656821,109.1973609,23.1826082
WS054,1,1,17,未记录,水库,995656821,109.1978736,23.183007
WS054,1,1,18,未记录,水库,995656821,109.1981693,23.1834058
WS054,1,1,19,未记录,水库,995656821,109.1983172,23.1838589
WS054,1,1,20,未记录,水库,995656821,109.1985144,23.1842577
WS054,1,1,21,未记录,水库,995656821,109.197913,23.1846112
WS054,1,1,22,未记录,水库,995656821,109.1975679,23.184303
WS054,1,1,23,未记录,水库,995656821,109.1967989,23.184303
WS054,1,1,24,未记录,水库,995656821,109.1966609,23.1844299
WS054,1,1,25,未记录,水库,995656821,109.1965347,23.1852347
WS055,1,1,1,未记录,水库,995656823,109.172774,23.1746364
WS055,1,1,2,未记录,水库,995656823,109.1737603,23.1738259
WS055,1,1,3,未记录,水库,995656823,109.1742982,23.1743754
WS055,1,1,4,未记录,水库,995656823,109.1743879,23.1738121
WS055,1,1,5,未记录,水库,995656823,109.1751202,23.1739633
WS055,1,1,6,未记录,水库,995656823,109.1755236,23.1749112
WS055,1,1,7,未记录,水库,995656823,109.1756133,23.1741144
WS055,1,1,8,未记录,水库,995656823,109.1764203,23.1736885
WS055,1,1,9,未记录,水库,995656823,109.1765996,23.173922
WS055,1,1,10,未记录,水库,995656823,109.1768387,23.174554
WS055,1,1,11,未记录,水库,995656823,109.1774813,23.1749249
WS055,1,1,12,未记录,水库,995656823,109.1781837,23.1746227
WS055,1,1,13,未记录,水库,995656823,109.1784676,23.1740457
WS055,1,1,14,未记录,水库,995656823,109.1778549,23.1734275
WS055,1,1,15,未记录,水库,995656823,109.1770479,23.1733862
WS055,1,1,16,未记录,水库,995656823,109.1762858,23.1726719
WS055,1,1,17,未记录,水库,995656823,109.1755984,23.1729466
WS055,1,1,18,未记录,水库,995656823,109.1744178,23.1723147
WS055,1,1,19,未记录,水库,995656823,109.1742833,23.1714629
WS055,1,1,20,未记录,水库,995656823,109.1737901,23.1712568
WS055,1,1,21,未记录,水库,995656823,109.17382,23.1706386
WS055,1,1,22,未记录,水库,995656823,109.1733269,23.1711606
WS055,1,1,23,未记录,水库,995656823,109.1721612,23.1708584
WS055,1,1,24,未记录,水库,995656823,109.1721612,23.1697181
WS055,1,1,25,未记录,水库,995656823,109.1716083,23.1693883
WS055,1,1,26,未记录,水库,995656823,109.1707565,23.1694433
WS055,1,1,27,未记录,水库,995656823,109.1694564,23.1693609
WS055,1,1,28,未记录,水库,995656823,109.1694863,23.1697318
WS055,1,1,29,未记录,水库,995656823,109.1687988,23.1703775
WS055,1,1,30,未记录,水库,995656823,109.1689677,23.1708145
WS055,1,1,31,未记录,水库,995656823,109.1692023,23.1714217
WS055,1,1,32,未记录,水库,995656823,109.170622,23.1712156
WS055,1,1,33,未记录,水库,995656823,109.1723705,23.1718338
WS055,1,1,34,未记录,水库,995656823,109.1731924,23.1721086
WS055,1,1,35,未记录,水库,995656823,109.1730131,23.172768
WS055,1,1,36,未记录,水库,995656823,109.1732073,23.1737847
WS055,1,1,37,未记录,水库,995656823,109.172774,23.1746364
WS056,1,1,1,未记录,水库,995656824,109.1753443,23.1817663
WS056,1,1,2,未记录,水库,995656824,109.1765996,23.1820411
WS056,1,1,3,未记录,水库,995656824,109.1771675,23.1808734
WS056,1,1,4,未记录,水库,995656824,109.1783032,23.1809146
WS056,1,1,5,未记录,水库,995656824,109.1787366,23.1814229
WS056,1,1,6,未记录,水库,995656824,109.1797827,23.181313
WS056,1,1,7,未记录,水库,995656824,109.1804701,23.1806948
WS056,1,1,8,未记录,水库,995656824,109.1801413,23.1803788
WS056,1,1,9,未记录,水库,995656824,109.1803057,23.1799805
WS056,1,1,10,未记录,水库,995656824,109.180754,23.1796645
WS056,1,1,11,未记录,水库,995656824,109.1800965,23.1791287
WS056,1,1,12,未记录,水库,995656824,109.1812771,23.1789776
WS056,1,1,13,未记录,水库,995656824,109.1812771,23.1786891
WS056,1,1,14,未记录,水库,995656824,109.1812323,23.1776863
WS056,1,1,15,未记录,水库,995656824,109.1793643,23.1778649
WS056,1,1,16,未记录,水库,995656824,109.1785274,23.177123
WS056,1,1,17,未记录,水库,995656824,109.1779296,23.1774115
WS056,1,1,18,未记录,水库,995656824,109.1777503,23.1786616
WS056,1,1,19,未记录,水库,995656824,109.1773767,23.1797744
WS056,1,1,20,未记录,水库,995656824,109.1764502,23.1797881
WS056,1,1,21,未记录,水库,995656824,109.1763755,23.1786616
WS056,1,1,22,未记录,水库,995656824,109.1766743,23.1774802
WS056,1,1,23,未记录,水库,995656824,109.1756133,23.1773428
WS056,1,1,24,未记录,水库,995656824,109.1759421,23.1779748
WS056,1,1,25,未记录,水库,995656824,109.1761662,23.1787715
WS056,1,1,26,未记录,水库,995656824,109.1756133,23.1798568
WS056,1,1,27,未记录,水库,995656824,109.1745971,23.1797332
WS056,1,1,28,未记录,水库,995656824,109.1747167,23.1802689
WS056,1,1,29,未记录,水库,995656824,109.1748362,23.1809284
WS056,1,1,30,未记录,水库,995656824,109.1753443,23.1817663
WS057,1,1,1,未记录,池塘,995766686,109.0586477,23.1851859
WS057,1,1,2,未记录,池塘,995766686,109.0592097,23.1851316
WS057,1,1,3,未记录,池塘,995766686,109.0596534,23.184905
WS057,1,1,4,未记录,池塘,995766686,109.0602252,23.1849775
WS057,1,1,5,未记录,池塘,995766686,109.0606097,23.1851225
WS057,1,1,6,未记录,池塘,995766686,109.0612605,23.1855394
WS057,1,1,7,未记录,池塘,995766686,109.061714,23.185476
WS057,1,1,8,未记录,池塘,995766686,109.0617337,23.1850862
WS057,1,1,9,未记录,池塘,995766686,109.0630056,23.1849866
WS057,1,1,10,未记录,池塘,995766686,109.0629464,23.1857841
WS057,1,1,11,未记录,池塘,995766686,109.0634394,23.1857841
WS057,1,1,12,未记录,池塘,995766686,109.0641591,23.185766
WS057,1,1,13,未记录,池塘,995766686,109.0644647,23.1856572
WS057,1,1,14,未记录,池塘,995766686,109.0647309,23.1852222
WS057,1,1,15,未记录,池塘,995766686,109.0651155,23.1850409
WS057,1,1,16,未记录,池塘,995766686,109.0658451,23.1847509
WS057,1,1,17,未记录,池塘,995766686,109.0661408,23.1844246
WS057,1,1,18,未记录,池塘,995766686,109.0659042,23.1839896
WS057,1,1,19,未记录,池塘,995766686,109.0664761,23.1834821
WS057,1,1,20,未记录,池塘,995766686,109.0663084,23.1833824
WS057,1,1,21,未记录,池塘,995766686,109.0656774,23.1833733
WS057,1,1,22,未记录,池塘,995766686,109.0652535,23.183183
WS057,1,1,23,未记录,池塘,995766686,109.0637352,23.1822948
WS057,1,1,24,未记录,池塘,995766686,109.0640112,23.1814156
WS057,1,1,25,未记录,池塘,995766686,109.0631929,23.1810894
WS057,1,1,26,未记录,池塘,995766686,109.062345,23.1814428
WS057,1,1,27,未记录,池塘,995766686,109.0611126,23.1810894
WS057,1,1,28,未记录,池塘,995766686,109.0602844,23.1804277
WS057,1,1,29,未记录,池塘,995766686,109.0600478,23.1806543
WS057,1,1,30,未记录,池塘,995766686,109.059259,23.1800199
WS057,1,1,31,未记录,池塘,995766686,109.0594069,23.179893
WS057,1,1,32,未记录,池塘,995766686,109.0593576,23.1796936
WS057,1,1,33,未记录,池塘,995766686,109.0591013,23.1795214
WS057,1,1,34,未记录,池塘,995766686,109.0588548,23.1788869
WS057,1,1,35,未记录,池塘,995766686,109.0582829,23.1790863
WS057,1,1,36,未记录,池塘,995766686,109.0578787,23.179177
WS057,1,1,37,未记录,池塘,995766686,109.0574646,23.1791226
WS057,1,1,38,未记录,池塘,995766686,109.0570308,23.1786422
WS057,1,1,39,未记录,池塘,995766686,109.0566759,23.1784338
WS057,1,1,40,未记录,池塘,995766686,109.0563899,23.1782616
WS057,1,1,41,未记录,池塘,995766686,109.0559167,23.1781528
WS057,1,1,42,未记录,池塘,995766686,109.0558477,23.1777812
WS057,1,1,43,未记录,池塘,995766686,109.0560251,23.177464
WS057,1,1,44,未记录,池塘,995766686,109.0560843,23.1770017
WS057,1,1,45,未记录,池塘,995766686,109.0558477,23.177038
WS057,1,1,46,未记录,池塘,995766686,109.0555913,23.1772374
WS057,1,1,47,未记录,池塘,995766686,109.0554336,23.1775546
WS057,1,1,48,未记录,池塘,995766686,109.0552265,23.1779806
WS057,1,1,49,未记录,池塘,995766686,109.0548519,23.1781165
WS057,1,1,50,未记录,池塘,995766686,109.0543392,23.1781165
WS057,1,1,51,未记录,池塘,995766686,109.0541124,23.1786332
WS057,1,1,52,未记录,池塘,995766686,109.0537082,23.1788598
WS057,1,1,53,未记录,池塘,995766686,109.0538364,23.1793764
WS057,1,1,54,未记录,池塘,995766686,109.0541814,23.1799927
WS057,1,1,55,未记录,池塘,995766686,109.0550984,23.1804821
WS057,1,1,56,未记录,池塘,995766686,109.0554434,23.1803915
WS057,1,1,57,未记录,池塘,995766686,109.0558181,23.1804277
WS057,1,1,58,未记录,池塘,995766686,109.0562716,23.1807359
WS057,1,1,59,未记录,池塘,995766686,109.0569026,23.180745
WS057,1,1,60,未记录,池塘,995766686,109.0576618,23.1813069
WS057,1,1,61,未记录,池塘,995766686,109.0583618,23.1818416
WS057,1,1,62,未记录,池塘,995766686,109.0585886,23.1821588
WS057,1,1,63,未记录,池塘,995766686,109.0584801,23.1825395
WS057,1,1,64,未记录,池塘,995766686,109.0578787,23.1825486
WS057,1,1,65,未记录,池塘,995766686,109.0576914,23.1831377
WS057,1,1,66,未记录,池塘,995766686,109.0570899,23.1833642
WS057,1,1,67,未记录,池塘,995766686,109.0586477,23.1851859
WS058,1,1,1,未记录,池塘,995794777,109.0827689,23.1983989
WS058,1,1,2,未记录,池塘,995794777,109.0831929,23.1985212
WS058,1,1,3,未记录,池塘,995794777,109.0836267,23.19834
WS058,1,1,4,未记录,池塘,995794777,109.0839767,23.198263
WS058,1,1,5,未记录,池塘,995794777,109.0840703,23.1978869
WS058,1,1,6,未记录,池塘,995794777,109.0839964,23.1976286
WS058,1,1,7,未记录,池塘,995794777,109.0836957,23.1975108
WS058,1,1,8,未记录,池塘,995794777,109.0831731,23.1975017
WS058,1,1,9,未记录,池塘,995794777,109.0829168,23.1977328
WS058,1,1,10,未记录,池塘,995794777,109.0828429,23.1979956
WS058,1,1,11,未记录,池塘,995794777,109.0827689,23.1983989
WS059,1,1,1,未记录,池塘,995804872,109.1129523,23.1940801
WS059,1,1,2,未记录,池塘,995804872,109.1138017,23.1935023
WS059,1,1,3,未记录,池塘,995804872,109.1153318,23.193715
WS059,1,1,4,未记录,池塘,995804872,109.1154699,23.1935934
WS059,1,1,5,未记录,池塘,995804872,109.1154047,23.1934414
WS059,1,1,6,未记录,池塘,995804872,109.1151551,23.1930079
WS059,1,1,7,未记录,池塘,995804872,109.115254,23.192293
WS059,1,1,8,未记录,池塘,995804872,109.1154177,23.1920055
WS059,1,1,9,未记录,池塘,995804872,109.1156183,23.1920315
WS059,1,1,10,未记录,池塘,995804872,109.1157852,23.191835
WS059,1,1,11,未记录,池塘,995804872,109.1154441,23.1915587
WS059,1,1,12,未记录,池塘,995804872,109.1153016,23.1915153
WS059,1,1,13,未记录,池塘,995804872,109.1151949,23.1915629
WS059,1,1,14,未记录,池塘,995804872,109.1150858,23.1915366
WS059,1,1,15,未记录,池塘,995804872,109.1149988,23.1914673
WS059,1,1,16,未记录,池塘,995804872,109.1150157,23.1913233
WS059,1,1,17,未记录,池塘,995804872,109.1148205,23.1915051
WS059,1,1,18,未记录,池塘,995804872,109.114979,23.1918591
WS059,1,1,19,未记录,池塘,995804872,109.1146737,23.1923832
WS059,1,1,20,未记录,池塘,995804872,109.1142264,23.1925706
WS059,1,1,21,未记录,池塘,995804872,109.1140452,23.1919564
WS059,1,1,22,未记录,池塘,995804872,109.1143736,23.1915348
WS059,1,1,23,未记录,池塘,995804872,109.1143283,23.1912537
WS059,1,1,24,未记录,池塘,995804872,109.1139772,23.1910611
WS059,1,1,25,未记录,池塘,995804872,109.1137394,23.1910455
WS059,1,1,26,未记录,池塘,995804872,109.1132354,23.1910195
WS059,1,1,27,未记录,池塘,995804872,109.112907,23.1910768
WS059,1,1,28,未记录,池塘,995804872,109.1128107,23.1912329
WS059,1,1,29,未记录,池塘,995804872,109.1130032,23.19154
WS059,1,1,30,未记录,池塘,995804872,109.1131731,23.1920501
WS059,1,1,31,未记录,池塘,995804872,109.1134562,23.1924613
WS059,1,1,32,未记录,池塘,995804872,109.1139036,23.1924925
WS059,1,1,33,未记录,池塘,995804872,109.1139772,23.1926955
WS059,1,1,34,未记录,池塘,995804872,109.1138243,23.1928881
WS059,1,1,35,未记录,池塘,995804872,109.1133373,23.1929922
WS059,1,1,36,未记录,池塘,995804872,109.1130485,23.1930339
WS059,1,1,37,未记录,池塘,995804872,109.1131278,23.1932629
WS059,1,1,38,未记录,池塘,995804872,109.1124766,23.1934763
WS059,1,1,39,未记录,池塘,995804872,109.1129523,23.1940801
WS060,1,1,1,未记录,水库,995804873,109.2472917,23.1878974
WS060,1,1,2,未记录,水库,995804873,109.2479599,23.1877829
WS060,1,1,3,未记录,水库,995804873,109.2483677,23.1873353
WS060,1,1,4,未记录,水库,995804873,109.2487074,23.1863567
WS060,1,1,5,未记录,水库,995804873,109.2488094,23.1857008
WS060,1,1,6,未记录,水库,995804873,109.2486734,23.1852219
WS060,1,1,7,未记录,水库,995804873,109.2482771,23.1845244
WS060,1,1,8,未记录,水库,995804873,109.2475183,23.1840663
WS060,1,1,9,未记录,水库,995804873,109.2477221,23.1836082
WS060,1,1,10,未记录,水库,995804873,109.2482657,23.1835353
WS060,1,1,11,未记录,水库,995804873,109.2489679,23.1837644
WS060,1,1,12,未记录,水库,995804873,109.2496474,23.1837123
WS060,1,1,13,未记录,水库,995804873,109.2512783,23.1833584
WS060,1,1,14,未记录,水库,995804873,109.2503609,23.1833792
WS060,1,1,15,未记录,水库,995804873,109.2494436,23.1834833
WS060,1,1,16,未记录,水库,995804873,109.2485602,23.1834104
WS060,1,1,17,未记录,水库,995804873,109.2481978,23.1827337
WS060,1,1,18,未记录,水库,995804873,109.2478354,23.1827753
WS060,1,1,19,未记录,水库,995804873,109.2472238,23.1833479
WS060,1,1,20,未记录,水库,995804873,109.2469067,23.1835874
WS060,1,1,21,未记录,水库,995804873,109.2467708,23.1838997
WS060,1,1,22,未记录,水库,995804873,109.2467595,23.1842225
WS060,1,1,23,未记录,水库,995804873,109.2472011,23.1845348
WS060,1,1,24,未记录,水库,995804873,109.2472804,23.1848159
WS060,1,1,25,未记录,水库,995804873,109.2477901,23.1850761
WS060,1,1,26,未记录,水库,995804873,109.2477561,23.1853156
WS060,1,1,27,未记录,水库,995804873,109.2475183,23.1855342
WS060,1,1,28,未记录,水库,995804873,109.2472464,23.1852219
WS060,1,1,29,未记录,水库,995804873,109.246918,23.1847742
WS060,1,1,30,未记录,水库,995804873,109.2466462,23.1842953
WS060,1,1,31,未记录,水库,995804873,109.2465782,23.1844723
WS060,1,1,32,未记录,水库,995804873,109.2462158,23.1845556
WS060,1,1,33,未记录,水库,995804873,109.2457515,23.1845036
WS060,1,1,34,未记录,水库,995804873,109.2452192,23.1844203
WS060,1,1,35,未记录,水库,995804873,109.2449134,23.1845348
WS060,1,1,36,未记录,水库,995804873,109.2442792,23.1845348
WS060,1,1,37,未记录,水库,995804873,109.2440753,23.1840559
WS060,1,1,38,未记录,水库,995804873,109.2440527,23.1843994
WS060,1,1,39,未记录,水库,995804873,109.2440867,23.1848471
WS060,1,1,40,未记录,水库,995804873,109.2442452,23.1851282
WS060,1,1,41,未记录,水库,995804873,109.2446303,23.1853781
WS060,1,1,42,未记录,水库,995804873,109.2449247,23.185326
WS060,1,1,43,未记录,水库,995804873,109.2451626,23.1855342
WS060,1,1,44,未记录,水库,995804873,109.245072,23.185909
WS060,1,1,45,未记录,水库,995804873,109.2453438,23.1861901
WS060,1,1,46,未记录,水库,995804873,109.2454797,23.1865232
WS060,1,1,47,未记录,水库,995804873,109.2457855,23.1868251
WS060,1,1,48,未记录,水库,995804873,109.2458761,23.1865753
WS060,1,1,49,未记录,水库,995804873,109.2458647,23.1862213
WS060,1,1,50,未记录,水库,995804873,109.2461139,23.1864816
WS060,1,1,51,未记录,水库,995804873,109.2461139,23.1868147
WS060,1,1,52,未记录,水库,995804873,109.2460686,23.1870438
WS060,1,1,53,未记录,水库,995804873,109.2465103,23.1875747
WS060,1,1,54,未记录,水库,995804873,109.2472917,23.1878974
WS061,1,1,1,未记录,水库,995804875,109.2722042,23.1561017
WS061,1,1,2,未记录,水库,995804875,109.2725927,23.1554971
WS061,1,1,3,未记录,水库,995804875,109.2729962,23.1552773
WS061,1,1,4,未记录,水库,995804875,109.2735641,23.1553735
WS061,1,1,5,未记录,水库,995804875,109.2736837,23.1550712
WS061,1,1,6,未记录,水库,995804875,109.2732503,23.1547826
WS061,1,1,7,未记录,水库,995804875,109.272802,23.154343
WS061,1,1,8,未记录,水库,995804875,109.2729813,23.1539994
WS061,1,1,9,未记录,水库,995804875,109.2738331,23.1540407
WS061,1,1,10,未记录,水库,995804875,109.2743561,23.1543155
WS061,1,1,11,未记录,水库,995804875,109.2748642,23.1539307
WS061,1,1,12,未记录,水库,995804875,109.2752378,23.1538483
WS061,1,1,13,未记录,水库,995804875,109.2757908,23.1539445
WS061,1,1,14,未记录,水库,995804875,109.2763287,23.1544254
WS061,1,1,15,未记录,水库,995804875,109.2767472,23.1537659
WS061,1,1,16,未记录,水库,995804875,109.275985,23.1535735
WS061,1,1,17,未记录,水库,995804875,109.2758954,23.1529689
WS061,1,1,18,未记录,水库,995804875,109.2761345,23.1523231
WS061,1,1,19,未记录,水库,995804875,109.2767472,23.1519521
WS061,1,1,20,未记录,水库,995804875,109.2768518,23.151485
WS061,1,1,21,未记录,水库,995804875,109.2763437,23.1512788
WS061,1,1,22,未记录,水库,995804875,109.2759103,23.1517048
WS061,1,1,23,未记录,水库,995804875,109.2751183,23.1522956
WS061,1,1,24,未记录,水库,995804875,109.2745355,23.1527766
WS061,1,1,25,未记录,水库,995804875,109.2733549,23.152488
WS061,1,1,26,未记录,水库,995804875,109.2725778,23.1525979
WS061,1,1,27,未记录,水库,995804875,109.271457,23.152804
WS061,1,1,28,未记录,水库,995804875,109.2712777,23.1512788
WS061,1,1,29,未记录,水库,995804875,109.2708443,23.1522269
WS061,1,1,30,未记录,水库,995804875,109.2708742,23.1529414
WS061,1,1,31,未记录,水库,995804875,109.2703063,23.1529277
WS061,1,1,32,未记录,水库,995804875,109.270396,23.1532575
WS061,1,1,33,未记录,水库,995804875,109.2709937,23.1534636
WS061,1,1,34,未记录,水库,995804875,109.2716064,23.1555796
WS061,1,1,35,未记录,水库,995804875,109.2722042,23.1561017
WS062,1,1,1,未记录,蓄水池,1028567646,109.1819768,23.2049625
WS062,1,1,2,未记录,蓄水池,1028567646,109.182257,23.2049797
WS062,1,1,3,未记录,蓄水池,1028567646,109.182299,23.2049153
WS062,1,1,4,未记录,蓄水池,1028567646,109.1822756,23.2046535
WS062,1,1,5,未记录,蓄水池,1028567646,109.1821495,23.204529
WS062,1,1,6,未记录,蓄水池,1028567646,109.1821495,23.2043273
WS062,1,1,7,未记录,蓄水池,1028567646,109.1822149,23.2041813
WS062,1,1,8,未记录,蓄水池,1028567646,109.1823924,23.204044
WS062,1,1,9,未记录,蓄水池,1028567646,109.1823177,23.2039753
WS062,1,1,10,未记录,蓄水池,1028567646,109.182369,23.2038723
WS062,1,1,11,未记录,蓄水池,1028567646,109.1821589,23.2037306
WS062,1,1,12,未记录,蓄水池,1028567646,109.1818974,23.2037221
WS062,1,1,13,未记录,蓄水池,1028567646,109.1816499,23.2038251
WS062,1,1,14,未记录,蓄水池,1028567646,109.1814817,23.2038208
WS062,1,1,15,未记录,蓄水池,1028567646,109.1813743,23.2039238
WS062,1,1,16,未记录,蓄水池,1028567646,109.1812856,23.2041599
WS062,1,1,17,未记录,蓄水池,1028567646,109.1813697,23.2044174
WS062,1,1,18,未记录,蓄水池,1028567646,109.1814257,23.2046363
WS062,1,1,19,未记录,蓄水池,1028567646,109.1815565,23.204735
WS062,1,1,20,未记录,蓄水池,1028567646,109.1817012,23.204705
WS062,1,1,21,未记录,蓄水池,1028567646,109.1819768,23.2049625
WS063,1,1,1,酒饼塘,池塘,1028567651,109.1890829,23.2081737
WS063,1,1,2,酒饼塘,池塘,1028567651,109.1893837,23.2080542
WS063,1,1,3,酒饼塘,池塘,1028567651,109.1893594,23.2075909
WS063,1,1,4,酒饼塘,池塘,1028567651,109.1895057,23.2072919
WS063,1,1,5,酒饼塘,池塘,1028567651,109.1897578,23.2070827
WS063,1,1,6,酒饼塘,池塘,1028567651,109.1897171,23.2069332
WS063,1,1,7,酒饼塘,池塘,1028567651,109.1893756,23.2070154
WS063,1,1,8,酒饼塘,池塘,1028567651,109.1891561,23.2072172
WS063,1,1,9,酒饼塘,池塘,1028567651,109.1890097,23.2075909
WS063,1,1,10,酒饼塘,池塘,1028567651,109.1890829,23.2081737
WS064,1,1,1,未记录,蓄水池,1028567658,109.1588745,23.1999163
WS064,1,1,2,未记录,蓄水池,1028567658,109.15922,23.1994785
WS064,1,1,3,未记录,蓄水池,1028567658,109.1598738,23.1993583
WS064,1,1,4,未记录,蓄水池,1028567658,109.1599019,23.1991093
WS064,1,1,5,未记录,蓄水池,1028567658,109.1589212,23.1989204
WS064,1,1,6,未记录,蓄水池,1028567658,109.158697,23.1991866
WS064,1,1,7,未记录,蓄水池,1028567658,109.1585662,23.1996587
WS064,1,1,8,未记录,蓄水池,1028567658,109.1588745,23.1999163
WS065,1,1,1,未记录,蓄水池,1028567659,109.157268,23.1988003
WS065,1,1,2,未记录,蓄水池,1028567659,109.1580619,23.1988861
WS065,1,1,3,未记录,蓄水池,1028567659,109.1581366,23.1984655
WS065,1,1,4,未记录,蓄水池,1028567659,109.1578564,23.1983281
WS065,1,1,5,未记录,蓄水池,1028567659,109.157735,23.1984054
WS065,1,1,6,未记录,蓄水池,1028567659,109.1571933,23.1982079
WS065,1,1,7,未记录,蓄水池,1028567659,109.1570905,23.1983281
WS065,1,1,8,未记录,蓄水池,1028567659,109.157268,23.1988003
WS066,1,1,1,未记录,蓄水池,1028567660,109.1585195,23.1979504
WS066,1,1,2,未记录,蓄水池,1028567660,109.1595469,23.1984311
WS066,1,1,3,未记录,蓄水池,1028567660,109.160154,23.1986887
WS066,1,1,4,未记录,蓄水池,1028567660,109.1608078,23.1986028
WS066,1,1,5,未记录,蓄水池,1028567660,109.1611908,23.198517
WS066,1,1,6,未记录,蓄水池,1028567660,109.1619193,23.1980706
WS066,1,1,7,未记录,蓄水池,1028567660,109.162433,23.198019
WS066,1,1,8,未记录,蓄水池,1028567660,109.1632456,23.1975383
WS066,1,1,9,未记录,蓄水池,1028567660,109.1627412,23.1974439
WS066,1,1,10,未记录,蓄水池,1028567660,109.162377,23.1974267
WS066,1,1,11,未记录,蓄水池,1028567660,109.1620034,23.1970404
WS066,1,1,12,未记录,蓄水池,1028567660,109.1615177,23.1969803
WS066,1,1,13,未记录,蓄水池,1028567660,109.1613122,23.1968172
WS066,1,1,14,未记录,蓄水池,1028567660,109.1612095,23.1964738
WS066,1,1,15,未记录,蓄水池,1028567660,109.1614336,23.1962677
WS066,1,1,16,未记录,蓄水池,1028567660,109.1612935,23.1955895
WS066,1,1,17,未记录,蓄水池,1028567660,109.1608359,23.1956668
WS066,1,1,18,未记录,蓄水池,1028567660,109.1611067,23.1960359
WS066,1,1,19,未记录,蓄水池,1028567660,109.16106,23.1963793
WS066,1,1,20,未记录,蓄水池,1028567660,109.1608452,23.1965768
WS066,1,1,21,未记录,蓄水池,1028567660,109.1607238,23.1964909
WS066,1,1,22,未记录,蓄水池,1028567660,109.1606864,23.1963192
WS066,1,1,23,未记录,蓄水池,1028567660,109.1604996,23.1962763
WS066,1,1,24,未记录,蓄水池,1028567660,109.1604062,23.1964995
WS066,1,1,25,未记录,蓄水池,1028567660,109.1599953,23.1958986
WS066,1,1,26,未记录,蓄水池,1028567660,109.1597991,23.1958127
WS066,1,1,27,未记录,蓄水池,1028567660,109.1597151,23.1959415
WS066,1,1,28,未记录,蓄水池,1028567660,109.1598458,23.1964995
WS066,1,1,29,未记录,蓄水池,1028567660,109.1600233,23.196551
WS066,1,1,30,未记录,蓄水池,1028567660,109.1602194,23.1967914
WS066,1,1,31,未记录,蓄水池,1028567660,109.160098,23.1970833
WS066,1,1,32,未记录,蓄水池,1028567660,109.1598178,23.1968086
WS066,1,1,33,未记录,蓄水池,1028567660,109.159575,23.19771
WS066,1,1,34,未记录,蓄水池,1028567660,109.1590239,23.1975726
WS066,1,1,35,未记录,蓄水池,1028567660,109.1586316,23.1975984
WS066,1,1,36,未记录,蓄水池,1028567660,109.1585195,23.1979504
WS067,1,1,1,未记录,蓄水池,1028567684,109.1785832,23.2231813
WS067,1,1,2,未记录,蓄水池,1028567684,109.1800549,23.2220829
WS067,1,1,3,未记录,蓄水池,1028567684,109.1799817,23.2217317
WS067,1,1,4,未记录,蓄水池,1028567684,109.1798435,23.221246
WS067,1,1,5,未记录,蓄水池,1028567684,109.1795914,23.2209023
WS067,1,1,6,未记录,蓄水池,1028567684,109.1792337,23.2210219
WS067,1,1,7,未记录,蓄水池,1028567684,109.1791036,23.2208724
WS067,1,1,8,未记录,蓄水池,1028567684,109.1788271,23.2205287
WS067,1,1,9,未记录,蓄水池,1028567684,109.1787133,23.2204839
WS067,1,1,10,未记录,蓄水池,1028567684,109.1783474,23.2206184
WS067,1,1,11,未记录,蓄水池,1028567684,109.1780059,23.2206258
WS067,1,1,12,未记录,蓄水池,1028567684,109.1781767,23.2208201
WS067,1,1,13,未记录,蓄水池,1028567684,109.1785426,23.2209621
WS067,1,1,14,未记录,蓄水池,1028567684,109.1786076,23.2211713
WS067,1,1,15,未记录,蓄水池,1028567684,109.1783799,23.2219111
WS067,1,1,16,未记录,蓄水池,1028567684,109.1785832,23.2231813
WS068,1,1,1,未记录,池塘,1198634019,109.1302038,23.2199341
WS068,1,1,2,未记录,池塘,1198634019,109.1313089,23.2201241
WS068,1,1,3,未记录,池塘,1198634019,109.1322517,23.2204129
WS068,1,1,4,未记录,池塘,1198634019,109.1334471,23.2209905
WS068,1,1,5,未记录,池塘,1198634019,109.1342051,23.2216927
WS068,1,1,6,未记录,池塘,1198634019,109.1353143,23.2215851
WS068,1,1,7,未记录,池塘,1198634019,109.1354313,23.2206961
WS068,1,1,8,未记录,池塘,1198634019,109.1342421,23.220798
WS068,1,1,9,未记录,池塘,1198634019,109.1332808,23.2200675
WS068,1,1,10,未记录,池塘,1198634019,109.1328186,23.2201241
WS068,1,1,11,未记录,池塘,1198634019,109.1320483,23.2196541
WS068,1,1,12,未记录,池塘,1198634019,109.13044,23.2196767
WS068,1,1,13,未记录,池塘,1198634019,109.1302038,23.2199341
WS069,1,1,1,未记录,水库,1233682845,109.3697762,23.0521321
WS069,1,1,2,未记录,水库,1233682845,109.3695724,23.0520976
WS069,1,1,3,未记录,水库,1233682845,109.3694866,23.0519495
WS069,1,1,4,未记录,水库,1233682845,109.3692774,23.0519396
WS069,1,1,5,未记录,水库,1233682845,109.369272,23.0521272
WS069,1,1,6,未记录,水库,1233682845,109.369272,23.052221
WS069,1,1,7,未记录,水库,1233682845,109.3689072,23.0522259
WS069,1,1,8,未记录,水库,1233682845,109.368521,23.0522654
WS069,1,1,9,未记录,水库,1233682845,109.3684244,23.0524382
WS069,1,1,10,未记录,水库,1233682845,109.368183,23.0524826
WS069,1,1,11,未记录,水库,1233682845,109.3678343,23.0523444
WS069,1,1,12,未记录,水库,1233682845,109.3676197,23.0521568
WS069,1,1,13,未记录,水库,1233682845,109.3674695,23.0519989
WS069,1,1,14,未记录,水库,1233682845,109.3674105,23.0521025
WS069,1,1,15,未记录,水库,1233682845,109.3674052,23.0522457
WS069,1,1,16,未记录,水库,1233682845,109.3674695,23.0524135
WS069,1,1,17,未记录,水库,1233682845,109.3678182,23.0525616
WS069,1,1,18,未记录,水库,1233682845,109.3677646,23.0527245
WS069,1,1,19,未记录,水库,1233682845,109.3674749,23.0527985
WS069,1,1,20,未记录,水库,1233682845,109.3671477,23.0527886
WS069,1,1,21,未记录,水库,1233682845,109.3668044,23.0526554
WS069,1,1,22,未记录,水库,1233682845,109.3665791,23.0525023
WS069,1,1,23,未记录,水库,1233682845,109.3662947,23.0523839
WS069,1,1,24,未记录,水库,1233682845,109.3660319,23.0524332
WS069,1,1,25,未记录,水库,1233682845,109.3657744,23.0526405
WS069,1,1,26,未记录,水库,1233682845,109.3657744,23.052838
WS069,1,1,27,未记录,水库,1233682845,109.3659246,23.0530552
WS069,1,1,28,未记录,水库,1233682845,109.3662947,23.0532181
WS069,1,1,29,未记录,水库,1233682845,109.3667829,23.053302
WS069,1,1,30,未记录,水库,1233682845,109.3674856,23.0533711
WS069,1,1,31,未记录,水库,1233682845,109.3678021,23.0535735
WS069,1,1,32,未记录,水库,1233682845,109.3679845,23.0535093
WS069,1,1,33,未记录,水库,1233682845,109.3683654,23.0533809
WS069,1,1,34,未记录,水库,1233682845,109.3686712,23.0532575
WS069,1,1,35,未记录,水库,1233682845,109.3687999,23.0533316
WS069,1,1,36,未记录,水库,1233682845,109.3688375,23.0535093
WS069,1,1,37,未记录,水库,1233682845,109.3686712,23.0536228
WS069,1,1,38,未记录,水库,1233682845,109.3684244,23.0537314
WS069,1,1,39,未记录,水库,1233682845,109.3683118,23.0538894
WS069,1,1,40,未记录,水库,1233682845,109.3680918,23.0539042
WS069,1,1,41,未记录,水库,1233682845,109.3678129,23.053761
WS069,1,1,42,未记录,水库,1233682845,109.3675232,23.0538745
WS069,1,1,43,未记录,水库,1233682845,109.3671906,23.0540325
WS069,1,1,44,未记录,水库,1233682845,109.3669277,23.0542003
WS069,1,1,45,未记录,水库,1233682845,109.3669975,23.0543731
WS069,1,1,46,未记录,水库,1233682845,109.3673032,23.0544718
WS069,1,1,47,未记录,水库,1233682845,109.3676358,23.0544767
WS069,1,1,48,未记录,水库,1233682845,109.368006,23.0543928
WS069,1,1,49,未记录,水库,1233682845,109.3682849,23.0543978
WS069,1,1,50,未记录,水库,1233682845,109.3685424,23.0543928
WS069,1,1,51,未记录,水库,1233682845,109.3688697,23.0542596
WS069,1,1,52,未记录,水库,1233682845,109.369154,23.054304
WS069,1,1,53,未记录,水库,1233682845,109.3694383,23.0544373
WS069,1,1,54,未记录,水库,1233682845,109.3696475,23.0545804
WS069,1,1,55,未记录,水库,1233682845,109.3697226,23.0544175
WS069,1,1,56,未记录,水库,1233682845,109.3699157,23.0543385
WS069,1,1,57,未记录,水库,1233682845,109.3700015,23.0541756
WS069,1,1,58,未记录,水库,1233682845,109.3701518,23.0540621
WS069,1,1,59,未记录,水库,1233682845,109.3704307,23.054072
WS069,1,1,60,未记录,水库,1233682845,109.3706238,23.0539733
WS069,1,1,61,未记录,水库,1233682845,109.3704683,23.0528405
WS069,1,1,62,未记录,水库,1233682845,109.3703583,23.0525418
WS069,1,1,63,未记录,水库,1233682845,109.3702027,23.0523493
WS069,1,1,64,未记录,水库,1233682845,109.3699788,23.0522
WS069,1,1,65,未记录,水库,1233682845,109.3697762,23.0521321
WS070,1,1,1,六旺水库,水库,1251915953,109.0955361,23.1075975
WS070,1,1,2,六旺水库,水库,1251915953,109.0953816,23.1063975
WS070,1,1,3,六旺水库,水库,1251915953,109.0954846,23.1054975
WS070,1,1,4,六旺水库,水库,1251915953,109.0964974,23.1053554
WS070,1,1,5,六旺水库,水库,1251915953,109.0964803,23.1047396
WS070,1,1,6,六旺水库,水库,1251915953,109.0978192,23.1047396
WS070,1,1,7,六旺水库,水库,1251915953,109.0972528,23.1033818
WS070,1,1,8,六旺水库,水库,1251915953,109.0981282,23.1032712
WS070,1,1,9,六旺水库,水库,1251915953,109.0989522,23.1034607
WS070,1,1,10,六旺水库,水库,1251915953,109.0995702,23.1033186
WS070,1,1,11,六旺水库,水库,1251915953,109.0995702,23.1040133
WS070,1,1,12,六旺水库,水库,1251915953,109.100274,23.1040133
WS070,1,1,13,六旺水库,水库,1251915953,109.1003255,23.1034765
WS070,1,1,14,六旺水库,水库,1251915953,109.1010121,23.1027818
WS070,1,1,15,六旺水库,水库,1251915953,109.099965,23.1032712
WS070,1,1,16,六旺水库,水库,1251915953,109.0996903,23.1028133
WS070,1,1,17,六旺水库,水库,1251915953,109.100377,23.1017239
WS070,1,1,18,六旺水库,水库,1251915953,109.101304,23.1012028
WS070,1,1,19,六旺水库,水库,1251915953,109.1027459,23.1015344
WS070,1,1,20,六旺水库,水库,1251915953,109.1032437,23.1024186
WS070,1,1,21,六旺水库,水库,1251915953,109.1038274,23.1018975
WS070,1,1,22,六旺水库,水库,1251915953,109.1045484,23.1008081
WS070,1,1,23,六旺水库,水库,1251915953,109.1049604,23.1003344
WS070,1,1,24,六旺水库,水库,1251915953,109.1045827,23.0995765
WS070,1,1,25,六旺水库,水库,1251915953,109.1041535,23.0995765
WS070,1,1,26,六旺水库,水库,1251915953,109.1034326,23.1011239
WS070,1,1,27,六旺水库,水库,1251915953,109.1030377,23.1011396
WS070,1,1,28,六旺水库,水库,1251915953,109.1030034,23.1007923
WS070,1,1,29,六旺水库,水库,1251915953,109.1027288,23.1007291
WS070,1,1,30,六旺水库,水库,1251915953,109.1014241,23.1003186
WS070,1,1,31,六旺水库,水库,1251915953,109.10048,23.1007923
WS070,1,1,32,六旺水库,水库,1251915953,109.0992097,23.1015817
WS070,1,1,33,六旺水库,水库,1251915953,109.0982999,23.1018028
WS070,1,1,34,六旺水库,水库,1251915953,109.0977162,23.1014712
WS070,1,1,35,六旺水库,水库,1251915953,109.0977162,23.1010291
WS070,1,1,36,六旺水库,水库,1251915953,109.0984029,23.1002712
WS070,1,1,37,六旺水库,水库,1251915953,109.0982141,23.1001133
WS070,1,1,38,六旺水库,水库,1251915953,109.0976476,23.1001133
WS070,1,1,39,六旺水库,水库,1251915953,109.0971154,23.0996238
WS070,1,1,40,六旺水库,水库,1251915953,109.0962571,23.0996712
WS070,1,1,41,六旺水库,水库,1251915953,109.0954331,23.1008396
WS070,1,1,42,六旺水库,水库,1251915953,109.0940084,23.1013923
WS070,1,1,43,六旺水库,水库,1251915953,109.0933732,23.102387
WS070,1,1,44,六旺水库,水库,1251915953,109.0916909,23.1030502
WS070,1,1,45,六旺水库,水库,1251915953,109.0910386,23.1027344
WS070,1,1,46,六旺水库,水库,1251915953,109.0907983,23.1017396
WS070,1,1,47,六旺水库,水库,1251915953,109.0908841,23.1014239
WS070,1,1,48,六旺水库,水库,1251915953,109.090661,23.1003344
WS070,1,1,49,六旺水库,水库,1251915953,109.0906953,23.0997817
WS070,1,1,50,六旺水库,水库,1251915953,109.0911073,23.0991975
WS070,1,1,51,六旺水库,水库,1251915953,109.0919656,23.099008
WS070,1,1,52,六旺水库,水库,1251915953,109.0923776,23.0983764
WS070,1,1,53,六旺水库,水库,1251915953,109.0922917,23.0976817
WS070,1,1,54,六旺水库,水库,1251915953,109.0932016,23.0978554
WS070,1,1,55,六旺水库,水库,1251915953,109.0937165,23.0983448
WS070,1,1,56,六旺水库,水库,1251915953,109.0939912,23.0980606
WS070,1,1,57,六旺水库,水库,1251915953,109.0933045,23.0975869
WS070,1,1,58,六旺水库,水库,1251915953,109.0922746,23.0973027
WS070,1,1,59,六旺水库,水库,1251915953,109.0922746,23.0970185
WS070,1,1,60,六旺水库,水库,1251915953,109.0930986,23.0967185
WS070,1,1,61,六旺水库,水库,1251915953,109.0927896,23.0959763
WS070,1,1,62,六旺水库,水库,1251915953,109.0931329,23.095471
WS070,1,1,63,六旺水库,水库,1251915953,109.093253,23.0950289
WS070,1,1,64,六旺水库,水库,1251915953,109.0937852,23.0949657
WS070,1,1,65,六旺水库,水库,1251915953,109.0945233,23.09495
WS070,1,1,66,六旺水库,水库,1251915953,109.0947293,23.0946815
WS070,1,1,67,六旺水库,水库,1251915953,109.0960855,23.0946499
WS070,1,1,68,六旺水库,水库,1251915953,109.0972699,23.0946815
WS070,1,1,69,六旺水库,水库,1251915953,109.0975274,23.0940815
WS070,1,1,70,六旺水库,水库,1251915953,109.0970296,23.0937657
WS070,1,1,71,六旺水库,水库,1251915953,109.0966691,23.0941289
WS070,1,1,72,六旺水库,水库,1251915953,109.0958623,23.0937973
WS070,1,1,73,六旺水库,水库,1251915953,109.0946607,23.0936867
WS070,1,1,74,六旺水库,水库,1251915953,109.093665,23.0937973
WS070,1,1,75,六旺水库,水库,1251915953,109.0934247,23.094271
WS070,1,1,76,六旺水库,水库,1251915953,109.0926351,23.0939709
WS070,1,1,77,六旺水库,水库,1251915953,109.0926351,23.0934499
WS070,1,1,78,六旺水库,水库,1251915953,109.0921716,23.0931656
WS070,1,1,79,六旺水库,水库,1251915953,109.0924806,23.0945236
WS070,1,1,80,六旺水库,水库,1251915953,109.0918798,23.0957868
WS070,1,1,81,六旺水库,水库,1251915953,109.0912446,23.0955184
WS070,1,1,82,六旺水库,水库,1251915953,109.0907125,23.0946657
WS070,1,1,83,六旺水库,水库,1251915953,109.0907983,23.094192
WS070,1,1,84,六旺水库,水库,1251915953,109.0905236,23.094192
WS070,1,1,85,六旺水库,水库,1251915953,109.0898027,23.0930393
WS070,1,1,86,六旺水库,水库,1251915953,109.0892533,23.0924708
WS070,1,1,87,六旺水库,水库,1251915953,109.089322,23.093213
WS070,1,1,88,六旺水库,水库,1251915953,109.0878629,23.0928498
WS070,1,1,89,六旺水库,水库,1251915953,109.0877771,23.0936393
WS070,1,1,90,六旺水库,水库,1251915953,109.0890645,23.0940499
WS070,1,1,91,六旺水库,水库,1251915953,109.0899743,23.0945868
WS070,1,1,92,六旺水库,水库,1251915953,109.0906266,23.0951236
WS070,1,1,93,六旺水库,水库,1251915953,109.090764,23.0962448
WS070,1,1,94,六旺水库,水库,1251915953,109.0904893,23.0975396
WS070,1,1,95,六旺水库,水库,1251915953,109.0900601,23.0970501
WS070,1,1,96,六旺水库,水库,1251915953,109.0900601,23.0975869
WS070,1,1,97,六旺水库,水库,1251915953,109.0894593,23.0975553
WS070,1,1,98,六旺水库,水库,1251915953,109.0899057,23.098408
WS070,1,1,99,六旺水库,水库,1251915953,109.089219,23.0992133
WS070,1,1,100,六旺水库,水库,1251915953,109.0885667,23.0994659
WS070,1,1,101,六旺水库,水库,1251915953,109.0881719,23.099308
WS070,1,1,102,六旺水库,水库,1251915953,109.0877771,23.0983606
WS070,1,1,103,六旺水库,水库,1251915953,109.0873479,23.097429
WS070,1,1,104,六旺水库,水库,1251915953,109.0866098,23.0966553
WS070,1,1,105,六旺水库,水库,1251915953,109.0859059,23.09675
WS070,1,1,106,六旺水库,水库,1251915953,109.0858201,23.097208
WS070,1,1,107,六旺水库,水库,1251915953,109.0870732,23.0978869
WS070,1,1,108,六旺水库,水库,1251915953,109.0877771,23.0990238
WS070,1,1,109,六旺水库,水库,1251915953,109.0873822,23.0995291
WS070,1,1,110,六旺水库,水库,1251915953,109.0865754,23.0991975
WS070,1,1,111,六旺水库,水库,1251915953,109.0851163,23.0993554
WS070,1,1,112,六旺水库,水库,1251915953,109.0841722,23.0988185
WS070,1,1,113,六旺水库,水库,1251915953,109.0835027,23.0988185
WS070,1,1,114,六旺水库,水库,1251915953,109.083537,23.0994186
WS070,1,1,115,六旺水库,水库,1251915953,109.0853738,23.0998133
WS070,1,1,116,六旺水库,水库,1251915953,109.0854596,23.100287
WS070,1,1,117,六旺水库,水库,1251915953,109.0858888,23.0997344
WS070,1,1,118,六旺水库,水库,1251915953,109.0865583,23.0996238
WS070,1,1,119,六旺水库,水库,1251915953,109.0870046,23.0999712
WS070,1,1,120,六旺水库,水库,1251915953,109.0866784,23.1003186
WS070,1,1,121,六旺水库,水库,1251915953,109.0862493,23.1010765
WS070,1,1,122,六旺水库,水库,1251915953,109.0871247,23.1004607
WS070,1,1,123,六旺水库,水库,1251915953,109.0875882,23.1008081
WS070,1,1,124,六旺水库,水库,1251915953,109.0873479,23.1012344
WS070,1,1,125,六旺水库,水库,1251915953,109.0881375,23.1012344
WS070,1,1,126,六旺水库,水库,1251915953,109.0887555,23.1015186
WS070,1,1,127,六旺水库,水库,1251915953,109.0898198,23.1017554
WS070,1,1,128,六旺水库,水库,1251915953,109.090043,23.1023081
WS070,1,1,129,六旺水库,水库,1251915953,109.0901631,23.1027344
WS070,1,1,130,六旺水库,水库,1251915953,109.0899743,23.1032396
WS070,1,1,131,六旺水库,水库,1251915953,109.090249,23.1036502
WS070,1,1,132,六旺水库,水库,1251915953,109.0901288,23.1042817
WS070,1,1,133,六旺水库,水库,1251915953,109.0911416,23.1051817
WS070,1,1,134,六旺水库,水库,1251915953,109.0919656,23.1051186
WS070,1,1,135,六旺水库,水库,1251915953,109.0930471,23.1048344
WS070,1,1,136,六旺水库,水库,1251915953,109.0930642,23.1054344
WS070,1,1,137,六旺水库,水库,1251915953,109.0930642,23.1058765
WS070,1,1,138,六旺水库,水库,1251915953,109.0933389,23.1059396
WS070,1,1,139,六旺水库,水库,1251915953,109.093768,23.1052449
WS070,1,1,140,六旺水库,水库,1251915953,109.0937852,23.1047396
WS070,1,1,141,六旺水库,水库,1251915953,109.0940084,23.1039817
WS070,1,1,142,六旺水库,水库,1251915953,109.094489,23.103887
WS070,1,1,143,六旺水库,水库,1251915953,109.0948323,23.1046133
WS070,1,1,144,六旺水库,水库,1251915953,109.0950212,23.104787
WS070,1,1,145,六旺水库,水库,1251915953,109.095107,23.1052923
WS070,1,1,146,六旺水库,水库,1251915953,109.0948152,23.1059554
WS070,1,1,147,六旺水库,水库,1251915953,109.095004,23.1066501
WS070,1,1,148,六旺水库,水库,1251915953,109.0955361,23.1075975
WS071,1,1,1,未记录,池塘,1251915954,109.1387279,23.1141543
WS071,1,1,2,未记录,池塘,1251915954,109.1399682,23.113797
WS071,1,1,3,未记录,池塘,1251915954,109.140028,23.1135221
WS071,1,1,4,未记录,池塘,1251915954,109.1401027,23.1129861
WS071,1,1,5,未记录,池塘,1251915954,109.1412683,23.1132197
WS071,1,1,6,未记录,池塘,1251915954,109.1403866,23.1128211
WS071,1,1,7,未记录,池塘,1251915954,109.1401326,23.111804
WS071,1,1,8,未记录,池塘,1251915954,109.1395348,23.1110756
WS071,1,1,9,未记录,池塘,1251915954,109.1394003,23.1101134
WS071,1,1,10,未记录,池塘,1251915954,109.1398038,23.1088214
WS071,1,1,11,未记录,池塘,1251915954,109.1400429,23.1081617
WS071,1,1,12,未记录,池塘,1251915954,109.1400728,23.1072682
WS071,1,1,13,未记录,池塘,1251915954,109.1407303,23.1068009
WS071,1,1,14,未记录,池塘,1251915954,109.1409993,23.1062786
WS071,1,1,15,未记录,池塘,1251915954,109.1420006,23.10588
WS071,1,1,16,未记录,池塘,1251915954,109.1414477,23.1056601
WS071,1,1,17,未记录,池塘,1251915954,109.1405809,23.1060449
WS071,1,1,18,未记录,池塘,1251915954,109.1396544,23.1067734
WS071,1,1,19,未记录,池塘,1251915954,109.1383094,23.107282
WS071,1,1,20,未记录,池塘,1251915954,109.1380853,23.1077631
WS071,1,1,21,未记录,池塘,1251915954,109.1380404,23.1083129
WS071,1,1,22,未记录,池塘,1251915954,109.1378312,23.1091238
WS071,1,1,23,未记录,池塘,1251915954,109.1368748,23.10922
WS071,1,1,24,未记录,池塘,1251915954,109.1359483,23.1097286
WS071,1,1,25,未记录,池塘,1251915954,109.1354103,23.1092475
WS071,1,1,26,未记录,池塘,1251915954,109.135485,23.1083266
WS071,1,1,27,未记录,池塘,1251915954,109.1352608,23.1080242
WS071,1,1,28,未记录,池塘,1251915954,109.1347826,23.1089589
WS071,1,1,29,未记录,池塘,1251915954,109.134678,23.1097973
WS071,1,1,30,未记录,池塘,1251915954,109.1342148,23.1100585
WS071,1,1,31,未记录,池塘,1251915954,109.134424,23.1104021
WS071,1,1,32,未记录,池塘,1251915954,109.1349769,23.110622
WS071,1,1,33,未记录,池塘,1251915954,109.1359184,23.1103196
WS071,1,1,34,未记录,池塘,1251915954,109.1360977,23.1113917
WS071,1,1,35,未记录,池塘,1251915954,109.1366805,23.1122439
WS071,1,1,36,未记录,池塘,1251915954,109.1373829,23.1128761
WS071,1,1,37,未记录,池塘,1251915954,109.1381301,23.1126424
WS071,1,1,38,未记录,池塘,1251915954,109.1385635,23.1128761
WS071,1,1,39,未记录,池塘,1251915954,109.1383543,23.1131373
WS071,1,1,40,未记录,池塘,1251915954,109.1387279,23.1141543
WS072,1,1,1,未记录,池塘,1251915959,109.116898,23.1184042
WS072,1,1,2,未记录,池塘,1251915959,109.1177453,23.118439
WS072,1,1,3,未记录,池塘,1251915959,109.1169526,23.1180432
WS072,1,1,4,未记录,池塘,1251915959,109.1160692,23.1180328
WS072,1,1,5,未记录,池塘,1251915959,109.115435,23.1174078
WS072,1,1,6,未记录,池塘,1251915959,109.1156615,23.1168453
WS072,1,1,7,未记录,池塘,1251915959,109.1164203,23.1174599
WS072,1,1,8,未记录,池塘,1251915959,109.1166128,23.1165849
WS072,1,1,9,未记录,池塘,1251915959,109.118674,23.1174078
WS072,1,1,10,未记录,池塘,1251915959,109.1180851,23.1169807
WS072,1,1,11,未记录,池塘,1251915959,109.1171224,23.1161475
WS072,1,1,12,未记录,池塘,1251915959,109.1171564,23.1156787
WS072,1,1,13,未记录,池塘,1251915959,109.1181757,23.1160641
WS072,1,1,14,未记录,池塘,1251915959,109.1180511,23.1152308
WS072,1,1,15,未记录,池塘,1251915959,109.1188439,23.1151788
WS072,1,1,16,未记录,池塘,1251915959,109.1183229,23.1146163
WS072,1,1,17,未记录,池塘,1251915959,109.1189119,23.1141996
WS072,1,1,18,未记录,池塘,1251915959,109.1191497,23.1144809
WS072,1,1,19,未记录,池塘,1251915959,109.1192403,23.1152621
WS072,1,1,20,未记录,池塘,1251915959,109.1192516,23.1163037
WS072,1,1,21,未记录,池塘,1251915959,109.1199991,23.1169078
WS072,1,1,22,未记录,池塘,1251915959,109.121143,23.1172307
WS072,1,1,23,未记录,池塘,1251915959,109.1203275,23.1165329
WS072,1,1,24,未记录,池塘,1251915959,109.1196254,23.115585
WS072,1,1,25,未记录,池塘,1251915959,109.1201803,23.114835
WS072,1,1,26,未记录,池塘,1251915959,109.1207013,23.1148142
WS072,1,1,27,未记录,池塘,1251915959,109.1210297,23.1156371
WS072,1,1,28,未记录,池塘,1251915959,109.1220717,23.1162725
WS072,1,1,29,未记录,池塘,1251915959,109.1229211,23.1163037
WS072,1,1,30,未记录,池塘,1251915959,109.1223208,23.1159704
WS072,1,1,31,未记录,池塘,1251915959,109.1211996,23.1151892
WS072,1,1,32,未记录,池塘,1251915959,109.121143,23.1143455
WS072,1,1,33,未记录,池塘,1251915959,109.1212675,23.1133663
WS072,1,1,34,未记录,池塘,1251915959,109.122083,23.1143142
WS072,1,1,35,未记录,池塘,1251915959,109.1225247,23.1145121
WS072,1,1,36,未记录,池塘,1251915959,109.1235666,23.1141371
WS072,1,1,37,未记录,池塘,1251915959,109.122604,23.1137726
WS072,1,1,38,未记录,池塘,1251915959,109.1227738,23.1129393
WS072,1,1,39,未记录,池塘,1251915959,109.1225473,23.112658
WS072,1,1,40,未记录,池塘,1251915959,109.1232155,23.111731
WS072,1,1,41,未记录,池塘,1251915959,109.1242914,23.1115226
WS072,1,1,42,未记录,池塘,1251915959,109.123544,23.1111268
WS072,1,1,43,未记录,池塘,1251915959,109.1242461,23.1105851
WS072,1,1,44,未记录,池塘,1251915959,109.124484,23.109481
WS072,1,1,45,未记录,池塘,1251915959,109.12539,23.1091476
WS072,1,1,46,未记录,池塘,1251915959,109.1267604,23.1084393
WS072,1,1,47,未记录,池塘,1251915959,109.1256165,23.1081581
WS072,1,1,48,未记录,池塘,1251915959,109.1255712,23.1062935
WS072,1,1,49,未记录,池塘,1251915959,109.1244726,23.1075643
WS072,1,1,50,未记录,池塘,1251915959,109.1241102,23.1086893
WS072,1,1,51,未记录,池塘,1251915959,109.1233288,23.1086476
WS072,1,1,52,未记录,池塘,1251915959,109.1221736,23.1073768
WS072,1,1,53,未记录,池塘,1251915959,109.1233967,23.1097831
WS072,1,1,54,未记录,池塘,1251915959,109.1229664,23.1103143
WS072,1,1,55,未记录,池塘,1251915959,109.1218112,23.110231
WS072,1,1,56,未记录,池塘,1251915959,109.12257,23.1110747
WS072,1,1,57,未记录,池塘,1251915959,109.1216639,23.1117726
WS072,1,1,58,未记录,池塘,1251915959,109.1218225,23.1126059
WS072,1,1,59,未记录,池塘,1251915959,109.12069,23.1125018
WS072,1,1,60,未记录,池塘,1251915959,109.1203313,23.1131784
WS072,1,1,61,未记录,池塘,1251915959,109.1187691,23.1132415
WS072,1,1,62,未记录,池塘,1251915959,109.1185288,23.1127047
WS072,1,1,63,未记录,池塘,1251915959,109.1178937,23.1127521
WS072,1,1,64,未记录,池塘,1251915959,109.1165204,23.1128152
WS072,1,1,65,未记录,池塘,1251915959,109.1157479,23.1124837
WS072,1,1,66,未记录,池塘,1251915959,109.1167264,23.1116469
WS072,1,1,67,未记录,池塘,1251915959,109.1159024,23.1116785
WS072,1,1,68,未记录,池塘,1251915959,109.1157651,23.1107627
WS072,1,1,69,未记录,池塘,1251915959,109.1162457,23.1097523
WS072,1,1,70,未记录,池塘,1251915959,109.1171384,23.109326
WS072,1,1,71,未记录,池塘,1251915959,109.1164517,23.108805
WS072,1,1,72,未记录,池塘,1251915959,109.1163315,23.1080945
WS072,1,1,73,未记录,池塘,1251915959,109.1155076,23.107826
WS072,1,1,74,未记录,池塘,1251915959,109.1160054,23.1071313
WS072,1,1,75,未记录,池塘,1251915959,109.1165547,23.1059945
WS072,1,1,76,未记录,池塘,1251915959,109.1156449,23.1067682
WS072,1,1,77,未记录,池塘,1251915959,109.1152329,23.1071945
WS072,1,1,78,未记录,池塘,1251915959,109.1146321,23.1076839
WS072,1,1,79,未记录,池塘,1251915959,109.1156277,23.1081734
WS072,1,1,80,未记录,池塘,1251915959,109.1161084,23.1088997
WS072,1,1,81,未记录,池塘,1251915959,109.1154561,23.1096733
WS072,1,1,82,未记录,池塘,1251915959,109.1154217,23.1102891
WS072,1,1,83,未记录,池塘,1251915959,109.1149926,23.1120732
WS072,1,1,84,未记录,池塘,1251915959,109.1140999,23.1121205
WS072,1,1,85,未记录,池塘,1251915959,109.113482,23.1115206
WS072,1,1,86,未记录,池塘,1251915959,109.1137051,23.1128942
WS072,1,1,87,未记录,池塘,1251915959,109.1134133,23.1125468
WS072,1,1,88,未记录,池塘,1251915959,109.1126065,23.1122153
WS072,1,1,89,未记录,池塘,1251915959,109.112143,23.111268
WS072,1,1,90,未记录,池塘,1251915959,109.1115594,23.111789
WS072,1,1,91,未记录,池塘,1251915959,109.112246,23.1123732
WS072,1,1,92,未记录,池塘,1251915959,109.1116795,23.1125784
WS072,1,1,93,未记录,池塘,1251915959,109.110804,23.1129258
WS072,1,1,94,未记录,池塘,1251915959,109.1106324,23.1122153
WS072,1,1,95,未记录,池塘,1251915959,109.1102204,23.1121995
WS072,1,1,96,未记录,池塘,1251915959,109.1101346,23.1132257
WS072,1,1,97,未记录,池塘,1251915959,109.1097397,23.113873
WS072,1,1,98,未记录,池塘,1251915959,109.1107354,23.1145204
WS072,1,1,99,未记录,池塘,1251915959,109.1115594,23.1137625
WS072,1,1,100,未记录,池塘,1251915959,109.1119198,23.113952
WS072,1,1,101,未记录,池塘,1251915959,109.1125722,23.1149308
WS072,1,1,102,未记录,池塘,1251915959,109.1127438,23.1141572
WS072,1,1,103,未记录,池塘,1251915959,109.1123833,23.113352
WS072,1,1,104,未记录,池塘,1251915959,109.1132588,23.1135889
WS072,1,1,105,未记录,池塘,1251915959,109.1137051,23.1143783
WS072,1,1,106,未记录,池塘,1251915959,109.1148553,23.1154045
WS072,1,1,107,未记录,池塘,1251915959,109.1149068,23.1159571
WS072,1,1,108,未记录,池塘,1251915959,109.1143746,23.1169991
WS072,1,1,109,未记录,池塘,1251915959,109.1155591,23.1185463
WS072,1,1,110,未记录,池塘,1251915959,109.116898,23.1184042
WS073,1,1,1,未记录,池塘,1344764504,109.1209151,23.1898376
WS073,1,1,2,未记录,池塘,1344764504,109.1211282,23.1889412
WS073,1,1,3,未记录,池塘,1344764504,109.1207879,23.1882652
WS073,1,1,4,未记录,池塘,1344764504,109.1209898,23.1878997
WS073,1,1,5,未记录,池塘,1344764504,109.1216904,23.1876694
WS073,1,1,6,未记录,池塘,1344764504,109.1222582,23.1878836
WS073,1,1,7,未记录,池塘,1344764504,109.1226952,23.1880677
WS073,1,1,8,未记录,池塘,1344764504,109.123206,23.188191
WS073,1,1,9,未记录,池塘,1344764504,109.1234662,23.1881009
WS073,1,1,10,未记录,池塘,1344764504,109.1234965,23.1878069
WS073,1,1,11,未记录,池塘,1344764504,109.1231531,23.1877172
WS073,1,1,12,未记录,池塘,1344764504,109.122611,23.1874139
WS073,1,1,13,未记录,池塘,1344764504,109.1221262,23.1870518
WS073,1,1,14,未记录,池塘,1344764504,109.1219175,23.1869713
WS073,1,1,15,未记录,池塘,1344764504,109.1215067,23.1869682
WS073,1,1,16,未记录,池塘,1344764504,109.1211868,23.1867825
WS073,1,1,17,未记录,池塘,1344764504,109.1210454,23.1869651
WS073,1,1,18,未记录,池塘,1344764504,109.1200286,23.1881102
WS073,1,1,19,未记录,池塘,1344764504,109.1197626,23.1888654
WS073,1,1,20,未记录,池塘,1344764504,109.1204562,23.1894937
WS073,1,1,21,未记录,池塘,1344764504,109.1209151,23.1898376
WS074,1,1,1,未记录,池塘,1344764516,109.1610526,23.1917421
WS074,1,1,2,未记录,池塘,1344764516,109.161488,23.1916415
WS074,1,1,3,未记录,池塘,1344764516,109.1614554,23.1911299
WS074,1,1,4,未记录,池塘,1344764516,109.1611224,23.1911492
WS074,1,1,5,未记录,池塘,1344764516,109.1609571,23.1912369
WS074,1,1,6,未记录,池塘,1344764516,109.1610153,23.1913097
WS074,1,1,7,未记录,池塘,1344764516,109.160836,23.1914531
WS074,1,1,8,未记录,池塘,1344764516,109.1609478,23.1916907
WS074,1,1,9,未记录,池塘,1344764516,109.1610526,23.1917421
WS075,1,1,1,未记录,池塘,1344764518,109.1286431,23.1939356
WS075,1,1,2,未记录,池塘,1344764518,109.1290786,23.1935161
WS075,1,1,3,未记录,池塘,1344764518,109.1287409,23.1929489
WS075,1,1,4,未记录,池塘,1344764518,109.1285174,23.1931458
WS075,1,1,5,未记录,池塘,1344764518,109.1283451,23.1936017
WS075,1,1,6,未记录,池塘,1344764518,109.1283521,23.193805
WS075,1,1,7,未记录,池塘,1344764518,109.1286431,23.1939356
WS076,1,1,1,未记录,池塘,1344764519,109.1272902,23.194308
WS076,1,1,2,未记录,池塘,1344764519,109.1275883,23.1942738
WS076,1,1,3,未记录,池塘,1344764519,109.1276046,23.1941197
WS076,1,1,4,未记录,池塘,1344764519,109.1274928,23.1939463
WS076,1,1,5,未记录,池塘,1344764519,109.1275953,23.1939313
WS076,1,1,6,未记录,池塘,1344764519,109.1276512,23.1937687
WS076,1,1,7,未记录,池塘,1344764519,109.1275254,23.1935739
WS076,1,1,8,未记录,池塘,1344764519,109.1273787,23.1934968
WS076,1,1,9,未记录,池塘,1344764519,109.1265754,23.1938885
WS076,1,1,10,未记录,池塘,1344764519,109.1272902,23.194308
WS077,1,1,1,未记录,池塘,1344764520,109.1284848,23.1930645
WS077,1,1,2,未记录,池塘,1344764520,109.1287153,23.1928312
WS077,1,1,3,未记录,池塘,1344764520,109.128692,23.1927113
WS077,1,1,4,未记录,池塘,1344764520,109.1287246,23.1926749
WS077,1,1,5,未记录,池塘,1344764520,109.1287922,23.1927113
WS077,1,1,6,未记录,池塘,1344764520,109.1289156,23.1926878
WS077,1,1,7,未记录,池塘,1344764520,109.1291438,23.1925337
WS077,1,1,8,未记录,池塘,1344764520,109.1291764,23.1922126
WS077,1,1,9,未记录,池塘,1344764520,109.129011,23.192112
WS077,1,1,10,未记录,池塘,1344764520,109.1283055,23.1929211
WS077,1,1,11,未记录,池塘,1344764520,109.1284848,23.1930645
WS078,1,1,1,未记录,池塘,1344764521,109.1288899,23.1919365
WS078,1,1,2,未记录,池塘,1344764521,109.1296025,23.1910376
WS078,1,1,3,未记录,池塘,1344764521,109.1295117,23.1909819
WS078,1,1,4,未记录,池塘,1344764521,109.1291833,23.1913822
WS078,1,1,5,未记录,池塘,1344764521,109.1285896,23.1912152
WS078,1,1,6,未记录,池塘,1344764521,109.1286571,23.1919087
WS078,1,1,7,未记录,池塘,1344764521,109.1288899,23.1919365
WS079,1,1,1,未记录,池塘,1344764524,109.1259833,23.1858624
WS079,1,1,2,未记录,池塘,1344764524,109.1260346,23.1856163
WS079,1,1,3,未记录,池塘,1344764524,109.1260159,23.1854129
WS079,1,1,4,未记录,池塘,1344764524,109.1258855,23.1853337
WS079,1,1,5,未记录,池塘,1344764524,109.1257831,23.1853787
WS079,1,1,6,未记录,池塘,1344764524,109.1256736,23.1857126
WS079,1,1,7,未记录,池塘,1344764524,109.1256015,23.1857425
WS079,1,1,8,未记录,池塘,1344764524,109.1255828,23.1858945
WS079,1,1,9,未记录,池塘,1344764524,109.1257412,23.1859459
WS079,1,1,10,未记录,池塘,1344764524,109.1259833,23.1858624
WS080,1,1,1,未记录,一般水体,1367635403,109.0749145,23.0788282
WS080,1,1,2,未记录,一般水体,1367635403,109.0750347,23.0788227
WS080,1,1,3,未记录,一般水体,1367635403,109.0752992,23.0782476
WS080,1,1,4,未记录,一般水体,1367635403,109.0753533,23.077562
WS080,1,1,5,未记录,一般水体,1367635403,109.0750648,23.0773408
WS080,1,1,6,未记录,一般水体,1367635403,109.0748664,23.0774016
WS080,1,1,7,未记录,一般水体,1367635403,109.074644,23.0773353
WS080,1,1,8,未记录,一般水体,1367635403,109.0743976,23.0771196
WS080,1,1,9,未记录,一般水体,1367635403,109.0741692,23.077092
WS080,1,1,10,未记录,一般水体,1367635403,109.0738206,23.0775399
WS080,1,1,11,未记录,一般水体,1367635403,109.0739048,23.0776892
WS080,1,1,12,未记录,一般水体,1367635403,109.0739228,23.0779214
WS080,1,1,13,未记录,一般水体,1367635403,109.0741091,23.0782034
WS080,1,1,14,未记录,一般水体,1367635403,109.0743616,23.0783306
WS080,1,1,15,未记录,一般水体,1367635403,109.0744217,23.0786512
WS080,1,1,16,未记录,一般水体,1367635403,109.0747102,23.0784909
WS080,1,1,17,未记录,一般水体,1367635403,109.0748544,23.0785628
WS080,1,1,18,未记录,一般水体,1367635403,109.0749145,23.0788282
WS081,1,1,1,未记录,一般水体,1369893922,109.0857068,23.2149545
WS081,1,1,2,未记录,一般水体,1369893922,109.0860802,23.2146676
WS081,1,1,3,未记录,一般水体,1369893922,109.0862218,23.2138896
WS081,1,1,4,未记录,一般水体,1369893922,109.0859096,23.2133986
WS081,1,1,5,未记录,一般水体,1369893922,109.0856264,23.2133808
WS081,1,1,6,未记录,一般水体,1369893922,109.085179,23.2135494
WS081,1,1,7,未记录,一般水体,1369893922,109.0852498,23.2137713
WS081,1,1,8,未记录,一般水体,1369893922,109.0852498,23.2141529
WS081,1,1,9,未记录,一般水体,1369893922,109.0850245,23.2144102
WS081,1,1,10,未记录,一般水体,1369893922,109.0857068,23.2149545
WS082,1,1,1,未记录,一般水体,1369893929,109.1059538,23.1920276
WS082,1,1,2,未记录,一般水体,1369893929,109.1060337,23.1920236
WS082,1,1,3,未记录,一般水体,1369893929,109.1060769,23.1919601
WS082,1,1,4,未记录,一般水体,1369893929,109.1060812,23.1917378
WS082,1,1,5,未记录,一般水体,1369893929,109.1060164,23.1916723
WS082,1,1,6,未记录,一般水体,1369893929,109.1059192,23.1916088
WS082,1,1,7,未记录,一般水体,1369893929,109.1051333,23.1913092
WS082,1,1,8,未记录,一般水体,1369893929,109.1047943,23.1911405
WS082,1,1,9,未记录,一般水体,1369893929,109.1047144,23.1911206
WS082,1,1,10,未记录,一般水体,1369893929,109.1045892,23.1915374
WS082,1,1,11,未记录,一般水体,1369893929,109.1046151,23.1916465
WS082,1,1,12,未记录,一般水体,1369893929,109.1059538,23.1920276
WS083,1,1,1,未记录,一般水体,1369893930,109.1084637,23.1906008
WS083,1,1,2,未记录,一般水体,1369893930,109.1110616,23.188501
WS083,1,1,3,未记录,一般水体,1369893930,109.1106945,23.1882201
WS083,1,1,4,未记录,一般水体,1369893930,109.1097624,23.1882922
WS083,1,1,5,未记录,一般水体,1369893930,109.1091998,23.188032
WS083,1,1,6,未记录,一般水体,1369893930,109.1082843,23.1882111
WS083,1,1,7,未记录,一般水体,1369893930,109.1078761,23.1884105
WS083,1,1,8,未记录,一般水体,1369893930,109.1073719,23.188478
WS083,1,1,9,未记录,一般水体,1369893930,109.107259,23.1886953
WS083,1,1,10,未记录,一般水体,1369893930,109.1080012,23.1893366
WS083,1,1,11,未记录,一般水体,1369893930,109.1084637,23.1906008
WS084,1,1,1,未记录,一般水体,1434596088,109.1505233,23.1963706
WS084,1,1,2,未记录,一般水体,1434596088,109.1506432,23.1963624
WS084,1,1,3,未记录,一般水体,1434596088,109.1507275,23.1962747
WS084,1,1,4,未记录,一般水体,1434596088,109.150752,23.1960074
WS084,1,1,5,未记录,一般水体,1434596088,109.1498396,23.1961319
WS084,1,1,6,未记录,一般水体,1434596088,109.1500949,23.1961829
WS084,1,1,7,未记录,一般水体,1434596088,109.1503746,23.1962971
WS084,1,1,8,未记录,一般水体,1434596088,109.1505233,23.1963706
WS085,1,1,1,未记录,水库,1435033890,109.4400753,23.1459954
WS085,1,1,2,未记录,水库,1435033890,109.4401131,23.1464633
WS085,1,1,3,未记录,水库,1435033890,109.4395947,23.1473154
WS085,1,1,4,未记录,水库,1435033890,109.4396429,23.1479585
WS085,1,1,5,未记录,水库,1435033890,109.4398953,23.148443
WS085,1,1,6,未记录,水库,1435033890,109.4400735,23.148492
WS085,1,1,7,未记录,水库,1435033890,109.4400827,23.1486998
WS085,1,1,8,未记录,水库,1435033890,109.4398601,23.148801
WS085,1,1,9,未记录,水库,1435033890,109.4399525,23.1496607
WS085,1,1,10,未记录,水库,1435033890,109.4401818,23.150069
WS085,1,1,11,未记录,水库,1435033890,109.4402855,23.1495175
WS085,1,1,12,未记录,水库,1435033890,109.4409738,23.1490816
WS085,1,1,13,未记录,水库,1435033890,109.4415618,23.1484777
WS085,1,1,14,未记录,水库,1435033890,109.441543,23.1480877
WS085,1,1,15,未记录,水库,1435033890,109.4410213,23.1478274
WS085,1,1,16,未记录,水库,1435033890,109.4409864,23.1476166
WS085,1,1,17,未记录,水库,1435033890,109.4413495,23.1472574
WS085,1,1,18,未记录,水库,1435033890,109.4409086,23.1469626
WS085,1,1,19,未记录,水库,1435033890,109.4408846,23.1466546
WS085,1,1,20,未记录,水库,1435033890,109.4413792,23.1456915
WS085,1,1,21,未记录,水库,1435033890,109.440948,23.1451664
WS085,1,1,22,未记录,水库,1435033890,109.4404286,23.1450666
WS085,1,1,23,未记录,水库,1435033890,109.4400753,23.1459954
WS086,1,1,1,未记录,池塘,1435033891,109.4398535,23.1495947
WS086,1,1,2,未记录,池塘,1435033891,109.4397749,23.148872
WS086,1,1,3,未记录,池塘,1435033891,109.4392673,23.1492014
WS086,1,1,4,未记录,池塘,1435033891,109.4392837,23.149541
WS086,1,1,5,未记录,池塘,1435033891,109.4398535,23.1495947
WS087,1,1,1,未记录,一般水体,1435268277,109.3929806,22.8702732
WS087,1,1,2,未记录,一般水体,1435268277,109.3936422,22.8697368
WS087,1,1,3,未记录,一般水体,1435268277,109.3938799,22.8693242
WS087,1,1,4,未记录,一般水体,1435268277,109.3935498,22.8680765
WS087,1,1,5,未记录,一般水体,1435268277,109.3942508,22.867602
WS087,1,1,6,未记录,一般水体,1435268277,109.3944225,22.8670748
WS087,1,1,7,未记录,一般水体,1435268277,109.3942794,22.8666661
WS087,1,1,8,未记录,一般水体,1435268277,109.3940076,22.8666134
WS087,1,1,9,未记录,一般水体,1435268277,109.3940243,22.8663078
WS087,1,1,10,未记录,一般水体,1435268277,109.3946451,22.8659489
WS087,1,1,11,未记录,一般水体,1435268277,109.3948799,22.8653176
WS087,1,1,12,未记录,一般水体,1435268277,109.3954381,22.8649922
WS087,1,1,13,未记录,一般水体,1435268277,109.3952378,22.8646626
WS087,1,1,14,未记录,一般水体,1435268277,109.3946943,22.8645835
WS087,1,1,15,未记录,一般水体,1435268277,109.3942079,22.8648867
WS087,1,1,16,未记录,一般水体,1435268277,109.3945655,22.8639245
WS087,1,1,17,未记录,一般水体,1435268277,109.3950662,22.8637795
WS087,1,1,18,未记录,一般水体,1435268277,109.3955096,22.8639509
WS087,1,1,19,未记录,一般水体,1435268277,109.3964109,22.8637136
WS087,1,1,20,未记录,一般水体,1435268277,109.3964252,22.8631204
WS087,1,1,21,未记录,一般水体,1435268277,109.3961248,22.8625405
WS087,1,1,22,未记录,一般水体,1435268277,109.395338,22.8620396
WS087,1,1,23,未记录,一般水体,1435268277,109.39502743434922,22.8615453
WS087,1,1,24,未记录,一般水体,1435268277,109.3932227638088,22.8615453
WS087,1,1,25,未记录,一般水体,1435268277,109.3931922,22.8619209
WS087,1,1,26,未记录,一般水体,1435268277,109.393464,22.8623032
WS087,1,1,27,未记录,一般水体,1435268277,109.3925628,22.8620923
WS087,1,1,28,未记录,一般水体,1435268277,109.392105,22.8622109
WS087,1,1,29,未记录,一般水体,1435268277,109.3909177,22.8628832
WS087,1,1,30,未记录,一般水体,1435268277,109.3906316,22.8633445
WS087,1,1,31,未记录,一般水体,1435268277,109.3900308,22.8634895
WS087,1,1,32,未记录,一般水体,1435268277,109.3901196,22.8641933
WS087,1,1,33,未记录,一般水体,1435268277,109.3908141,22.8641241
WS087,1,1,34,未记录,一般水体,1435268277,109.3910699,22.8641767
WS087,1,1,35,未记录,一般水体,1435268277,109.3911609,22.8645308
WS087,1,1,36,未记录,一般水体,1435268277,109.3909892,22.864979
WS087,1,1,37,未记录,一般水体,1435268277,109.3904599,22.8650317
WS087,1,1,38,未记录,一般水体,1435268277,109.3901166,22.8653085
WS087,1,1,39,未记录,一般水体,1435268277,109.389573,22.8654535
WS087,1,1,40,未记录,一般水体,1435268277,109.3893441,22.8652031
WS087,1,1,41,未记录,一般水体,1435268277,109.3881282,22.8653744
WS087,1,1,42,未记录,一般水体,1435268277,109.3875417,22.8645967
WS087,1,1,43,未记录,一般水体,1435268277,109.3872556,22.8646231
WS087,1,1,44,未记录,一般水体,1435268277,109.3870305,22.8644661
WS087,1,1,45,未记录,一般水体,1435268277,109.3865833,22.8639113
WS087,1,1,46,未记录,一般水体,1435268277,109.3851098,22.8644913
WS087,1,1,47,未记录,一般水体,1435268277,109.3850097,22.8649394
WS087,1,1,48,未记录,一般水体,1435268277,109.3853816,22.8652294
WS087,1,1,49,未记录,一般水体,1435268277,109.3854531,22.8656776
WS087,1,1,50,未记录,一般水体,1435268277,109.3862542,22.8658226
WS087,1,1,51,未记录,一般水体,1435268277,109.3866405,22.8656908
WS087,1,1,52,未记录,一般水体,1435268277,109.3869123,22.8659412
WS087,1,1,53,未记录,一般水体,1435268277,109.3870664,22.8665445
WS087,1,1,54,未记录,一般水体,1435268277,109.3874702,22.8666266
WS087,1,1,55,未记录,一般水体,1435268277,109.3878564,22.8664289
WS087,1,1,56,未记录,一般水体,1435268277,109.3881997,22.8667057
WS087,1,1,57,未记录,一般水体,1435268277,109.3881997,22.8670352
WS087,1,1,58,未记录,一般水体,1435268277,109.3884708,22.8672744
WS087,1,1,59,未记录,一般水体,1435268277,109.3889293,22.8674043
WS087,1,1,60,未记录,一般水体,1435268277,109.3893215,22.8673483
WS087,1,1,61,未记录,一般水体,1435268277,109.3895873,22.8675493
WS087,1,1,62,未记录,一般水体,1435268277,109.3910608,22.868261
WS087,1,1,63,未记录,一般水体,1435268277,109.3913898,22.8692628
WS087,1,1,64,未记录,一般水体,1435268277,109.3929806,22.8702732
WS088,1,1,1,未记录,一般水体,1446673885,109.3982278,23.0801997
WS088,1,1,2,未记录,一般水体,1446673885,109.3983188,23.0803467
WS088,1,1,3,未记录,一般水体,1446673885,109.3982589,23.0804529
WS088,1,1,4,未记录,一般水体,1446673885,109.3981257,23.0808531
WS088,1,1,5,未记录,一般水体,1446673885,109.3979792,23.0810288
WS088,1,1,6,未记录,一般水体,1446673885,109.3976862,23.08109
WS088,1,1,7,未记录,一般水体,1446673885,109.3974842,23.0812943
WS088,1,1,8,未记录,一般水体,1446673885,109.3974642,23.0813964
WS088,1,1,9,未记录,一般水体,1446673885,109.3975019,23.0814923
WS088,1,1,10,未记录,一般水体,1446673885,109.3978083,23.0815781
WS088,1,1,11,未记录,一般水体,1446673885,109.3978527,23.08167
WS088,1,1,12,未记录,一般水体,1446673885,109.3980258,23.0816782
WS088,1,1,13,未记录,一般水体,1446673885,109.3981079,23.0818456
WS088,1,1,14,未记录,一般水体,1446673885,109.3981435,23.0820948
WS088,1,1,15,未记录,一般水体,1446673885,109.3983299,23.0821315
WS088,1,1,16,未记录,一般水体,1446673885,109.3983921,23.0819927
WS088,1,1,17,未记录,一般水体,1446673885,109.3983788,23.0816904
WS088,1,1,18,未记录,一般水体,1446673885,109.3984742,23.0815985
WS088,1,1,19,未记录,一般水体,1446673885,109.3986252,23.081572
WS088,1,1,20,未记录,一般水体,1446673885,109.3988582,23.0816067
WS088,1,1,21,未记录,一般水体,1446673885,109.3988405,23.0813759
WS088,1,1,22,未记录,一般水体,1446673885,109.3986385,23.081135
WS088,1,1,23,未记录,一般水体,1446673885,109.3987561,23.0808879
WS088,1,1,24,未记录,一般水体,1446673885,109.398876,23.0808123
WS088,1,1,25,未记录,一般水体,1446673885,109.3989315,23.0807061
WS088,1,1,26,未记录,一般水体,1446673885,109.3991024,23.0805958
WS088,1,1,27,未记录,一般水体,1446673885,109.3993599,23.0806591
WS088,1,1,28,未记录,一般水体,1446673885,109.4001014,23.0807429
WS088,1,1,29,未记录,一般水体,1446673885,109.4002301,23.0802956
WS088,1,1,30,未记录,一般水体,1446673885,109.3999859,23.0798668
WS088,1,1,31,未记录,一般水体,1446673885,109.3997107,23.0793644
WS088,1,1,32,未记录,一般水体,1446673885,109.3996041,23.0789539
WS088,1,1,33,未记录,一般水体,1446673885,109.3996996,23.0786251
WS088,1,1,34,未记录,一般水体,1446673885,109.3996419,23.0784781
WS088,1,1,35,未记录,一般水体,1446673885,109.3990336,23.0780227
WS088,1,1,36,未记录,一般水体,1446673885,109.398856,23.0779594
WS088,1,1,37,未记录,一般水体,1446673885,109.398654,23.0787334
WS088,1,1,38,未记录,一般水体,1446673885,109.3986651,23.0788661
WS088,1,1,39,未记录,一般水体,1446673885,109.3984076,23.0796095
WS088,1,1,40,未记录,一般水体,1446673885,109.3983499,23.0796646
WS088,1,1,41,未记录,一般水体,1446673885,109.3982278,23.0801997
WS089,1,1,1,未记录,一般水体,1446673886,109.4017409,23.0799875
WS089,1,1,2,未记录,一般水体,1446673886,109.4018068,23.0799105
WS089,1,1,3,未记录,一般水体,1446673886,109.4019488,23.0793389
WS089,1,1,4,未记录,一般水体,1446673886,109.4019818,23.0789703
WS089,1,1,5,未记录,一般水体,1446673886,109.401642,23.0789633
WS089,1,1,6,未记录,一般水体,1446673886,109.4008711,23.078912
WS089,1,1,7,未记录,一般水体,1446673886,109.4008077,23.0788327
WS089,1,1,8,未记录,一般水体,1446673886,109.4007722,23.0786811
WS089,1,1,9,未记录,一般水体,1446673886,109.4006125,23.0785854
WS089,1,1,10,未记录,一般水体,1446673886,109.3998492,23.0785317
WS089,1,1,11,未记录,一般水体,1446673886,109.3998416,23.0789633
WS089,1,1,12,未记录,一般水体,1446673886,109.3999709,23.0793249
WS089,1,1,13,未记录,一般水体,1446673886,109.40044,23.0794532
WS089,1,1,14,未记录,一般水体,1446673886,109.4017409,23.0799875
WS090,1,1,1,未记录,一般水体,1446673887,109.4018195,23.0800225
WS090,1,1,2,未记录,一般水体,1446673887,109.4020604,23.0801671
WS090,1,1,3,未记录,一般水体,1446673887,109.4031483,23.0804774
WS090,1,1,4,未记录,一般水体,1446673887,109.4044187,23.0799175
WS090,1,1,5,未记录,一般水体,1446673887,109.4043655,23.0795815
WS090,1,1,6,未记录,一般水体,1446673887,109.4039648,23.0793039
WS090,1,1,7,未记录,一般水体,1446673887,109.4038355,23.0790613
WS090,1,1,8,未记录,一般水体,1446673887,109.4037113,23.079017
WS090,1,1,9,未记录,一般水体,1446673887,109.4031204,23.079045
WS090,1,1,10,未记录,一般水体,1446673887,109.4022861,23.0788537
WS090,1,1,11,未记录,一般水体,1446673887,109.4021061,23.078933
WS090,1,1,12,未记录,一般水体,1446673887,109.4020604,23.0790053
WS090,1,1,13,未记录,一般水体,1446673887,109.4019869,23.0795955
WS090,1,1,14,未记录,一般水体,1446673887,109.4019488,23.0797402
WS090,1,1,15,未记录,一般水体,1446673887,109.4018195,23.0800225
WS091,1,1,1,未记录,一般水体,1446676786,109.3399095,23.1407725
WS091,1,1,2,未记录,一般水体,1446676786,109.3401702,23.1405062
WS091,1,1,3,未记录,一般水体,1446676786,109.3403006,23.1405541
WS091,1,1,4,未记录,一般水体,1446676786,109.340512,23.1403091
WS091,1,1,5,未记录,一般水体,1446676786,109.340063,23.1399441
WS091,1,1,6,未记录,一般水体,1446676786,109.3395474,23.1405115
WS091,1,1,7,未记录,一般水体,1446676786,109.3399095,23.1407725
WS092,1,1,1,未记录,一般水体,1461438100,109.2612216,23.1942312
WS092,1,1,2,未记录,一般水体,1461438100,109.261519,23.1941618
WS092,1,1,3,未记录,一般水体,1461438100,109.2617787,23.1938843
WS092,1,1,4,未记录,一般水体,1461438100,109.261721,23.193766
WS092,1,1,5,未记录,一般水体,1461438100,109.2609752,23.194072
WS092,1,1,6,未记录,一般水体,1461438100,109.2609951,23.1941333
WS092,1,1,7,未记录,一般水体,1461438100,109.2612216,23.1942312
WS093,1,1,1,未记录,一般水体,1461438102,109.2728833,23.1939808
WS093,1,1,2,未记录,一般水体,1461438102,109.2733657,23.1938535
WS093,1,1,3,未记录,一般水体,1461438102,109.2735563,23.1938548
WS093,1,1,4,未记录,一般水体,1461438102,109.2736948,23.193744
WS093,1,1,5,未记录,一般水体,1461438102,109.2739093,23.1936933
WS093,1,1,6,未记录,一般水体,1461438102,109.2741356,23.1935359
WS093,1,1,7,未记录,一般水体,1461438102,109.2741773,23.1933977
WS093,1,1,8,未记录,一般水体,1461438102,109.2743247,23.193347
WS093,1,1,9,未记录,一般水体,1461438102,109.2744096,23.1932799
WS093,1,1,10,未记录,一般水体,1461438102,109.2744647,23.1931527
WS093,1,1,11,未记录,一般水体,1461438102,109.2745719,23.1931034
WS093,1,1,12,未记录,一般水体,1461438102,109.2746136,23.1930158
WS093,1,1,13,未记录,一般水体,1461438102,109.2746434,23.1928378
WS093,1,1,14,未记录,一般水体,1461438102,109.2745064,23.1929186
WS093,1,1,15,未记录,一般水体,1461438102,109.2744483,23.1930692
WS093,1,1,16,未记录,一般水体,1461438102,109.2742339,23.1932444
WS093,1,1,17,未记录,一般水体,1461438102,109.2741341,23.1932827
WS093,1,1,18,未记录,一般水体,1461438102,109.274012,23.1934976
WS093,1,1,19,未记录,一般水体,1461438102,109.2739227,23.1935811
WS093,1,1,20,未记录,一般水体,1461438102,109.2737723,23.1936208
WS093,1,1,21,未记录,一般水体,1461438102,109.2733494,23.1938138
WS093,1,1,22,未记录,一般水体,1461438102,109.2729756,23.1938918
WS093,1,1,23,未记录,一般水体,1461438102,109.2728833,23.1939808
WS094,1,1,1,未记录,水库,1536111712,109.3111278,22.9445512
WS094,1,1,2,未记录,水库,1536111712,109.31113,22.9447392
WS094,1,1,3,未记录,水库,1536111712,109.310948,22.944858
WS094,1,1,4,未记录,水库,1536111712,109.3107583,22.9449837
WS094,1,1,5,未记录,水库,1536111712,109.3108797,22.9450466
WS094,1,1,6,未记录,水库,1536111712,109.3109555,22.9450955
WS094,1,1,7,未记录,水库,1536111712,109.3110162,22.9451793
WS094,1,1,8,未记录,水库,1536111712,109.3110769,22.9452702
WS094,1,1,9,未记录,水库,1536111712,109.3110845,22.945361
WS094,1,1,10,未记录,水库,1536111712,109.3110845,22.9454518
WS094,1,1,11,未记录,水库,1536111712,109.3110542,22.9455356
WS094,1,1,12,未记录,水库,1536111712,109.3110011,22.9456125
WS094,1,1,13,未记录,水库,1536111712,109.3108493,22.9456893
WS094,1,1,14,未记录,水库,1536111712,109.3107128,22.9457522
WS094,1,1,15,未记录,水库,1536111712,109.3105231,22.9458221
WS094,1,1,16,未记录,水库,1536111712,109.3104245,22.945864
WS094,1,1,17,未记录,水库,1536111712,109.3100983,22.9459269
WS094,1,1,18,未记录,水库,1536111712,109.3099541,22.9459269
WS094,1,1,19,未记录,水库,1536111712,109.3097645,22.9459269
WS094,1,1,20,未记录,水库,1536111712,109.3096203,22.9458989
WS094,1,1,21,未记录,水库,1536111712,109.3094534,22.94585
WS094,1,1,22,未记录,水库,1536111712,109.3090893,22.9458011
WS094,1,1,23,未记录,水库,1536111712,109.3089907,22.9457592
WS094,1,1,24,未记录,水库,1536111712,109.308892,22.9456684
WS094,1,1,25,未记录,水库,1536111712,109.3088086,22.9455636
WS094,1,1,26,未记录,水库,1536111712,109.3087403,22.9454658
WS094,1,1,27,未记录,水库,1536111712,109.3087024,22.945354
WS094,1,1,28,未记录,水库,1536111712,109.3086417,22.9452492
WS094,1,1,29,未记录,水库,1536111712,109.3086189,22.9451374
WS094,1,1,30,未记录,水库,1536111712,109.3085886,22.9450326
WS094,1,1,31,未记录,水库,1536111712,109.3085355,22.9449278
WS094,1,1,32,未记录,水库,1536111712,109.3084596,22.944844
WS094,1,1,33,未记录,水库,1536111712,109.3084748,22.9449418
WS094,1,1,34,未记录,水库,1536111712,109.3084672,22.9450326
WS094,1,1,35,未记录,水库,1536111712,109.3084217,22.9452073
WS094,1,1,36,未记录,水库,1536111712,109.3084065,22.9453191
WS094,1,1,37,未记录,水库,1536111712,109.3083686,22.9454308
WS094,1,1,38,未记录,水库,1536111712,109.3083382,22.9455496
WS094,1,1,39,未记录,水库,1536111712,109.3083079,22.9456544
WS094,1,1,40,未记录,水库,1536111712,109.3082775,22.9457522
WS094,1,1,41,未记录,水库,1536111712,109.3082093,22.945843
WS094,1,1,42,未记录,水库,1536111712,109.3080727,22.9460177
WS094,1,1,43,未记录,水库,1536111712,109.3079817,22.9461225
WS094,1,1,44,未记录,水库,1536111712,109.3079058,22.9461784
WS094,1,1,45,未记录,水库,1536111712,109.3077844,22.9462412
WS094,1,1,46,未记录,水库,1536111712,109.3076706,22.9463111
WS094,1,1,47,未记录,水库,1536111712,109.3075872,22.94636
WS094,1,1,48,未记录,水库,1536111712,109.3074961,22.9464089
WS094,1,1,49,未记录,水库,1536111712,109.3073899,22.9464788
WS094,1,1,50,未记录,水库,1536111712,109.3072989,22.9465067
WS094,1,1,51,未记录,水库,1536111712,109.3071927,22.9465067
WS094,1,1,52,未记录,水库,1536111712,109.3071016,22.9465347
WS094,1,1,53,未记录,水库,1536111712,109.3071016,22.9466255
WS094,1,1,54,未记录,水库,1536111712,109.3071016,22.9467233
WS094,1,1,55,未记录,水库,1536111712,109.3070865,22.9468141
WS094,1,1,56,未记录,水库,1536111712,109.3070485,22.9469189
WS094,1,1,57,未记录,水库,1536111712,109.3069954,22.9470097
WS094,1,1,58,未记录,水库,1536111712,109.3069347,22.9470796
WS094,1,1,59,未记录,水库,1536111712,109.3068665,22.9471494
WS094,1,1,60,未记录,水库,1536111712,109.3067982,22.9472193
WS094,1,1,61,未记录,水库,1536111712,109.3068892,22.9471983
WS094,1,1,62,未记录,水库,1536111712,109.3069803,22.9471704
WS094,1,1,63,未记录,水库,1536111712,109.307094,22.9471145
WS094,1,1,64,未记录,水库,1536111712,109.3071775,22.9470446
WS094,1,1,65,未记录,水库,1536111712,109.3072154,22.9469678
WS094,1,1,66,未记录,水库,1536111712,109.3072913,22.9468909
WS094,1,1,67,未记录,水库,1536111712,109.307352,22.9468211
WS094,1,1,68,未记录,水库,1536111712,109.3074354,22.9467372
WS094,1,1,69,未记录,水库,1536111712,109.3075265,22.9466674
WS094,1,1,70,未记录,水库,1536111712,109.3076403,22.9466325
WS094,1,1,71,未记录,水库,1536111712,109.3077465,22.9465836
WS094,1,1,72,未记录,水库,1536111712,109.3078603,22.9465277
WS094,1,1,73,未记录,水库,1536111712,109.3079589,22.9465277
WS094,1,1,74,未记录,水库,1536111712,109.3080803,22.9464857
WS094,1,1,75,未记录,水库,1536111712,109.3082775,22.9463879
WS094,1,1,76,未记录,水库,1536111712,109.308581,22.94636
WS094,1,1,77,未记录,水库,1536111712,109.3086796,22.94636
WS094,1,1,78,未记录,水库,1536111712,109.3088086,22.946381
WS094,1,1,79,未记录,水库,1536111712,109.3088996,22.9463949
WS094,1,1,80,未记录,水库,1536111712,109.3089982,22.9464159
WS094,1,1,81,未记录,水库,1536111712,109.3091348,22.9464718
WS094,1,1,82,未记录,水库,1536111712,109.3092183,22.9465486
WS094,1,1,83,未记录,水库,1536111712,109.3093093,22.9465905
WS094,1,1,84,未记录,水库,1536111712,109.3093852,22.9466953
WS094,1,1,85,未记录,水库,1536111712,109.3094231,22.946849
WS094,1,1,86,未记录,水库,1536111712,109.3094155,22.9469329
WS094,1,1,87,未记录,水库,1536111712,109.3093624,22.9470307
WS094,1,1,88,未记录,水库,1536111712,109.3092334,22.9471774
WS094,1,1,89,未记录,水库,1536111712,109.3091576,22.9472612
WS094,1,1,90,未记录,水库,1536111712,109.3090665,22.947359
WS094,1,1,91,未记录,水库,1536111712,109.3089831,22.9474778
WS094,1,1,92,未记录,水库,1536111712,109.3090286,22.9475616
WS094,1,1,93,未记录,水库,1536111712,109.3091045,22.9476245
WS094,1,1,94,未记录,水库,1536111712,109.3091348,22.9477153
WS094,1,1,95,未记录,水库,1536111712,109.3091879,22.9477852
WS094,1,1,96,未记录,水库,1536111712,109.3092941,22.947848
WS094,1,1,97,未记录,水库,1536111712,109.3093169,22.9479528
WS094,1,1,98,未记录,水库,1536111712,109.3093017,22.9480436
WS094,1,1,99,未记录,水库,1536111712,109.3092714,22.9481554
WS094,1,1,100,未记录,水库,1536111712,109.3092638,22.9482602
WS094,1,1,101,未记录,水库,1536111712,109.3092638,22.948351
WS094,1,1,102,未记录,水库,1536111712,109.3092334,22.9484418
WS094,1,1,103,未记录,水库,1536111712,109.3092258,22.9485536
WS094,1,1,104,未记录,水库,1536111712,109.3092031,22.9486514
WS094,1,1,105,未记录,水库,1536111712,109.3091424,22.9487632
WS094,1,1,106,未记录,水库,1536111712,109.3090513,22.9488191
WS094,1,1,107,未记录,水库,1536111712,109.3089603,22.948882
WS094,1,1,108,未记录,水库,1536111712,109.3089982,22.9489658
WS094,1,1,109,未记录,水库,1536111712,109.3090513,22.9490496
WS094,1,1,110,未记录,水库,1536111712,109.3090665,22.9491754
WS094,1,1,111,未记录,水库,1536111712,109.3090438,22.9492662
WS094,1,1,112,未记录,水库,1536111712,109.3090286,22.949364
WS094,1,1,113,未记录,水库,1536111712,109.3090286,22.9495037
WS094,1,1,114,未记录,水库,1536111712,109.3090286,22.9496085
WS094,1,1,115,未记录,水库,1536111712,109.3090286,22.9497133
WS094,1,1,116,未记录,水库,1536111712,109.3090286,22.9498251
WS094,1,1,117,未记录,水库,1536111712,109.3090741,22.9500207
WS094,1,1,118,未记录,水库,1536111712,109.3090817,22.9504468
WS094,1,1,119,未记录,水库,1536111712,109.3090969,22.9506005
WS094,1,1,120,未记录,水库,1536111712,109.309112,22.9507402
WS094,1,1,121,未记录,水库,1536111712,109.309112,22.9508939
WS094,1,1,122,未记录,水库,1536111712,109.3090969,22.9510197
WS094,1,1,123,未记录,水库,1536111712,109.3090362,22.9511175
WS094,1,1,124,未记录,水库,1536111712,109.3090058,22.9512083
WS094,1,1,125,未记录,水库,1536111712,109.3089527,22.9512991
WS094,1,1,126,未记录,水库,1536111712,109.3088996,22.9514039
WS094,1,1,127,未记录,水库,1536111712,109.308892,22.9514947
WS094,1,1,128,未记录,水库,1536111712,109.308892,22.9515855
WS094,1,1,129,未记录,水库,1536111712,109.3089072,22.9516973
WS094,1,1,130,未记录,水库,1536111712,109.3089376,22.95183
WS094,1,1,131,未记录,水库,1536111712,109.3089679,22.9519697
WS094,1,1,132,未记录,水库,1536111712,109.3089831,22.9521025
WS094,1,1,133,未记录,水库,1536111712,109.3089907,22.9522003
WS094,1,1,134,未记录,水库,1536111712,109.3090058,22.952312
WS094,1,1,135,未记录,水库,1536111712,109.3090134,22.9523959
WS094,1,1,136,未记录,水库,1536111712,109.309021,22.9525076
WS094,1,1,137,未记录,水库,1536111712,109.3090058,22.9525915
WS094,1,1,138,未记录,水库,1536111712,109.3088769,22.9529687
WS094,1,1,139,未记录,水库,1536111712,109.3086569,22.9532481
WS094,1,1,140,未记录,水库,1536111712,109.3086038,22.9533529
WS094,1,1,141,未记录,水库,1536111712,109.308581,22.9534647
WS094,1,1,142,未记录,水库,1536111712,109.3085051,22.9535206
WS094,1,1,143,未记录,水库,1536111712,109.3084293,22.9535835
WS094,1,1,144,未记录,水库,1536111712,109.3083382,22.9536184
WS094,1,1,145,未记录,水库,1536111712,109.3081865,22.9536463
WS094,1,1,146,未记录,水库,1536111712,109.3080499,22.9536673
WS094,1,1,147,未记录,水库,1536111712,109.3079134,22.9536952
WS094,1,1,148,未记录,水库,1536111712,109.3077844,22.9537022
WS094,1,1,149,未记录,水库,1536111712,109.307663,22.9536673
WS094,1,1,150,未记录,水库,1536111712,109.3075265,22.9536114
WS094,1,1,151,未记录,水库,1536111712,109.307443,22.9535415
WS094,1,1,152,未记录,水库,1536111712,109.3073368,22.9534577
WS094,1,1,153,未记录,水库,1536111712,109.3072534,22.9533879
WS094,1,1,154,未记录,水库,1536111712,109.3071472,22.9533529
WS094,1,1,155,未记录,水库,1536111712,109.3070485,22.9533739
WS094,1,1,156,未记录,水库,1536111712,109.307003,22.9534507
WS094,1,1,157,未记录,水库,1536111712,109.3070106,22.9535415
WS094,1,1,158,未记录,水库,1536111712,109.3070789,22.9536254
WS094,1,1,159,未记录,水库,1536111712,109.3071851,22.9536813
WS094,1,1,160,未记录,水库,1536111712,109.3072685,22.9537162
WS094,1,1,161,未记录,水库,1536111712,109.307352,22.9537791
WS094,1,1,162,未记录,水库,1536111712,109.307443,22.9538559
WS094,1,1,163,未记录,水库,1536111712,109.3075568,22.9538769
WS094,1,1,164,未记录,水库,1536111712,109.3076554,22.9538838
WS094,1,1,165,未记录,水库,1536111712,109.3077541,22.9539048
WS094,1,1,166,未记录,水库,1536111712,109.3078527,22.9538978
WS094,1,1,167,未记录,水库,1536111712,109.3079817,22.9538769
WS094,1,1,168,未记录,水库,1536111712,109.3080727,22.9538629
WS094,1,1,169,未记录,水库,1536111712,109.3082168,22.953828
WS094,1,1,170,未记录,水库,1536111712,109.3083079,22.953814
WS094,1,1,171,未记录,水库,1536111712,109.3084065,22.9537791
WS094,1,1,172,未记录,水库,1536111712,109.3085127,22.9537581
WS094,1,1,173,未记录,水库,1536111712,109.3086113,22.9537511
WS094,1,1,174,未记录,水库,1536111712,109.3087251,22.9537511
WS094,1,1,175,未记录,水库,1536111712,109.3088313,22.9537651
WS094,1,1,176,未记录,水库,1536111712,109.3089224,22.953814
WS094,1,1,177,未记录,水库,1536111712,109.3089603,22.9538908
WS094,1,1,178,未记录,水库,1536111712,109.309021,22.9539816
WS094,1,1,179,未记录,水库,1536111712,109.3090741,22.9540655
WS094,1,1,180,未记录,水库,1536111712,109.3091045,22.9541633
WS094,1,1,181,未记录,水库,1536111712,109.3091651,22.9542541
WS094,1,1,182,未记录,水库,1536111712,109.3092334,22.95431
WS094,1,1,183,未记录,水库,1536111712,109.3093017,22.9543868
WS094,1,1,184,未记录,水库,1536111712,109.3093852,22.9544497
WS094,1,1,185,未记录,水库,1536111712,109.3094534,22.9545195
WS094,1,1,186,未记录,水库,1536111712,109.3095293,22.9545684
WS094,1,1,187,未记录,水库,1536111712,109.30959,22.9546453
WS094,1,1,188,未记录,水库,1536111712,109.3096431,22.9547221
WS094,1,1,189,未记录,水库,1536111712,109.3097114,22.954778
WS094,1,1,190,未记录,水库,1536111712,109.3097872,22.9548688
WS094,1,1,191,未记录,水库,1536111712,109.3098403,22.9549736
WS094,1,1,192,未记录,水库,1536111712,109.3098859,22.9550644
WS094,1,1,193,未记录,水库,1536111712,109.3099465,22.9551762
WS094,1,1,194,未记录,水库,1536111712,109.3100603,22.9551622
WS094,1,1,195,未记录,水库,1536111712,109.3101741,22.9550994
WS094,1,1,196,未记录,水库,1536111712,109.3101817,22.9549806
WS094,1,1,197,未记录,水库,1536111712,109.3100679,22.9549038
WS094,1,1,198,未记录,水库,1536111712,109.3099693,22.9548269
WS094,1,1,199,未记录,水库,1536111712,109.3099162,22.9547501
WS094,1,1,200,未记录,水库,1536111712,109.309901,22.9546662
WS094,1,1,201,未记录,水库,1536111712,109.3098783,22.9545545
WS094,1,1,202,未记录,水库,1536111712,109.30981,22.9544776
WS094,1,1,203,未记录,水库,1536111712,109.3097114,22.9544078
WS094,1,1,204,未记录,水库,1536111712,109.30959,22.9543239
WS094,1,1,205,未记录,水库,1536111712,109.3095369,22.9542471
WS094,1,1,206,未记录,水库,1536111712,109.3094458,22.9541423
WS094,1,1,207,未记录,水库,1536111712,109.3093169,22.9540445
WS094,1,1,208,未记录,水库,1536111712,109.3092486,22.9539607
WS094,1,1,209,未记录,水库,1536111712,109.3091651,22.9538838
WS094,1,1,210,未记录,水库,1536111712,109.3089148,22.9535625
WS094,1,1,211,未记录,水库,1536111712,109.3088693,22.953297
WS094,1,1,212,未记录,水库,1536111712,109.30893,22.9532272
WS094,1,1,213,未记录,水库,1536111712,109.3090134,22.9531573
WS094,1,1,214,未记录,水库,1536111712,109.3090893,22.9530875
WS094,1,1,215,未记录,水库,1536111712,109.3091424,22.9530036
WS094,1,1,216,未记录,水库,1536111712,109.3091955,22.9529058
WS094,1,1,217,未记录,水库,1536111712,109.3092258,22.952815
WS094,1,1,218,未记录,水库,1536111712,109.3092562,22.9527102
WS094,1,1,219,未记录,水库,1536111712,109.309332,22.9526404
WS094,1,1,220,未记录,水库,1536111712,109.3094231,22.9525286
WS094,1,1,221,未记录,水库,1536111712,109.3095293,22.9524867
WS094,1,1,222,未记录,水库,1536111712,109.3096659,22.9524727
WS094,1,1,223,未记录,水库,1536111712,109.3097645,22.9524797
WS094,1,1,224,未记录,水库,1536111712,109.3098859,22.9525076
WS094,1,1,225,未记录,水库,1536111712,109.3099997,22.9525356
WS094,1,1,226,未记录,水库,1536111712,109.3100755,22.9525845
WS094,1,1,227,未记录,水库,1536111712,109.3101666,22.9526753
WS094,1,1,228,未记录,水库,1536111712,109.3102804,22.9527242
WS094,1,1,229,未记录,水库,1536111712,109.3103183,22.9526474
WS094,1,1,230,未记录,水库,1536111712,109.3103031,22.9525565
WS094,1,1,231,未记录,水库,1536111712,109.3103031,22.9524518
WS094,1,1,232,未记录,水库,1536111712,109.310379,22.9523959
WS094,1,1,233,未记录,水库,1536111712,109.310341,22.952312
WS094,1,1,234,未记录,水库,1536111712,109.3102272,22.952312
WS094,1,1,235,未记录,水库,1536111712,109.3101286,22.9523051
WS094,1,1,236,未记录,水库,1536111712,109.3100148,22.9522911
WS094,1,1,237,未记录,水库,1536111712,109.309939,22.9522422
WS094,1,1,238,未记录,水库,1536111712,109.3098328,22.9522073
WS094,1,1,239,未记录,水库,1536111712,109.309719,22.9521723
WS094,1,1,240,未记录,水库,1536111712,109.3096203,22.9521374
WS094,1,1,241,未记录,水库,1536111712,109.3095065,22.9521095
WS094,1,1,242,未记录,水库,1536111712,109.3094307,22.9520606
WS094,1,1,243,未记录,水库,1536111712,109.3093624,22.9519907
WS094,1,1,244,未记录,水库,1536111712,109.3093017,22.9519069
WS094,1,1,245,未记录,水库,1536111712,109.3092486,22.9517392
WS094,1,1,246,未记录,水库,1536111712,109.309332,22.9513899
WS094,1,1,247,未记录,水库,1536111712,109.3093776,22.9512991
WS094,1,1,248,未记录,水库,1536111712,109.3094458,22.9512013
WS094,1,1,249,未记录,水库,1536111712,109.3094458,22.9511175
WS094,1,1,250,未记录,水库,1536111712,109.3094458,22.9509638
WS094,1,1,251,未记录,水库,1536111712,109.3094155,22.950873
WS094,1,1,252,未记录,水库,1536111712,109.3093852,22.9507821
WS094,1,1,253,未记录,水库,1536111712,109.30937,22.9506983
WS094,1,1,254,未记录,水库,1536111712,109.3093624,22.9506075
WS094,1,1,255,未记录,水库,1536111712,109.3093624,22.9504748
WS094,1,1,256,未记录,水库,1536111712,109.3093624,22.950356
WS094,1,1,257,未记录,水库,1536111712,109.3093624,22.9502233
WS094,1,1,258,未记录,水库,1536111712,109.30937,22.9501394
WS094,1,1,259,未记录,水库,1536111712,109.3093852,22.9500486
WS094,1,1,260,未记录,水库,1536111712,109.3093852,22.9499578
WS094,1,1,261,未记录,水库,1536111712,109.3093852,22.949867
WS094,1,1,262,未记录,水库,1536111712,109.3093776,22.9497412
WS094,1,1,263,未记录,水库,1536111712,109.3094231,22.9496225
WS094,1,1,264,未记录,水库,1536111712,109.3094383,22.9495177
WS094,1,1,265,未记录,水库,1536111712,109.3094383,22.9493989
WS094,1,1,266,未记录,水库,1536111712,109.3094989,22.9492732
WS094,1,1,267,未记录,水库,1536111712,109.3096203,22.9492243
WS094,1,1,268,未记录,水库,1536111712,109.309719,22.9491893
WS094,1,1,269,未记录,水库,1536111712,109.3098555,22.9491265
WS094,1,1,270,未记录,水库,1536111712,109.3099997,22.9491265
WS094,1,1,271,未记录,水库,1536111712,109.3101059,22.9491404
WS094,1,1,272,未记录,水库,1536111712,109.310159,22.9492173
WS094,1,1,273,未记录,水库,1536111712,109.3102121,22.9493221
WS094,1,1,274,未记录,水库,1536111712,109.3103031,22.9493919
WS094,1,1,275,未记录,水库,1536111712,109.3104321,22.9494897
WS094,1,1,276,未记录,水库,1536111712,109.3104928,22.9495875
WS094,1,1,277,未记录,水库,1536111712,109.3105155,22.9496993
WS094,1,1,278,未记录,水库,1536111712,109.3105459,22.9497832
WS094,1,1,279,未记录,水库,1536111712,109.3106217,22.9499159
WS094,1,1,280,未记录,水库,1536111712,109.3106521,22.9499997
WS094,1,1,281,未记录,水库,1536111712,109.31069,22.9500766
WS094,1,1,282,未记录,水库,1536111712,109.3107431,22.9501464
WS094,1,1,283,未记录,水库,1536111712,109.3108038,22.9502512
WS094,1,1,284,未记录,水库,1536111712,109.3108721,22.9503211
WS094,1,1,285,未记录,水库,1536111712,109.3109555,22.9503909
WS094,1,1,286,未记录,水库,1536111712,109.3110618,22.9504468
WS094,1,1,287,未记录,水库,1536111712,109.3111452,22.9504887
WS094,1,1,288,未记录,水库,1536111712,109.3112514,22.9505306
WS094,1,1,289,未记录,水库,1536111712,109.3113728,22.9505795
WS094,1,1,290,未记录,水库,1536111712,109.3114562,22.9506215
WS094,1,1,291,未记录,水库,1536111712,109.3115473,22.9506843
WS094,1,1,292,未记录,水库,1536111712,109.3116156,22.9507821
WS094,1,1,293,未记录,水库,1536111712,109.3116838,22.950845
WS094,1,1,294,未记录,水库,1536111712,109.3117976,22.9508171
WS094,1,1,295,未记录,水库,1536111712,109.3117976,22.9507332
WS094,1,1,296,未记录,水库,1536111712,109.3118963,22.9506215
WS094,1,1,297,未记录,水库,1536111712,109.3119873,22.9506494
WS094,1,1,298,未记录,水库,1536111712,109.3121163,22.9507123
WS094,1,1,299,未记录,水库,1536111712,109.3122301,22.9507752
WS094,1,1,300,未记录,水库,1536111712,109.3123135,22.9508171
WS094,1,1,301,未记录,水库,1536111712,109.3124577,22.950866
WS094,1,1,302,未记录,水库,1536111712,109.3125563,22.9508939
WS094,1,1,303,未记录,水库,1536111712,109.3126853,22.950859
WS094,1,1,304,未记录,水库,1536111712,109.3126321,22.9507752
WS094,1,1,305,未记录,水库,1536111712,109.3125411,22.9507123
WS094,1,1,306,未记录,水库,1536111712,109.312397,22.9506913
WS094,1,1,307,未记录,水库,1536111712,109.3122377,22.9506494
WS094,1,1,308,未记录,水库,1536111712,109.3121163,22.9505935
WS094,1,1,309,未记录,水库,1536111712,109.3120328,22.9505376
WS094,1,1,310,未记录,水库,1536111712,109.3119342,22.9504748
WS094,1,1,311,未记录,水库,1536111712,109.3118204,22.9504259
WS094,1,1,312,未记录,水库,1536111712,109.3117218,22.9503839
WS094,1,1,313,未记录,水库,1536111712,109.3116307,22.950349
WS094,1,1,314,未记录,水库,1536111712,109.3115018,22.9503071
WS094,1,1,315,未记录,水库,1536111712,109.3114031,22.9502652
WS094,1,1,316,未记录,水库,1536111712,109.3112666,22.9502233
WS094,1,1,317,未记录,水库,1536111712,109.311168,22.9501953
WS094,1,1,318,未记录,水库,1536111712,109.3110845,22.9501534
WS094,1,1,319,未记录,水库,1536111712,109.3109859,22.9501045
WS094,1,1,320,未记录,水库,1536111712,109.31091,22.9500416
WS094,1,1,321,未记录,水库,1536111712,109.3108342,22.9499648
WS094,1,1,322,未记录,水库,1536111712,109.3107735,22.9498879
WS094,1,1,323,未记录,水库,1536111712,109.3107659,22.9498041
WS094,1,1,324,未记录,水库,1536111712,109.3107659,22.9497063
WS094,1,1,325,未记录,水库,1536111712,109.3107659,22.9496085
WS094,1,1,326,未记录,水库,1536111712,109.3107355,22.9495247
WS094,1,1,327,未记录,水库,1536111712,109.31069,22.9494269
WS094,1,1,328,未记录,水库,1536111712,109.3106369,22.94935
WS094,1,1,329,未记录,水库,1536111712,109.3105686,22.9492662
WS094,1,1,330,未记录,水库,1536111712,109.3105155,22.9491893
WS094,1,1,331,未记录,水库,1536111712,109.3105004,22.9490985
WS094,1,1,332,未记录,水库,1536111712,109.3105004,22.9490147
WS094,1,1,333,未记录,水库,1536111712,109.3105079,22.9489309
WS094,1,1,334,未记录,水库,1536111712,109.3105004,22.94884
WS094,1,1,335,未记录,水库,1536111712,109.3104169,22.9487911
WS094,1,1,336,未记录,水库,1536111712,109.3103031,22.9487492
WS094,1,1,337,未记录,水库,1536111712,109.3101969,22.9487283
WS094,1,1,338,未记录,水库,1536111712,109.31003,22.9487283
WS094,1,1,339,未记录,水库,1536111712,109.309939,22.9487213
WS094,1,1,340,未记录,水库,1536111712,109.3098479,22.9486724
WS094,1,1,341,未记录,水库,1536111712,109.3096583,22.9484768
WS094,1,1,342,未记录,水库,1536111712,109.3095748,22.948344
WS094,1,1,343,未记录,水库,1536111712,109.3096052,22.9482393
WS094,1,1,344,未记录,水库,1536111712,109.309681,22.9481834
WS094,1,1,345,未记录,水库,1536111712,109.3097493,22.9480856
WS094,1,1,346,未记录,水库,1536111712,109.3097948,22.9480087
WS094,1,1,347,未记录,水库,1536111712,109.3097948,22.9479179
WS094,1,1,348,未记录,水库,1536111712,109.3097948,22.9478201
WS094,1,1,349,未记录,水库,1536111712,109.3097569,22.9477432
WS094,1,1,350,未记录,水库,1536111712,109.3097645,22.9476454
WS094,1,1,351,未记录,水库,1536111712,109.3098403,22.9475965
WS094,1,1,352,未记录,水库,1536111712,109.3099541,22.9475686
WS094,1,1,353,未记录,水库,1536111712,109.3100755,22.9475616
WS094,1,1,354,未记录,水库,1536111712,109.3101817,22.9475686
WS094,1,1,355,未记录,水库,1536111712,109.3103107,22.9475686
WS094,1,1,356,未记录,水库,1536111712,109.3104093,22.9475337
WS094,1,1,357,未记录,水库,1536111712,109.3104245,22.9474359
WS094,1,1,358,未记录,水库,1536111712,109.3103714,22.9473311
WS094,1,1,359,未记录,水库,1536111712,109.3103107,22.9472542
WS094,1,1,360,未记录,水库,1536111712,109.3102576,22.9471634
WS094,1,1,361,未记录,水库,1536111712,109.3102272,22.9470796
WS094,1,1,362,未记录,水库,1536111712,109.3102197,22.9469748
WS094,1,1,363,未记录,水库,1536111712,109.3102576,22.946863
WS094,1,1,364,未记录,水库,1536111712,109.3103562,22.9468001
WS094,1,1,365,未记录,水库,1536111712,109.3104624,22.9467652
WS094,1,1,366,未记录,水库,1536111712,109.3105535,22.9467163
WS094,1,1,367,未记录,水库,1536111712,109.3106369,22.9466744
WS094,1,1,368,未记录,水库,1536111712,109.3106976,22.9466115
WS094,1,1,369,未记录,水库,1536111712,109.3107659,22.9465416
WS094,1,1,370,未记录,水库,1536111712,109.3108493,22.9464299
WS094,1,1,371,未记录,水库,1536111712,109.3109631,22.9464089
WS094,1,1,372,未记录,水库,1536111712,109.3110693,22.9464089
WS094,1,1,373,未记录,水库,1536111712,109.3111907,22.9464299
WS094,1,1,374,未记录,水库,1536111712,109.3112969,22.9464508
WS094,1,1,375,未记录,水库,1536111712,109.3114183,22.9464857
WS094,1,1,376,未记录,水库,1536111712,109.3114562,22.9465766
WS094,1,1,377,未记录,水库,1536111712,109.3115321,22.9466674
WS094,1,1,378,未记录,水库,1536111712,109.3115625,22.9467512
WS094,1,1,379,未记录,水库,1536111712,109.3115928,22.9468351
WS094,1,1,380,未记录,水库,1536111712,109.3116535,22.9469398
WS094,1,1,381,未记录,水库,1536111712,109.3117218,22.9470097
WS094,1,1,382,未记录,水库,1536111712,109.3117825,22.9470866
WS094,1,1,383,未记录,水库,1536111712,109.3118507,22.9471634
WS094,1,1,384,未记录,水库,1536111712,109.3119038,22.9472682
WS094,1,1,385,未记录,水库,1536111712,109.3119494,22.947373
WS094,1,1,386,未记录,水库,1536111712,109.3120404,22.9475197
WS094,1,1,387,未记录,水库,1536111712,109.3121845,22.9475406
WS094,1,1,388,未记录,水库,1536111712,109.3121845,22.9474428
WS094,1,1,389,未记录,水库,1536111712,109.312177,22.947359
WS094,1,1,390,未记录,水库,1536111712,109.3121542,22.9472682
WS094,1,1,391,未记录,水库,1536111712,109.3121239,22.9471564
WS094,1,1,392,未记录,水库,1536111712,109.3120935,22.9470726
WS094,1,1,393,未记录,水库,1536111712,109.3120328,22.9469608
WS094,1,1,394,未记录,水库,1536111712,109.3120328,22.9468141
WS094,1,1,395,未记录,水库,1536111712,109.3120556,22.9467233
WS094,1,1,396,未记录,水库,1536111712,109.3120707,22.9466325
WS094,1,1,397,未记录,水库,1536111712,109.3120252,22.9465137
WS094,1,1,398,未记录,水库,1536111712,109.3119494,22.9464508
WS094,1,1,399,未记录,水库,1536111712,109.3118811,22.9463949
WS094,1,1,400,未记录,水库,1536111712,109.3118507,22.9463111
WS094,1,1,401,未记录,水库,1536111712,109.3118963,22.9462063
WS094,1,1,402,未记录,水库,1536111712,109.3119645,22.9461295
WS094,1,1,403,未记录,水库,1536111712,109.3120859,22.9460596
WS094,1,1,404,未记录,水库,1536111712,109.312177,22.9460316
WS094,1,1,405,未记录,水库,1536111712,109.3123059,22.9460177
WS094,1,1,406,未记录,水库,1536111712,109.3124121,22.9460037
WS094,1,1,407,未记录,水库,1536111712,109.3125183,22.9459758
WS094,1,1,408,未记录,水库,1536111712,109.3126094,22.9459548
WS094,1,1,409,未记录,水库,1536111712,109.3126928,22.9459129
WS094,1,1,410,未记录,水库,1536111712,109.3127839,22.945871
WS094,1,1,411,未记录,水库,1536111712,109.3129053,22.9458291
WS094,1,1,412,未记录,水库,1536111712,109.3130039,22.9458081
WS094,1,1,413,未记录,水库,1536111712,109.3130494,22.9457243
WS094,1,1,414,未记录,水库,1536111712,109.3129508,22.9457382
WS094,1,1,415,未记录,水库,1536111712,109.3128218,22.9457592
WS094,1,1,416,未记录,水库,1536111712,109.3126701,22.9457871
WS094,1,1,417,未记录,水库,1536111712,109.3125032,22.9458011
WS094,1,1,418,未记录,水库,1536111712,109.3123666,22.9458011
WS094,1,1,419,未记录,水库,1536111712,109.3122377,22.9458011
WS094,1,1,420,未记录,水库,1536111712,109.3120935,22.9457941
WS094,1,1,421,未记录,水库,1536111712,109.3119494,22.9457592
WS094,1,1,422,未记录,水库,1536111712,109.3118432,22.9456893
WS094,1,1,423,未记录,水库,1536111712,109.3117901,22.9456195
WS094,1,1,424,未记录,水库,1536111712,109.3117218,22.9455286
WS094,1,1,425,未记录,水库,1536111712,109.3116687,22.9454099
WS094,1,1,426,未记录,水库,1536111712,109.3116611,22.9453191
WS094,1,1,427,未记录,水库,1536111712,109.3116687,22.9452003
WS094,1,1,428,未记录,水库,1536111712,109.3116687,22.9451025
WS094,1,1,429,未记录,水库,1536111712,109.3117749,22.9447182
WS094,1,1,430,未记录,水库,1536111712,109.3117339,22.9444866
WS094,1,1,431,未记录,水库,1536111712,109.3111278,22.9445512
WS095,1,1,1,六蓝水库,水库,7169504,109.2454344,22.967778
WS095,1,1,2,六蓝水库,水库,7169504,109.2452842,22.9682818
WS095,1,1,3,六蓝水库,水库,7169504,109.2476231,22.9691313
WS095,1,1,4,六蓝水库,水库,7169504,109.2486101,22.9693289
WS095,1,1,5,六蓝水库,水库,7169504,109.2495972,22.9693486
WS095,1,1,6,六蓝水库,水库,7169504,109.2500263,22.9691708
WS095,1,1,7,六蓝水库,水库,7169504,109.251464,22.9683015
WS095,1,1,8,六蓝水库,水库,7169504,109.2517,22.9679459
WS095,1,1,9,六蓝水库,水库,7169504,109.2521721,22.9667013
WS095,1,1,10,六蓝水库,水库,7169504,109.2520863,22.965832
WS095,1,1,11,六蓝水库,水库,7169504,109.2512494,22.9642712
WS095,1,1,12,六蓝水库,水库,7169504,109.2512494,22.9634018
WS095,1,1,13,六蓝水库,水库,7169504,109.2516357,22.9631648
WS095,1,1,14,六蓝水库,水库,7169504,109.2521077,22.9632833
WS095,1,1,15,六蓝水库,水库,7169504,109.2533094,22.9641329
WS095,1,1,16,六蓝水库,水库,7169504,109.2536098,22.9644687
WS095,1,1,17,六蓝水库,水库,7169504,109.2539316,22.9651997
WS095,1,1,18,六蓝水库,水库,7169504,109.2543179,22.9655159
WS095,1,1,19,六蓝水库,水库,7169504,109.2552406,22.9653183
WS095,1,1,20,六蓝水库,水库,7169504,109.2556912,22.9651405
WS095,1,1,21,六蓝水库,水库,7169504,109.2556912,22.9647453
WS095,1,1,22,六蓝水库,水库,7169504,109.2554981,22.9643699
WS095,1,1,23,六蓝水库,水库,7169504,109.2542321,22.9642514
WS095,1,1,24,六蓝水库,水库,7169504,109.2538673,22.9640341
WS095,1,1,25,六蓝水库,水库,7169504,109.252966,22.9628882
WS095,1,1,26,六蓝水库,水库,7169504,109.2529446,22.962493
WS095,1,1,27,六蓝水库,水库,7169504,109.2533523,22.9615644
WS095,1,1,28,六蓝水库,水库,7169504,109.2539746,22.9604382
WS095,1,1,29,六蓝水库,水库,7169504,109.2543393,22.9601616
WS095,1,1,30,六蓝水库,水库,7169504,109.2550474,22.9607346
WS095,1,1,31,六蓝水库,水库,7169504,109.2554766,22.9608729
WS095,1,1,32,六蓝水库,水库,7169504,109.2563993,22.9608136
WS095,1,1,33,六蓝水库,水库,7169504,109.2557985,22.9597072
WS095,1,1,34,六蓝水库,水库,7169504,109.2554981,22.9594306
WS095,1,1,35,六蓝水库,水库,7169504,109.2550904,22.9592528
WS095,1,1,36,六蓝水库,水库,7169504,109.25376,22.9589761
WS095,1,1,37,六蓝水库,水库,7169504,109.2546827,22.957929
WS095,1,1,38,六蓝水库,水库,7169504,109.25479,22.9575141
WS095,1,1,39,六蓝水库,水库,7169504,109.254511,22.9572177
WS095,1,1,40,六蓝水库,水库,7169504,109.2536742,22.9570794
WS095,1,1,41,六蓝水库,水库,7169504,109.2530948,22.9567929
WS095,1,1,42,六蓝水库,水库,7169504,109.252891,22.9564372
WS095,1,1,43,六蓝水库,水库,7169504,109.2529016,22.9559038
WS095,1,1,44,六蓝水库,水库,7169504,109.2532772,22.955064
WS095,1,1,45,六蓝水库,水库,7169504,109.2535454,22.9546096
WS095,1,1,46,六蓝水库,水库,7169504,109.254055,22.9542737
WS095,1,1,47,六蓝水库,水库,7169504,109.2543125,22.9545997
WS095,1,1,48,六蓝水库,水库,7169504,109.2544091,22.9541058
WS095,1,1,49,六蓝水库,水库,7169504,109.2550474,22.9541453
WS095,1,1,50,六蓝水库,水库,7169504,109.2557019,22.9541255
WS095,1,1,51,六蓝水库,水库,7169504,109.2558414,22.954333
WS095,1,1,52,六蓝水库,水库,7169504,109.2554981,22.9546096
WS095,1,1,53,六蓝水库,水库,7169504,109.2553693,22.954985
WS095,1,1,54,六蓝水库,水库,7169504,109.2555195,22.9554394
WS095,1,1,55,六蓝水库,水库,7169504,109.2560989,22.9560717
WS095,1,1,56,六蓝水库,水库,7169504,109.2564851,22.9563286
WS095,1,1,57,六蓝水库,水库,7169504,109.257279,22.9556963
WS095,1,1,58,六蓝水库,水库,7169504,109.2581803,22.9558346
WS095,1,1,59,六蓝水库,水库,7169504,109.2591244,22.9557358
WS095,1,1,60,六蓝水库,水库,7169504,109.2600471,22.9554592
WS095,1,1,61,六蓝水库,水库,7169504,109.2608196,22.9549455
WS095,1,1,62,六蓝水库,水库,7169504,109.2612702,22.954906
WS095,1,1,63,六蓝水库,水库,7169504,109.2617208,22.9549455
WS095,1,1,64,六蓝水库,水库,7169504,109.2620641,22.9552616
WS095,1,1,65,六蓝水库,水库,7169504,109.2619568,22.9556568
WS095,1,1,66,六蓝水库,水库,7169504,109.2616779,22.9560124
WS095,1,1,67,六蓝水库,水库,7169504,109.2619139,22.9563878
WS095,1,1,68,六蓝水库,水库,7169504,109.2625147,22.9557753
WS095,1,1,69,六蓝水库,水库,7169504,109.2627722,22.9553802
WS095,1,1,70,六蓝水库,水库,7169504,109.2632657,22.9553011
WS095,1,1,71,六蓝水库,水库,7169504,109.2638665,22.9559729
WS095,1,1,72,六蓝水库,水库,7169504,109.2636412,22.9545503
WS095,1,1,73,六蓝水库,水库,7169504,109.2639899,22.9538292
WS095,1,1,74,六蓝水库,水库,7169504,109.2638504,22.9534043
WS095,1,1,75,六蓝水库,水库,7169504,109.2640811,22.9531277
WS095,1,1,76,六蓝水库,水库,7169504,109.2639524,22.9528313
WS095,1,1,77,六蓝水库,水库,7169504,109.2645103,22.9520706
WS095,1,1,78,六蓝水库,水库,7169504,109.2647678,22.9519422
WS095,1,1,79,六蓝水库,水库,7169504,109.2648965,22.9523966
WS095,1,1,80,六蓝水库,水库,7169504,109.2647034,22.9530684
WS095,1,1,81,六蓝水库,水库,7169504,109.2646819,22.9534636
WS095,1,1,82,六蓝水库,水库,7169504,109.2650574,22.9537105
WS095,1,1,83,六蓝水库,水库,7169504,109.2650521,22.9540761
WS095,1,1,84,六蓝水库,水库,7169504,109.2647463,22.9541947
WS095,1,1,85,六蓝水库,水库,7169504,109.2642635,22.954738
WS095,1,1,86,六蓝水库,水库,7169504,109.2651755,22.9545898
WS095,1,1,87,六蓝水库,水库,7169504,109.2655617,22.9547677
WS095,1,1,88,六蓝水库,水库,7169504,109.2657548,22.9551431
WS095,1,1,89,六蓝水库,水库,7169504,109.2659372,22.9556765
WS095,1,1,90,六蓝水库,水库,7169504,109.2661142,22.9557556
WS095,1,1,91,六蓝水库,水库,7169504,109.2664575,22.9556469
WS095,1,1,92,六蓝水库,水库,7169504,109.2667901,22.955726
WS095,1,1,93,六蓝水库,水库,7169504,109.2671978,22.9566349
WS095,1,1,94,六蓝水库,水库,7169504,109.2679167,22.957198
WS095,1,1,95,六蓝水库,水库,7169504,109.2678845,22.9574548
WS095,1,1,96,六蓝水库,水库,7169504,109.2680561,22.9578994
WS095,1,1,97,六蓝水库,水库,7169504,109.2683995,22.9575635
WS095,1,1,98,六蓝水库,水库,7169504,109.2685175,22.9573165
WS095,1,1,99,六蓝水库,水库,7169504,109.2688393,22.9568818
WS095,1,1,100,六蓝水库,水库,7169504,109.2682814,22.9570597
WS095,1,1,101,六蓝水库,水库,7169504,109.2675197,22.9566151
WS095,1,1,102,六蓝水库,水库,7169504,109.2671335,22.9559433
WS095,1,1,103,六蓝水库,水库,7169504,109.266876,22.9555185
WS095,1,1,104,六蓝水库,水库,7169504,109.2668223,22.9551431
WS095,1,1,105,六蓝水库,水库,7169504,109.2665058,22.954985
WS095,1,1,106,六蓝水库,水库,7169504,109.2662806,22.9547676
WS095,1,1,107,六蓝水库,水库,7169504,109.2661679,22.9541552
WS095,1,1,108,六蓝水库,水库,7169504,109.2657655,22.9541947
WS095,1,1,109,六蓝水库,水库,7169504,109.2656958,22.9536316
WS095,1,1,110,六蓝水库,水库,7169504,109.266066,22.9526041
WS095,1,1,111,六蓝水库,水库,7169504,109.2655939,22.9522978
WS095,1,1,112,六蓝水库,水库,7169504,109.2654115,22.9520014
WS095,1,1,113,六蓝水库,水库,7169504,109.2654973,22.9516063
WS095,1,1,114,六蓝水库,水库,7169504,109.2657548,22.9512704
WS095,1,1,115,六蓝水库,水库,7169504,109.2662269,22.9511123
WS095,1,1,116,六蓝水库,水库,7169504,109.2671496,22.9514087
WS095,1,1,117,六蓝水库,水库,7169504,109.2675144,22.9511518
WS095,1,1,118,六蓝水库,水库,7169504,109.2673856,22.9506381
WS095,1,1,119,六蓝水库,水库,7169504,109.2681152,22.9511716
WS095,1,1,120,六蓝水库,水库,7169504,109.2685443,22.9513691
WS095,1,1,121,六蓝水库,水库,7169504,109.2690378,22.9513889
WS095,1,1,122,六蓝水库,水库,7169504,109.2694885,22.9513099
WS095,1,1,123,六蓝水库,水库,7169504,109.2696816,22.9509344
WS095,1,1,124,六蓝水库,水库,7169504,109.2688233,22.9508357
WS095,1,1,125,六蓝水库,水库,7169504,109.2686516,22.9504602
WS095,1,1,126,六蓝水库,水库,7169504,109.2690593,22.9502034
WS095,1,1,127,六蓝水库,水库,7169504,109.2695314,22.9500453
WS095,1,1,128,六蓝水库,水库,7169504,109.2700034,22.9500255
WS095,1,1,129,六蓝水库,水库,7169504,109.270218,22.9496699
WS095,1,1,130,六蓝水库,水库,7169504,109.2698103,22.9494723
WS095,1,1,131,六蓝水库,水库,7169504,109.2693812,22.9495118
WS095,1,1,132,六蓝水库,水库,7169504,109.2686945,22.9499662
WS095,1,1,133,六蓝水库,水库,7169504,109.2682654,22.9498675
WS095,1,1,134,六蓝水库,水库,7169504,109.2683512,22.9494723
WS095,1,1,135,六蓝水库,水库,7169504,109.2686731,22.9491561
WS095,1,1,136,六蓝水库,水库,7169504,109.2688018,22.9483262
WS095,1,1,137,六蓝水库,水库,7169504,109.2689949,22.9478915
WS095,1,1,138,六蓝水库,水库,7169504,109.2692953,22.9475556
WS095,1,1,139,六蓝水库,水库,7169504,109.2696601,22.9473185
WS095,1,1,140,六蓝水库,水库,7169504,109.2701322,22.9473382
WS095,1,1,141,六蓝水库,水库,7169504,109.271248,22.9479706
WS095,1,1,142,六蓝水库,水库,7169504,109.2721707,22.9479706
WS095,1,1,143,六蓝水库,水库,7169504,109.2729861,22.9475161
WS095,1,1,144,六蓝水库,水库,7169504,109.2734367,22.9476742
WS095,1,1,145,六蓝水库,水库,7169504,109.2744023,22.9491364
WS095,1,1,146,六蓝水库,水库,7169504,109.2746598,22.9487609
WS095,1,1,147,六蓝水库,水库,7169504,109.2747241,22.9483262
WS095,1,1,148,六蓝水库,水库,7169504,109.2745739,22.9475161
WS095,1,1,149,六蓝水库,水库,7169504,109.2745954,22.9470814
WS095,1,1,150,六蓝水库,水库,7169504,109.2750031,22.9468047
WS095,1,1,151,六蓝水库,水库,7169504,109.2753464,22.9471011
WS095,1,1,152,六蓝水库,水库,7169504,109.2757756,22.9478915
WS095,1,1,153,六蓝水库,水库,7169504,109.276076,22.9487807
WS095,1,1,154,六蓝水库,水库,7169504,109.2761189,22.9496896
WS095,1,1,155,六蓝水库,水库,7169504,109.2762905,22.9501046
WS095,1,1,156,六蓝水库,水库,7169504,109.2764837,22.9497489
WS095,1,1,157,六蓝水库,水库,7169504,109.2766982,22.9488795
WS095,1,1,158,六蓝水库,水库,7169504,109.2767626,22.9480496
WS095,1,1,159,六蓝水库,水库,7169504,109.2764622,22.9472197
WS095,1,1,160,六蓝水库,水库,7169504,109.2761833,22.9469035
WS095,1,1,161,六蓝水库,水库,7169504,109.275797,22.9466862
WS095,1,1,162,六蓝水库,水库,7169504,109.2755824,22.9462712
WS095,1,1,163,六蓝水库,水库,7169504,109.2758185,22.9458958
WS095,1,1,164,六蓝水库,水库,7169504,109.2766982,22.9460144
WS095,1,1,165,六蓝水库,水库,7169504,109.2770845,22.9461922
WS095,1,1,166,六蓝水库,水库,7169504,109.2773634,22.9465479
WS095,1,1,167,六蓝水库,水库,7169504,109.2776424,22.9473975
WS095,1,1,168,六蓝水库,水库,7169504,109.2780715,22.9475754
WS095,1,1,169,六蓝水库,水库,7169504,109.2780286,22.9467455
WS095,1,1,170,六蓝水库,水库,7169504,109.2782432,22.9463898
WS095,1,1,171,六蓝水库,水库,7169504,109.2783934,22.9467652
WS095,1,1,172,六蓝水库,水库,7169504,109.2783719,22.9481089
WS095,1,1,173,六蓝水库,水库,7169504,109.2782432,22.9490968
WS095,1,1,174,六蓝水库,水库,7169504,109.2778784,22.9499662
WS095,1,1,175,六蓝水库,水库,7169504,109.2778569,22.950401
WS095,1,1,176,六蓝水库,水库,7169504,109.2780715,22.95212
WS095,1,1,177,六蓝水库,水库,7169504,109.2781574,22.9525152
WS095,1,1,178,六蓝水库,水库,7169504,109.2785651,22.953266
WS095,1,1,179,六蓝水库,水库,7169504,109.2789513,22.9534636
WS095,1,1,180,六蓝水库,水库,7169504,109.2794019,22.9534043
WS095,1,1,181,六蓝水库,水库,7169504,109.2790586,22.9531079
WS095,1,1,182,六蓝水库,水库,7169504,109.2788869,22.9527523
WS095,1,1,183,六蓝水库,水库,7169504,109.2788225,22.9514877
WS095,1,1,184,六蓝水库,水库,7169504,109.2791444,22.9498082
WS095,1,1,185,六蓝水库,水库,7169504,109.2795736,22.9490573
WS095,1,1,186,六蓝水库,水库,7169504,109.2803413,22.9482305
WS095,1,1,187,六蓝水库,水库,7169504,109.2808396,22.9476939
WS095,1,1,188,六蓝水库,水库,7169504,109.2812687,22.947437
WS095,1,1,189,六蓝水库,水库,7169504,109.2821485,22.9469431
WS095,1,1,190,六蓝水库,水库,7169504,109.283157,22.9468838
WS095,1,1,191,六蓝水库,水库,7169504,109.2836076,22.946785
WS095,1,1,192,六蓝水库,水库,7169504,109.2828566,22.9463503
WS095,1,1,193,六蓝水库,水库,7169504,109.2806035,22.9462317
WS095,1,1,194,六蓝水库,水库,7169504,109.2802388,22.9460341
WS095,1,1,195,六蓝水库,水库,7169504,109.2801315,22.945224
WS095,1,1,196,六蓝水库,水库,7169504,109.2794019,22.9445719
WS095,1,1,197,六蓝水库,水库,7169504,109.2789513,22.9444138
WS095,1,1,198,六蓝水库,水库,7169504,109.278093,22.944315
WS095,1,1,199,六蓝水库,水库,7169504,109.2776638,22.9441372
WS095,1,1,200,六蓝水库,水库,7169504,109.2773205,22.9438803
WS095,1,1,201,六蓝水库,水库,7169504,109.2768914,22.9438408
WS095,1,1,202,六蓝水库,水库,7169504,109.2761189,22.9441569
WS095,1,1,203,六蓝水库,水库,7169504,109.2756468,22.9440581
WS095,1,1,204,六蓝水库,水库,7169504,109.2754322,22.9437222
WS095,1,1,205,六蓝水库,水库,7169504,109.2750245,22.9436036
WS095,1,1,206,六蓝水库,水库,7169504,109.2746598,22.9438803
WS095,1,1,207,六蓝水库,水库,7169504,109.2745739,22.944315
WS095,1,1,208,六蓝水库,水库,7169504,109.2742306,22.9445719
WS095,1,1,209,六蓝水库,水库,7169504,109.2738444,22.9447892
WS095,1,1,210,六蓝水库,水库,7169504,109.2733938,22.944809
WS095,1,1,211,六蓝水库,水库,7169504,109.273029,22.9445521
WS095,1,1,212,六蓝水库,水库,7169504,109.2729646,22.9441569
WS095,1,1,213,六蓝水库,水库,7169504,109.2735654,22.9435048
WS095,1,1,214,六蓝水库,水库,7169504,109.2736083,22.9430899
WS095,1,1,215,六蓝水库,水库,7169504,109.2727715,22.943406
WS095,1,1,216,六蓝水库,水库,7169504,109.2723638,22.9433072
WS095,1,1,217,六蓝水库,水库,7169504,109.2721492,22.9436629
WS095,1,1,218,六蓝水库,水库,7169504,109.2722994,22.9440384
WS095,1,1,219,六蓝水库,水库,7169504,109.2719561,22.9443348
WS095,1,1,220,六蓝水库,水库,7169504,109.271012,22.9443348
WS095,1,1,221,六蓝水库,水库,7169504,109.2706043,22.9442755
WS095,1,1,222,六蓝水库,水库,7169504,109.2702609,22.9440581
WS095,1,1,223,六蓝水库,水库,7169504,109.2701107,22.943248
WS095,1,1,224,六蓝水库,水库,7169504,109.2697245,22.9430306
WS095,1,1,225,六蓝水库,水库,7169504,109.2687911,22.9428626
WS095,1,1,226,六蓝水库,水库,7169504,109.2677987,22.9428133
WS095,1,1,227,六蓝水库,水库,7169504,109.2669565,22.9424575
WS095,1,1,228,六蓝水库,水库,7169504,109.2667848,22.9420228
WS095,1,1,229,六蓝水库,水库,7169504,109.2674928,22.9418252
WS095,1,1,230,六蓝水库,水库,7169504,109.2682385,22.9422896
WS095,1,1,231,六蓝水库,水库,7169504,109.268716,22.9421019
WS095,1,1,232,六蓝水库,水库,7169504,109.269408,22.94226
WS095,1,1,233,六蓝水库,水库,7169504,109.2699498,22.9422204
WS095,1,1,234,六蓝水库,水库,7169504,109.2703253,22.9425168
WS095,1,1,235,六蓝水库,水库,7169504,109.2710764,22.9426551
WS095,1,1,236,六蓝水库,水库,7169504,109.2716128,22.9421809
WS095,1,1,237,六蓝水库,水库,7169504,109.2724925,22.9418055
WS095,1,1,238,六蓝水库,水库,7169504,109.2735869,22.9408965
WS095,1,1,239,六蓝水库,水库,7169504,109.2742092,22.9404914
WS095,1,1,240,六蓝水库,水库,7169504,109.2746704,22.940274
WS095,1,1,241,六蓝水库,水库,7169504,109.2759258,22.9405408
WS095,1,1,242,六蓝水库,水库,7169504,109.2762905,22.9403037
WS095,1,1,243,六蓝水库,水库,7169504,109.2748636,22.9400171
WS095,1,1,244,六蓝水库,水库,7169504,109.274134,22.9401159
WS095,1,1,245,六蓝水库,水库,7169504,109.2738354,22.9402458
WS095,1,1,246,六蓝水库,水库,7169504,109.2737478,22.9402839
WS095,1,1,247,六蓝水库,水库,7169504,109.2728573,22.9408174
WS095,1,1,248,六蓝水库,水库,7169504,109.2719346,22.9407384
WS095,1,1,249,六蓝水库,水库,7169504,109.2712266,22.9405605
WS095,1,1,250,六蓝水库,水库,7169504,109.2698747,22.9410348
WS095,1,1,251,六蓝水库,水库,7169504,109.2696387,22.9408174
WS095,1,1,252,六蓝水库,水库,7169504,109.2698962,22.9404815
WS095,1,1,253,六蓝水库,水库,7169504,109.2713338,22.9393551
WS095,1,1,254,六蓝水库,水库,7169504,109.2719775,22.9387228
WS095,1,1,255,六蓝水库,水库,7169504,109.2727715,22.9375964
WS095,1,1,256,六蓝水库,水库,7169504,109.2729431,22.937221
WS095,1,1,257,六蓝水库,水库,7169504,109.273029,22.9363712
WS095,1,1,258,六蓝水库,水库,7169504,109.2729646,22.9350275
WS095,1,1,259,六蓝水库,水库,7169504,109.2726642,22.9342568
WS095,1,1,260,六蓝水库,水库,7169504,109.2723638,22.9339406
WS095,1,1,261,六蓝水库,水库,7169504,109.2690808,22.9352251
WS095,1,1,262,六蓝水库,水库,7169504,109.2685658,22.9358574
WS095,1,1,263,六蓝水库,水库,7169504,109.2667794,22.9360156
WS095,1,1,264,六蓝水库,水库,7169504,109.2666078,22.9357488
WS095,1,1,265,六蓝水库,水库,7169504,109.2660231,22.9358476
WS095,1,1,266,六蓝水库,水库,7169504,109.265905,22.9361736
WS095,1,1,267,六蓝水库,水库,7169504,109.2658245,22.9368258
WS095,1,1,268,六蓝水库,水库,7169504,109.265551,22.9370827
WS095,1,1,269,六蓝水库,水库,7169504,109.2655081,22.9375865
WS095,1,1,270,六蓝水库,水库,7169504,109.2644942,22.9375471
WS095,1,1,271,六蓝水库,水库,7169504,109.2643654,22.9376656
WS095,1,1,272,六蓝水库,水库,7169504,109.2651325,22.9380114
WS095,1,1,273,六蓝水库,水库,7169504,109.2639094,22.9386537
WS095,1,1,274,六蓝水库,水库,7169504,109.263652,22.9388809
WS095,1,1,275,六蓝水库,水库,7169504,109.2624718,22.9394935
WS095,1,1,276,六蓝水库,水库,7169504,109.2619354,22.9401456
WS095,1,1,277,六蓝水库,水库,7169504,109.2616296,22.9404321
WS095,1,1,278,六蓝水库,水库,7169504,109.2616779,22.9409162
WS095,1,1,279,六蓝水库,水库,7169504,109.2604977,22.9414695
WS095,1,1,280,六蓝水库,水库,7169504,109.2608678,22.9417956
WS095,1,1,281,六蓝水库,水库,7169504,109.2605889,22.9420229
WS095,1,1,282,六蓝水库,水库,7169504,109.2608464,22.9422303
WS095,1,1,283,六蓝水库,水库,7169504,109.2602724,22.9427441
WS095,1,1,284,六蓝水库,水库,7169504,109.2597574,22.9432085
WS095,1,1,285,六蓝水库,水库,7169504,109.2587811,22.9434159
WS095,1,1,286,六蓝水库,水库,7169504,109.2586523,22.9436827
WS095,1,1,287,六蓝水库,水库,7169504,109.2591244,22.9437024
WS095,1,1,288,六蓝水库,水库,7169504,109.2597788,22.9435444
WS095,1,1,289,六蓝水库,水库,7169504,109.2602241,22.9431196
WS095,1,1,290,六蓝水库,水库,7169504,109.2610771,22.942833
WS095,1,1,291,六蓝水库,水库,7169504,109.2611736,22.9433566
WS095,1,1,292,六蓝水库,水库,7169504,109.2610717,22.9437618
WS095,1,1,293,六蓝水库,水库,7169504,109.2605835,22.9439791
WS095,1,1,294,六蓝水库,水库,7169504,109.2607981,22.9443545
WS095,1,1,295,六蓝水库,水库,7169504,109.2612273,22.9445126
WS095,1,1,296,六蓝水库,水库,7169504,109.2612273,22.9449276
WS095,1,1,297,六蓝水库,水库,7169504,109.2612004,22.9460045
WS095,1,1,298,六蓝水库,水库,7169504,109.2608196,22.9465676
WS095,1,1,299,六蓝水库,水库,7169504,109.2606908,22.9469628
WS095,1,1,300,六蓝水库,水库,7169504,109.2604119,22.9473185
WS095,1,1,301,六蓝水库,水库,7169504,109.2600471,22.9475556
WS095,1,1,302,六蓝水库,水库,7169504,109.259575,22.9476149
WS095,1,1,303,六蓝水库,水库,7169504,109.2587167,22.9475161
WS095,1,1,304,六蓝水库,水库,7169504,109.2577082,22.9475161
WS095,1,1,305,六蓝水库,水库,7169504,109.2573863,22.9478125
WS095,1,1,306,六蓝水库,水库,7169504,109.2578155,22.9479706
WS095,1,1,307,六蓝水库,水库,7169504,109.2588025,22.9479706
WS095,1,1,308,六蓝水库,水库,7169504,109.2597252,22.9480891
WS095,1,1,309,六蓝水库,水库,7169504,109.2601329,22.9483657
WS095,1,1,310,六蓝水库,水库,7169504,109.2581588,22.9493537
WS095,1,1,311,六蓝水库,水库,7169504,109.2577511,22.949413
WS095,1,1,312,六蓝水库,水库,7169504,109.256013,22.9493537
WS095,1,1,313,六蓝水库,水库,7169504,109.254747,22.9491956
WS095,1,1,314,六蓝水库,水库,7169504,109.2538244,22.9491956
WS095,1,1,315,六蓝水库,水库,7169504,109.2533523,22.9493142
WS095,1,1,316,六蓝水库,水库,7169504,109.2519361,22.9502429
WS095,1,1,317,六蓝水库,水库,7169504,109.2517859,22.9506776
WS095,1,1,318,六蓝水库,水库,7169504,109.2515498,22.9510332
WS095,1,1,319,六蓝水库,水库,7169504,109.2506915,22.9510332
WS095,1,1,320,六蓝水库,水库,7169504,109.2503193,22.9508633
WS095,1,1,321,六蓝水库,水库,7169504,109.2503268,22.9512506
WS095,1,1,322,六蓝水库,水库,7169504,109.2499083,22.9514087
WS095,1,1,323,六蓝水库,水库,7169504,109.2499191,22.9520311
WS095,1,1,324,六蓝水库,水库,7169504,109.2496133,22.9521793
WS095,1,1,325,六蓝水库,水库,7169504,109.2491305,22.9518829
WS095,1,1,326,六蓝水库,水库,7169504,109.2490017,22.9519718
WS095,1,1,327,六蓝水库,水库,7169504,109.2489856,22.9523077
WS095,1,1,328,六蓝水库,水库,7169504,109.2491627,22.9524954
WS095,1,1,329,六蓝水库,水库,7169504,109.2491895,22.9528708
WS095,1,1,330,六蓝水库,水库,7169504,109.2488891,22.953187
WS095,1,1,331,六蓝水库,水库,7169504,109.248299,22.9530881
WS095,1,1,332,六蓝水库,水库,7169504,109.2481381,22.9528115
WS095,1,1,333,六蓝水库,水库,7169504,109.247666,22.9528115
WS095,1,1,334,六蓝水库,水库,7169504,109.2472798,22.9525547
WS095,1,1,335,六蓝水库,水库,7169504,109.2471296,22.9521793
WS095,1,1,336,六蓝水库,水库,7169504,109.246679,22.9521793
WS095,1,1,337,六蓝水库,水库,7169504,109.2463142,22.9523769
WS095,1,1,338,六蓝水库,水库,7169504,109.2457563,22.9530091
WS095,1,1,339,六蓝水库,水库,7169504,109.2453915,22.953187
WS095,1,1,340,六蓝水库,水库,7169504,109.2445546,22.9534043
WS095,1,1,341,六蓝水库,水库,7169504,109.2443401,22.95376
WS095,1,1,342,六蓝水库,水库,7169504,109.2447478,22.953918
WS095,1,1,343,六蓝水库,水库,7169504,109.2452627,22.953918
WS095,1,1,344,六蓝水库,水库,7169504,109.2457563,22.95376
WS095,1,1,345,六蓝水库,水库,7169504,109.2460996,22.9534043
WS095,1,1,346,六蓝水库,水库,7169504,109.2465287,22.9532462
WS095,1,1,347,六蓝水库,水库,7169504,109.2474943,22.9532858
WS095,1,1,348,六蓝水库,水库,7169504,109.2480737,22.9539576
WS095,1,1,349,六蓝水库,水库,7169504,109.2485458,22.9540761
WS095,1,1,350,六蓝水库,水库,7169504,109.2486531,22.9544713
WS095,1,1,351,六蓝水库,水库,7169504,109.2474514,22.9549652
WS095,1,1,352,六蓝水库,水库,7169504,109.2465717,22.9551628
WS095,1,1,353,六蓝水库,水库,7169504,109.2456919,22.9551826
WS095,1,1,354,六蓝水库,水库,7169504,109.2451555,22.9558346
WS095,1,1,355,六蓝水库,水库,7169504,109.2447478,22.9565261
WS095,1,1,356,六蓝水库,水库,7169504,109.2434174,22.9567237
WS095,1,1,357,六蓝水库,水库,7169504,109.2437178,22.9570596
WS095,1,1,358,六蓝水库,水库,7169504,109.2447048,22.9572374
WS095,1,1,359,六蓝水库,水库,7169504,109.2451769,22.9572374
WS095,1,1,360,六蓝水库,水库,7169504,109.2451984,22.9576326
WS095,1,1,361,六蓝水库,水库,7169504,109.24537,22.958008
WS095,1,1,362,六蓝水库,水库,7169504,109.2458421,22.9586995
WS095,1,1,363,六蓝水库,水库,7169504,109.2462927,22.9587193
WS095,1,1,364,六蓝水库,水库,7169504,109.2468077,22.9586007
WS095,1,1,365,六蓝水库,水库,7169504,109.2472583,22.9587391
WS095,1,1,366,六蓝水库,水库,7169504,109.2482668,22.9597665
WS095,1,1,367,六蓝水库,水库,7169504,109.250434,22.9606753
WS095,1,1,368,六蓝水库,水库,7169504,109.2497259,22.9611297
WS095,1,1,369,六蓝水库,水库,7169504,109.249168,22.9617422
WS095,1,1,370,六蓝水库,水库,7169504,109.2486047,22.9620732
WS095,1,1,371,六蓝水库,水库,7169504,109.2482454,22.9624337
WS095,1,1,372,六蓝水库,水库,7169504,109.2481863,22.9627647
WS095,1,1,373,六蓝水库,水库,7169504,109.2477894,22.9631648
WS095,1,1,374,六蓝水库,水库,7169504,109.2473871,22.9630017
WS095,1,1,375,六蓝水库,水库,7169504,109.246974,22.9630364
WS095,1,1,376,六蓝水库,水库,7169504,109.2467701,22.9634858
WS095,1,1,377,六蓝水库,水库,7169504,109.2466038,22.9636241
WS095,1,1,378,六蓝水库,水库,7169504,109.2461693,22.9636686
WS095,1,1,379,六蓝水库,水库,7169504,109.2459923,22.9635006
WS095,1,1,380,六蓝水库,水库,7169504,109.2460996,22.9631055
WS095,1,1,381,六蓝水库,水库,7169504,109.2464429,22.9627351
WS095,1,1,382,六蓝水库,水库,7169504,109.2468667,22.9625374
WS095,1,1,383,六蓝水库,水库,7169504,109.2468721,22.9623794
WS095,1,1,384,六蓝水库,水库,7169504,109.2466843,22.9622164
WS095,1,1,385,六蓝水库,水库,7169504,109.2463571,22.9621522
WS095,1,1,386,六蓝水库,水库,7169504,109.2458475,22.9623399
WS095,1,1,387,六蓝水库,水库,7169504,109.2453808,22.9623893
WS095,1,1,388,六蓝水库,水库,7169504,109.2452842,22.9624338
WS095,1,1,389,六蓝水库,水库,7169504,109.246062,22.9624881
WS095,1,1,390,六蓝水库,水库,7169504,109.2460352,22.9626313
WS095,1,1,391,六蓝水库,水库,7169504,109.2457777,22.9629672
WS095,1,1,392,六蓝水库,水库,7169504,109.2458045,22.9634858
WS095,1,1,393,六蓝水库,水库,7169504,109.2455471,22.9638069
WS095,1,1,394,六蓝水库,水库,7169504,109.245252,22.9638415
WS095,1,1,395,六蓝水库,水库,7169504,109.2454559,22.9641971
WS095,1,1,396,六蓝水库,水库,7169504,109.2454452,22.9646614
WS095,1,1,397,六蓝水库,水库,7169504,109.2455632,22.9650319
WS095,1,1,398,六蓝水库,水库,7169504,109.2459065,22.9651997
WS095,1,1,399,六蓝水库,水库,7169504,109.2464215,22.9651207
WS095,1,1,400,六蓝水库,水库,7169504,109.2466897,22.9652294
WS095,1,1,401,六蓝水库,水库,7169504,109.2468077,22.9649528
WS095,1,1,402,六蓝水库,水库,7169504,109.2470491,22.9648194
WS095,1,1,403,六蓝水库,水库,7169504,109.2471939,22.96437
WS095,1,1,404,六蓝水库,水库,7169504,109.247151,22.9638958
WS095,1,1,405,六蓝水库,水库,7169504,109.2474407,22.9635352
WS095,1,1,406,六蓝水库,水库,7169504,109.2480093,22.963718
WS095,1,1,407,六蓝水库,水库,7169504,109.2484009,22.9635254
WS095,1,1,408,六蓝水库,水库,7169504,109.2488408,22.9640637
WS095,1,1,409,六蓝水库,水库,7169504,109.248932,22.9646465
WS095,1,1,410,六蓝水库,水库,7169504,109.2489964,22.9650614
WS095,1,1,411,六蓝水库,水库,7169504,109.2488033,22.9658715
WS095,1,1,412,六蓝水库,水库,7169504,109.2483312,22.9666222
WS095,1,1,413,六蓝水库,水库,7169504,109.2480093,22.9669186
WS095,1,1,414,六蓝水库,水库,7169504,109.2476714,22.9672495
WS095,1,1,415,六蓝水库,水库,7169504,109.2471939,22.9668593
WS095,1,1,416,六蓝水库,水库,7169504,109.2467594,22.9665334
WS095,1,1,417,六蓝水库,水库,7169504,109.246046,22.9662913
WS095,1,1,418,六蓝水库,水库,7169504,109.2451072,22.965748
WS095,1,1,419,六蓝水库,水库,7169504,109.2444634,22.9657875
WS095,1,1,420,六蓝水库,水库,7169504,109.2435944,22.9660789
WS095,1,1,421,六蓝水库,水库,7169504,109.2429131,22.9659603
WS095,1,1,422,六蓝水库,水库,7169504,109.2426449,22.9660888
WS095,1,1,423,六蓝水库,水库,7169504,109.2419583,22.9666025
WS095,1,1,424,六蓝水库,水库,7169504,109.2414647,22.9673137
WS095,1,1,425,六蓝水库,水库,7169504,109.2408425,22.9680447
WS095,1,1,426,六蓝水库,水库,7169504,109.2401558,22.9686572
WS095,1,1,427,六蓝水库,水库,7169504,109.2393619,22.9696845
WS095,1,1,428,六蓝水库,水库,7169504,109.2391902,22.9700401
WS095,1,1,429,六蓝水库,水库,7169504,109.2391688,22.971265
WS095,1,1,430,六蓝水库,水库,7169504,109.2388898,22.9715811
WS095,1,1,431,六蓝水库,水库,7169504,109.2381656,22.9718676
WS095,1,1,432,六蓝水库,水库,7169504,109.237833,22.9718133
WS095,1,1,433,六蓝水库,水库,7169504,109.2375594,22.9714675
WS095,1,1,434,六蓝水库,水库,7169504,109.2372644,22.9713292
WS095,1,1,435,六蓝水库,水库,7169504,109.237023,22.9708847
WS095,1,1,436,六蓝水库,水库,7169504,109.2365456,22.9707612
WS095,1,1,437,六蓝水库,水库,7169504,109.2359984,22.9706723
WS095,1,1,438,六蓝水库,水库,7169504,109.2356819,22.9703513
WS095,1,1,439,六蓝水库,水库,7169504,109.2355424,22.9700352
WS095,1,1,440,六蓝水库,水库,7169504,109.2350918,22.9697586
WS095,1,1,441,六蓝水库,水库,7169504,109.234727,22.9696549
WS095,1,1,442,六蓝水库,水库,7169504,109.2347109,22.9697734
WS095,1,1,443,六蓝水库,水库,7169504,109.2353064,22.9702624
WS095,1,1,444,六蓝水库,水库,7169504,109.2351615,22.9704007
WS095,1,1,445,六蓝水库,水库,7169504,109.2343247,22.9705291
WS095,1,1,446,六蓝水库,水库,7169504,109.2337829,22.9702575
WS095,1,1,447,六蓝水库,水库,7169504,109.2337561,22.9703711
WS095,1,1,448,六蓝水库,水库,7169504,109.233858,22.9705637
WS095,1,1,449,六蓝水库,水库,7169504,109.2337078,22.9709341
WS095,1,1,450,六蓝水库,水库,7169504,109.2340028,22.9711218
WS095,1,1,451,六蓝水库,水库,7169504,109.2342335,22.9718972
WS095,1,1,452,六蓝水库,水库,7169504,109.2344427,22.9721294
WS095,1,1,453,六蓝水库,水库,7169504,109.2342281,22.9725689
WS095,1,1,454,六蓝水库,水库,7169504,109.233638,22.9728109
WS095,1,1,455,六蓝水库,水库,7169504,109.2330426,22.9728011
WS095,1,1,456,六蓝水库,水库,7169504,109.2322326,22.9725936
WS095,1,1,457,六蓝水库,水库,7169504,109.231385,22.9725492
WS095,1,1,458,六蓝水库,水库,7169504,109.2307198,22.9723961
WS095,1,1,459,六蓝水库,水库,7169504,109.2301297,22.9721738
WS095,1,1,460,六蓝水库,水库,7169504,109.229899,22.9720405
WS095,1,1,461,六蓝水库,水库,7169504,109.2295933,22.9720898
WS095,1,1,462,六蓝水库,水库,7169504,109.2284238,22.9721689
WS095,1,1,463,六蓝水库,水库,7169504,109.2274153,22.9725195
WS095,1,1,464,六蓝水库,水库,7169504,109.2269325,22.9729443
WS095,1,1,465,六蓝水库,水库,7169504,109.2265838,22.973616
WS095,1,1,466,六蓝水库,水库,7169504,109.2268199,22.9741395
WS095,1,1,467,六蓝水库,水库,7169504,109.2274368,22.9746532
WS095,1,1,468,六蓝水库,水库,7169504,109.2274958,22.9749001
WS095,1,1,469,六蓝水库,水库,7169504,109.2267233,22.9758286
WS095,1,1,470,六蓝水库,水库,7169504,109.2259884,22.9763176
WS095,1,1,471,六蓝水库,水库,7169504,109.2274851,22.9756903
WS095,1,1,472,六蓝水库,水库,7169504,109.2278874,22.975152
WS095,1,1,473,六蓝水库,水库,7169504,109.2276192,22.9743766
WS095,1,1,474,六蓝水库,水库,7169504,109.2272061,22.974016
WS095,1,1,475,六蓝水库,水库,7169504,109.2270237,22.9735765
WS095,1,1,476,六蓝水库,水库,7169504,109.2270237,22.9733345
WS095,1,1,477,六蓝水库,水库,7169504,109.2276353,22.9727566
WS095,1,1,478,六蓝水库,水库,7169504,109.2286009,22.9725047
WS095,1,1,479,六蓝水库,水库,7169504,109.2299098,22.9724948
WS095,1,1,480,六蓝水库,水库,7169504,109.230575,22.9727319
WS095,1,1,481,六蓝水库,水库,7169504,109.2312294,22.9730529
WS095,1,1,482,六蓝水库,水库,7169504,109.2316639,22.9730678
WS095,1,1,483,六蓝水库,水库,7169504,109.2322648,22.9729887
WS095,1,1,484,六蓝水库,水库,7169504,109.2326403,22.9730875
WS095,1,1,485,六蓝水库,水库,7169504,109.2334449,22.9735271
WS095,1,1,486,六蓝水库,水库,7169504,109.2339599,22.9734678
WS095,1,1,487,六蓝水库,水库,7169504,109.2341798,22.9737691
WS095,1,1,488,六蓝水库,水库,7169504,109.2341638,22.9732604
WS095,1,1,489,六蓝水库,水库,7169504,109.2345768,22.9728455
WS095,1,1,490,六蓝水库,水库,7169504,109.2349201,22.972559
WS095,1,1,491,六蓝水库,水库,7169504,109.2349791,22.9720602
WS095,1,1,492,六蓝水库,水库,7169504,109.2346573,22.971507
WS095,1,1,493,六蓝水库,水库,7169504,109.2347056,22.9713243
WS095,1,1,494,六蓝水库,水库,7169504,109.2351776,22.9712305
WS095,1,1,495,六蓝水库,水库,7169504,109.2356658,22.9710675
WS095,1,1,496,六蓝水库,水库,7169504,109.2362183,22.97127
WS095,1,1,497,六蓝水库,水库,7169504,109.2375594,22.9723318
WS095,1,1,498,六蓝水库,水库,7169504,109.2383212,22.9726282
WS095,1,1,499,六蓝水库,水库,7169504,109.2392707,22.9724602
WS095,1,1,500,六蓝水库,水库,7169504,109.2405152,22.9718873
WS095,1,1,501,六蓝水库,水库,7169504,109.2410516,22.971176
WS095,1,1,502,六蓝水库,水库,7169504,109.2413574,22.9709834
WS095,1,1,503,六蓝水库,水库,7169504,109.2414433,22.9704995
WS095,1,1,504,六蓝水库,水库,7169504,109.2421621,22.9695265
WS095,1,1,505,六蓝水库,水库,7169504,109.2422051,22.9688202
WS095,1,1,506,六蓝水库,水库,7169504,109.2431062,22.9679509
WS095,1,1,507,六蓝水库,水库,7169504,109.2439485,22.9676595
WS095,1,1,508,六蓝水库,水库,7169504,109.2446834,22.9676298
WS095,1,1,509,六蓝水库,水库,7169504,109.2454344,22.967778
WS095,2,1,1,六蓝水库,水库,7169504,109.2473012,22.9568571
WS095,2,1,2,六蓝水库,水库,7169504,109.2481488,22.9585563
WS095,2,1,3,六蓝水库,水库,7169504,109.2491144,22.9590601
WS095,2,1,4,六蓝水库,水库,7169504,109.2503267,22.9593861
WS095,2,1,5,六蓝水库,水库,7169504,109.2524725,22.9596232
WS095,2,1,6,六蓝水库,水库,7169504,109.2529017,22.9593466
WS095,2,1,7,六蓝水库,水库,7169504,109.2536527,22.9583192
WS095,2,1,8,六蓝水库,水库,7169504,109.2536527,22.9578845
WS095,2,1,9,六蓝水库,水库,7169504,109.2534596,22.9573116
WS095,2,1,10,六蓝水库,水库,7169504,109.2529178,22.9571288
WS095,2,1,11,六蓝水库,水库,7169504,109.2521399,22.9572818
WS095,2,1,12,六蓝水库,水库,7169504,109.2519575,22.957272
WS095,2,1,13,六蓝水库,水库,7169504,109.251979,22.9556321
WS095,2,1,14,六蓝水库,水库,7169504,109.2502677,22.955726
WS095,2,1,15,六蓝水库,水库,7169504,109.249447,22.9557111
WS095,2,1,16,六蓝水库,水库,7169504,109.2490983,22.9562199
WS095,2,1,17,六蓝水库,水库,7169504,109.2482883,22.9565212
WS095,2,1,18,六蓝水库,水库,7169504,109.2473012,22.9568571
WS095,3,1,1,六蓝水库,水库,7169504,109.2499835,22.9532906
WS095,3,1,2,六蓝水库,水库,7169504,109.2503589,22.9533303
WS095,3,1,3,六蓝水库,水库,7169504,109.2508847,22.9530734
WS095,3,1,4,六蓝水库,水库,7169504,109.2510563,22.952767
WS095,3,1,5,六蓝水库,水库,7169504,109.2507559,22.9525596
WS095,3,1,6,六蓝水库,水库,7169504,109.250375,22.9527819
WS095,3,1,7,六蓝水库,水库,7169504,109.2500371,22.952935
WS095,3,1,8,六蓝水库,水库,7169504,109.2498761,22.9530832
WS095,3,1,9,六蓝水库,水库,7169504,109.2499835,22.9532906
WS095,4,1,1,六蓝水库,水库,7169504,109.2560989,22.9547232
WS095,4,1,2,六蓝水库,水库,7169504,109.2559701,22.9551776
WS095,4,1,3,六蓝水库,水库,7169504,109.256292,22.955474
WS095,4,1,4,六蓝水库,水库,7169504,109.2566568,22.9552369
WS095,4,1,5,六蓝水库,水库,7169504,109.2567426,22.954822
WS095,4,1,6,六蓝水库,水库,7169504,109.2560989,22.9547232
WS095,5,1,1,六蓝水库,水库,7169504,109.2605299,22.9513148
WS095,5,1,2,六蓝水库,水库,7169504,109.261018,22.9512012
WS095,5,1,3,六蓝水库,水库,7169504,109.2617905,22.9507962
WS095,5,1,4,六蓝水库,水库,7169504,109.2619139,22.9506331
WS095,5,1,5,六蓝水库,水库,7169504,109.2618012,22.9503417
WS095,5,1,6,六蓝水库,水库,7169504,109.2615491,22.9501589
WS095,5,1,7,六蓝水库,水库,7169504,109.2611092,22.9503565
WS095,5,1,8,六蓝水库,水库,7169504,109.2608249,22.9508061
WS095,5,1,9,六蓝水库,水库,7169504,109.2605835,22.9509789
WS095,5,1,10,六蓝水库,水库,7169504,109.2605299,22.9513148
WS095,6,1,1,六蓝水库,水库,7169504,109.2655832,22.9493686
WS095,6,1,2,六蓝水库,水库,7169504,109.2657655,22.9494476
WS095,6,1,3,六蓝水库,水库,7169504,109.2659909,22.9491611
WS095,6,1,4,六蓝水库,水库,7169504,109.2662269,22.9484497
WS095,6,1,5,六蓝水库,水库,7169504,109.2658192,22.9483015
WS095,6,1,6,六蓝水库,水库,7169504,109.2654544,22.9490326
WS095,6,1,7,六蓝水库,水库,7169504,109.2655832,22.9493686
