水系要素编号,点序号,名称,水系类型,OSM编号,长度_km,经度,纬度
WY001,1,镇龙江,河流,42367634,3.713,109.4093216,22.8741428
WY001,2,镇龙江,河流,42367634,3.713,109.4108236,22.8750918
WY001,3,镇龙江,河流,42367634,3.713,109.4135702,22.877306
WY001,4,镇龙江,河流,42367634,3.713,109.4147383,22.8780609
WY001,5,镇龙江,河流,42367634,3.713,109.4159735,22.8782549
WY001,6,镇龙江,河流,42367634,3.713,109.416437,22.8776697
WY001,7,镇龙江,河流,42367634,3.713,109.4163168,22.8771478
WY001,8,镇龙江,河流,42367634,3.713,109.4144285,22.8758826
WY001,9,镇龙江,河流,42367634,3.713,109.4137419,22.8746173
WY001,10,镇龙江,河流,42367634,3.713,109.4181708,22.869382
WY001,11,镇龙江,河流,42367634,3.713,109.4191149,22.8693425
WY001,12,镇龙江,河流,42367634,3.713,109.4209517,22.8703468
WY001,13,镇龙江,河流,42367634,3.713,109.4215268,22.8698011
WY001,14,镇龙江,河流,42367634,3.713,109.4215396,22.8690538
WY001,15,镇龙江,河流,42367634,3.713,109.4221705,22.8684962
WY001,16,镇龙江,河流,42367634,3.713,109.4247282,22.8657599
WY001,17,镇龙江,河流,42367634,3.713,109.4240416,22.8644946
WY001,18,镇龙江,河流,42367634,3.713,109.4219816,22.8632292
WY001,19,镇龙江,河流,42367634,3.713,109.4211473,22.8622239
WY001,20,镇龙江,河流,42367634,3.713,109.42098170831255,22.8615453
WY002,1,镇龙江,河流,42367634,0.645,109.42399683934514,22.8615453
WY002,2,镇龙江,河流,42367634,0.645,109.4241789,22.8625332
WY002,3,镇龙江,河流,42367634,0.645,109.4254149,22.8632608
WY002,4,镇龙江,河流,42367634,0.645,109.42865889497102,22.8615453
WY003,1,未记录,河流,184470363,23.364,109.2578766,23.2069551
WY003,2,未记录,河流,184470363,23.364,109.2593966,23.2059461
WY003,3,未记录,河流,184470363,23.364,109.2610854,23.2058685
WY003,4,未记录,河流,184470363,23.364,109.262141,23.204976
WY003,5,未记录,河流,184470363,23.364,109.2624223,23.2044118
WY003,6,未记录,河流,184470363,23.364,109.2626054,23.2040446
WY003,7,未记录,河流,184470363,23.364,109.264801,23.2023759
WY003,8,未记录,河流,184470363,23.364,109.2648432,23.2016386
WY003,9,未记录,河流,184470363,23.364,109.2663632,23.1993877
WY003,10,未记录,河流,184470363,23.364,109.2670388,23.198534
WY003,11,未记录,河流,184470363,23.364,109.2690232,23.1983787
WY003,12,未记录,河流,184470363,23.364,109.2700499,23.1963098
WY003,13,未记录,河流,184470363,23.364,109.2706278,23.1950846
WY003,14,未记录,河流,184470363,23.364,109.2711343,23.1928678
WY003,15,未记录,河流,184470363,23.364,109.2715442,23.1925362
WY003,16,未记录,河流,184470363,23.364,109.272399,23.192369
WY003,17,未记录,河流,184470363,23.364,109.2740898,23.1920916
WY003,18,未记录,河流,184470363,23.364,109.2755254,23.1894137
WY003,19,未记录,河流,184470363,23.364,109.2754832,23.1869298
WY003,20,未记录,河流,184470363,23.364,109.2764543,23.1862312
WY003,21,未记录,河流,184470363,23.364,109.2775098,23.1859983
WY003,22,未记录,河流,184470363,23.364,109.2787343,23.1865029
WY003,23,未记录,河流,184470363,23.364,109.279452,23.1864252
WY003,24,未记录,河流,184470363,23.364,109.2801276,23.1853773
WY003,25,未记录,河流,184470363,23.364,109.2811832,23.1851056
WY003,26,未记录,河流,184470363,23.364,109.2832098,23.1838636
WY003,27,未记录,河流,184470363,23.364,109.2849409,23.1835919
WY003,28,未记录,河流,184470363,23.364,109.2859965,23.1823888
WY003,29,未记录,河流,184470363,23.364,109.2877074,23.1809584
WY003,30,未记录,河流,184470363,23.364,109.2888309,23.1795942
WY003,31,未记录,河流,184470363,23.364,109.2894116,23.1792754
WY003,32,未记录,河流,184470363,23.364,109.2904194,23.1796515
WY003,33,未记录,河流,184470363,23.364,109.2939764,23.1790508
WY003,34,未记录,河流,184470363,23.364,109.2956231,23.1792837
WY003,35,未记录,河流,184470363,23.364,109.297312,23.177964
WY003,36,未记录,河流,184470363,23.364,109.2977342,23.1760621
WY003,37,未记录,河流,184470363,23.364,109.2994231,23.1753246
WY003,38,未记录,河流,184470363,23.364,109.3016609,23.1731898
WY003,39,未记录,河流,184470363,23.364,109.3024209,23.1697351
WY003,40,未记录,河流,184470363,23.364,109.3031809,23.1672897
WY003,41,未记录,河流,184470363,23.364,109.3049964,23.1658534
WY003,42,未记录,河流,184470363,23.364,109.3067275,23.1656593
WY003,43,未记录,河流,184470363,23.364,109.3089231,23.1644172
WY003,44,未记录,河流,184470363,23.364,109.3113704,23.1636476
WY003,45,未记录,河流,184470363,23.364,109.312318,23.1626792
WY003,46,未记录,河流,184470363,23.364,109.3129646,23.161613
WY003,47,未记录,河流,184470363,23.364,109.3136376,23.1611848
WY003,48,未记录,河流,184470363,23.364,109.3149863,23.1615958
WY003,49,未记录,河流,184470363,23.364,109.3152201,23.1612637
WY003,50,未记录,河流,184470363,23.364,109.3153971,23.1605485
WY003,51,未记录,河流,184470363,23.364,109.3159609,23.1596493
WY003,52,未记录,河流,184470363,23.364,109.3167114,23.1595374
WY003,53,未记录,河流,184470363,23.364,109.3177897,23.1596065
WY003,54,未记录,河流,184470363,23.364,109.3189974,23.1598867
WY003,55,未记录,河流,184470363,23.364,109.319576,23.1597002
WY003,56,未记录,河流,184470363,23.364,109.3200695,23.1590886
WY003,57,未记录,河流,184470363,23.364,109.3199211,23.1588253
WY003,58,未记录,河流,184470363,23.364,109.3198979,23.1578802
WY003,59,未记录,河流,184470363,23.364,109.3200275,23.1569639
WY003,60,未记录,河流,184470363,23.364,109.3206146,23.1561295
WY003,61,未记录,河流,184470363,23.364,109.3213838,23.1552859
WY003,62,未记录,河流,184470363,23.364,109.3227425,23.1532111
WY003,63,未记录,河流,184470363,23.364,109.3231595,23.1529529
WY003,64,未记录,河流,184470363,23.364,109.3237495,23.1532735
WY003,65,未记录,河流,184470363,23.364,109.3245821,23.1531718
WY003,66,未记录,河流,184470363,23.364,109.3247473,23.1529776
WY003,67,未记录,河流,184470363,23.364,109.3248475,23.1524838
WY003,68,未记录,河流,184470363,23.364,109.3238622,23.1508221
WY003,69,未记录,河流,184470363,23.364,109.3239119,23.1505972
WY003,70,未记录,河流,184470363,23.364,109.3245568,23.1501049
WY003,71,未记录,河流,184470363,23.364,109.3251336,23.1497518
WY003,72,未记录,河流,184470363,23.364,109.3261035,23.1496065
WY003,73,未记录,河流,184470363,23.364,109.3284035,23.1494844
WY003,74,未记录,河流,184470363,23.364,109.3289477,23.1489359
WY003,75,未记录,河流,184470363,23.364,109.3287481,23.1478723
WY003,76,未记录,河流,184470363,23.364,109.3282776,23.1468431
WY003,77,未记录,河流,184470363,23.364,109.3287152,23.1453859
WY003,78,未记录,河流,184470363,23.364,109.3297684,23.144977
WY003,79,未记录,河流,184470363,23.364,109.3304141,23.1449679
WY003,80,未记录,河流,184470363,23.364,109.3319402,23.1468309
WY003,81,未记录,河流,184470363,23.364,109.3330941,23.1473936
WY003,82,未记录,河流,184470363,23.364,109.3337595,23.1472855
WY003,83,未记录,河流,184470363,23.364,109.3339419,23.1467774
WY003,84,未记录,河流,184470363,23.364,109.3347273,23.1462505
WY003,85,未记录,河流,184470363,23.364,109.335385,23.1458205
WY003,86,未记录,河流,184470363,23.364,109.3361212,23.1444673
WY003,87,未记录,河流,184470363,23.364,109.3365678,23.1440264
WY003,88,未记录,河流,184470363,23.364,109.3364096,23.1425608
WY003,89,未记录,河流,184470363,23.364,109.336431,23.1416179
WY003,90,未记录,河流,184470363,23.364,109.3367145,23.1406996
WY003,91,未记录,河流,184470363,23.364,109.3369031,23.1406313
WY003,92,未记录,河流,184470363,23.364,109.3370801,23.1407793
WY003,93,未记录,河流,184470363,23.364,109.3373913,23.1408089
WY003,94,未记录,河流,184470363,23.364,109.3377307,23.1404181
WY003,95,未记录,河流,184470363,23.364,109.3379492,23.1394967
WY003,96,未记录,河流,184470363,23.364,109.3393549,23.1383734
WY003,97,未记录,河流,184470363,23.364,109.340347,23.1378689
WY003,98,未记录,河流,184470363,23.364,109.3411034,23.1372128
WY003,99,未记录,河流,184470363,23.364,109.3424652,23.1365789
WY003,100,未记录,河流,184470363,23.364,109.3432277,23.1364235
WY003,101,未记录,河流,184470363,23.364,109.3436086,23.1364975
WY003,102,未记录,河流,184470363,23.364,109.3442546,23.1366662
WY003,103,未记录,河流,184470363,23.364,109.3446225,23.1366554
WY003,104,未记录,河流,184470363,23.364,109.3448853,23.1365814
WY003,105,未记录,河流,184470363,23.364,109.3451123,23.136038
WY003,106,未记录,河流,184470363,23.364,109.3452448,23.135802
WY003,107,未记录,河流,184470363,23.364,109.3453252,23.1354863
WY003,108,未记录,河流,184470363,23.364,109.3452594,23.1348885
WY003,109,未记录,河流,184470363,23.364,109.345057,23.134105
WY003,110,未记录,河流,184470363,23.364,109.3445976,23.1334685
WY003,111,未记录,河流,184470363,23.364,109.3444896,23.1328644
WY003,112,未记录,河流,184470363,23.364,109.3446879,23.1325003
WY003,113,未记录,河流,184470363,23.364,109.3452517,23.1323367
WY003,114,未记录,河流,184470363,23.364,109.3453628,23.1323982
WY003,115,未记录,河流,184470363,23.364,109.3454778,23.1325462
WY003,116,未记录,河流,184470363,23.364,109.345713,23.1329369
WY003,117,未记录,河流,184470363,23.364,109.3461969,23.1336802
WY003,118,未记录,河流,184470363,23.364,109.3477765,23.1349657
WY003,119,未记录,河流,184470363,23.364,109.3488037,23.1351239
WY003,120,未记录,河流,184470363,23.364,109.3504011,23.1350612
WY003,121,未记录,河流,184470363,23.364,109.3521756,23.1352298
WY003,122,未记录,河流,184470363,23.364,109.3526558,23.1355071
WY003,123,未记录,河流,184470363,23.364,109.3542593,23.135586
WY003,124,未记录,河流,184470363,23.364,109.3555429,23.134997
WY003,125,未记录,河流,184470363,23.364,109.3560866,23.1340433
WY003,126,未记录,河流,184470363,23.364,109.3560381,23.1330463
WY003,127,未记录,河流,184470363,23.364,109.3558928,23.131946
WY003,128,未记录,河流,184470363,23.364,109.3554929,23.1312228
WY003,129,未记录,河流,184470363,23.364,109.3557005,23.1304427
WY003,130,未记录,河流,184470363,23.364,109.3559395,23.1298172
WY003,131,未记录,河流,184470363,23.364,109.3559211,23.128955
WY003,132,未记录,河流,184470363,23.364,109.3554064,23.1279238
WY003,133,未记录,河流,184470363,23.364,109.3549836,23.1269772
WY003,134,未记录,河流,184470363,23.364,109.355002,23.1261826
WY003,135,未记录,河流,184470363,23.364,109.3555719,23.1255064
WY003,136,未记录,河流,184470363,23.364,109.3570679,23.1245888
WY003,137,未记录,河流,184470363,23.364,109.3577278,23.1242879
WY003,138,未记录,河流,184470363,23.364,109.3580389,23.1240807
WY003,139,未记录,河流,184470363,23.364,109.3583951,23.1235832
WY003,140,未记录,河流,184470363,23.364,109.3586504,23.1233505
WY003,141,未记录,河流,184470363,23.364,109.3588221,23.1231532
WY003,142,未记录,河流,184470363,23.364,109.3588436,23.1228079
WY003,143,未记录,河流,184470363,23.364,109.3587691,23.1222948
WY003,144,未记录,河流,184470363,23.364,109.3590689,23.1217274
WY003,145,未记录,河流,184470363,23.364,109.3594141,23.1214252
WY003,146,未记录,河流,184470363,23.364,109.3597934,23.1211008
WY003,147,未记录,河流,184470363,23.364,109.3603059,23.1207558
WY003,148,未记录,河流,184470363,23.364,109.3604153,23.1206371
WY003,149,未记录,河流,184470363,23.364,109.3604079,23.1203333
WY003,150,未记录,河流,184470363,23.364,109.3602415,23.1198507
WY003,151,未记录,河流,184470363,23.364,109.3600248,23.1194716
WY003,152,未记录,河流,184470363,23.364,109.359873,23.1191856
WY003,153,未记录,河流,184470363,23.364,109.3597744,23.1190007
WY003,154,未记录,河流,184470363,23.364,109.3598952,23.1186975
WY003,155,未记录,河流,184470363,23.364,109.3602169,23.1183578
WY003,156,未记录,河流,184470363,23.364,109.3605724,23.1178688
WY003,157,未记录,河流,184470363,23.364,109.3608327,23.1174448
WY003,158,未记录,河流,184470363,23.364,109.3608451,23.1169905
WY003,159,未记录,河流,184470363,23.364,109.3605065,23.1163843
WY003,160,未记录,河流,184470363,23.364,109.360027,23.1156784
WY003,161,未记录,河流,184470363,23.364,109.3599889,23.1153976
WY003,162,未记录,河流,184470363,23.364,109.359944,23.1151641
WY003,163,未记录,河流,184470363,23.364,109.3600371,23.1149733
WY003,164,未记录,河流,184470363,23.364,109.3601847,23.1148697
WY003,165,未记录,河流,184470363,23.364,109.3606252,23.1146719
WY003,166,未记录,河流,184470363,23.364,109.3611665,23.1144724
WY003,167,未记录,河流,184470363,23.364,109.3615345,23.1145178
WY003,168,未记录,河流,184470363,23.364,109.3615952,23.1144864
WY003,169,未记录,河流,184470363,23.364,109.3620579,23.1143329
WY003,170,未记录,河流,184470363,23.364,109.3623652,23.1140642
WY003,171,未记录,河流,184470363,23.364,109.3625914,23.113861
WY003,172,未记录,河流,184470363,23.364,109.3627407,23.1138689
WY003,173,未记录,河流,184470363,23.364,109.3628621,23.1139212
WY003,174,未记录,河流,184470363,23.364,109.3632853,23.1141148
WY003,175,未记录,河流,184470363,23.364,109.3640846,23.1144503
WY003,176,未记录,河流,184470363,23.364,109.3643187,23.1145492
WY003,177,未记录,河流,184470363,23.364,109.3645524,23.1145523
WY003,178,未记录,河流,184470363,23.364,109.3647056,23.1145352
WY003,179,未记录,河流,184470363,23.364,109.3648303,23.1144503
WY003,180,未记录,河流,184470363,23.364,109.3649218,23.1143468
WY003,181,未记录,河流,184470363,23.364,109.3649843,23.1141768
WY003,182,未记录,河流,184470363,23.364,109.3648893,23.1137448
WY003,183,未记录,河流,184470363,23.364,109.3647874,23.1134894
WY003,184,未记录,河流,184470363,23.364,109.3644279,23.1131724
WY003,185,未记录,河流,184470363,23.364,109.3640151,23.1127961
WY003,186,未记录,河流,184470363,23.364,109.363988,23.1124866
WY003,187,未记录,河流,184470363,23.364,109.3641397,23.1119556
WY003,188,未记录,河流,184470363,23.364,109.3643904,23.1117614
WY003,189,未记录,河流,184470363,23.364,109.3647725,23.1114674
WY003,190,未记录,河流,184470363,23.364,109.365415,23.1113765
WY003,191,未记录,河流,184470363,23.364,109.3659997,23.1113765
WY003,192,未记录,河流,184470363,23.364,109.3664396,23.1114357
WY003,193,未记录,河流,184470363,23.364,109.3667132,23.1113864
WY003,194,未记录,河流,184470363,23.364,109.367004,23.1112066
WY003,195,未记录,河流,184470363,23.364,109.3672281,23.110671
WY003,196,未记录,河流,184470363,23.364,109.3673676,23.1103157
WY003,197,未记录,河流,184470363,23.364,109.3673998,23.1100542
WY003,198,未记录,河流,184470363,23.364,109.3673412,23.1094446
WY003,199,未记录,河流,184470363,23.364,109.367035,23.1087961
WY003,200,未记录,河流,184470363,23.364,109.366716,23.1086427
WY003,201,未记录,河流,184470363,23.364,109.3665529,23.108388
WY003,202,未记录,河流,184470363,23.364,109.3665301,23.1082205
WY003,203,未记录,河流,184470363,23.364,109.36656,23.1080255
WY003,204,未记录,河流,184470363,23.364,109.366807,23.1078123
WY003,205,未记录,河流,184470363,23.364,109.3670277,23.1077807
WY003,206,未记录,河流,184470363,23.364,109.3673267,23.1077495
WY003,207,未记录,河流,184470363,23.364,109.3676567,23.1078158
WY003,208,未记录,河流,184470363,23.364,109.3681861,23.1079389
WY003,209,未记录,河流,184470363,23.364,109.3683111,23.1079519
WY003,210,未记录,河流,184470363,23.364,109.3684267,23.1079205
WY003,211,未记录,河流,184470363,23.364,109.3685595,23.1078019
WY003,212,未记录,河流,184470363,23.364,109.3687226,23.107589
WY003,213,未记录,河流,184470363,23.364,109.3687046,23.1071941
WY003,214,未记录,河流,184470363,23.364,109.3686082,23.1065596
WY003,215,未记录,河流,184470363,23.364,109.3683698,23.1062318
WY003,216,未记录,河流,184470363,23.364,109.3681043,23.1059562
WY003,217,未记录,河流,184470363,23.364,109.3679981,23.1056038
WY003,218,未记录,河流,184470363,23.364,109.368034,23.1053532
WY003,219,未记录,河流,184470363,23.364,109.3682259,23.1051547
WY003,220,未记录,河流,184470363,23.364,109.3686014,23.104839
WY003,221,未记录,河流,184470363,23.364,109.3689662,23.1047304
WY003,222,未记录,河流,184470363,23.364,109.3691701,23.1045676
WY003,223,未记录,河流,184470363,23.364,109.3692786,23.1042756
WY003,224,未记录,河流,184470363,23.364,109.3696314,23.1038028
WY003,225,未记录,河流,184470363,23.364,109.3703497,23.1031876
WY003,226,未记录,河流,184470363,23.364,109.3708089,23.1026312
WY003,227,未记录,河流,184470363,23.364,109.3710365,23.1025998
WY003,228,未记录,河流,184470363,23.364,109.3713003,23.1026773
WY003,229,未记录,河流,184470363,23.364,109.3716927,23.1030325
WY003,230,未记录,河流,184470363,23.364,109.3720821,23.1033367
WY003,231,未记录,河流,184470363,23.364,109.3724551,23.1036012
WY003,232,未记录,河流,184470363,23.364,109.3728231,23.1037547
WY003,233,未记录,河流,184470363,23.364,109.3729786,23.1038035
WY003,234,未记录,河流,184470363,23.364,109.3731559,23.103789
WY003,235,未记录,河流,184470363,23.364,109.3736064,23.103714
WY003,236,未记录,河流,184470363,23.364,109.3739712,23.1034377
WY003,237,未记录,河流,184470363,23.364,109.374313,23.1030446
WY003,238,未记录,河流,184470363,23.364,109.3743859,23.1026208
WY003,239,未记录,河流,184470363,23.364,109.3744203,23.1022152
WY003,240,未记录,河流,184470363,23.364,109.3742797,23.1019574
WY003,241,未记录,河流,184470363,23.364,109.3740866,23.101612
WY003,242,未记录,河流,184470363,23.364,109.3737393,23.1011235
WY003,243,未记录,河流,184470363,23.364,109.3736381,23.1006386
WY003,244,未记录,河流,184470363,23.364,109.3734884,23.1003143
WY003,245,未记录,河流,184470363,23.364,109.3732095,23.0999047
WY003,246,未记录,河流,184470363,23.364,109.3731532,23.0997029
WY003,247,未记录,河流,184470363,23.364,109.3732972,23.0995364
WY003,248,未记录,河流,184470363,23.364,109.3734717,23.0994213
WY003,249,未记录,河流,184470363,23.364,109.3736763,23.0992726
WY003,250,未记录,河流,184470363,23.364,109.373851,23.0992503
WY003,251,未记录,河流,184470363,23.364,109.3740786,23.099348
WY003,252,未记录,河流,184470363,23.364,109.3744959,23.0994736
WY003,253,未记录,河流,184470363,23.364,109.3749662,23.0995364
WY003,254,未记录,河流,184470363,23.364,109.3753395,23.0994785
WY003,255,未记录,河流,184470363,23.364,109.375687,23.0993794
WY003,256,未记录,河流,184470363,23.364,109.3758083,23.0991108
WY003,257,未记录,河流,184470363,23.364,109.3759548,23.0988171
WY003,258,未记录,河流,184470363,23.364,109.3758541,23.0983307
WY003,259,未记录,河流,184470363,23.364,109.3758349,23.0978617
WY003,260,未记录,河流,184470363,23.364,109.3757628,23.0974709
WY003,261,未记录,河流,184470363,23.364,109.3756341,23.0972293
WY003,262,未记录,河流,184470363,23.364,109.3757666,23.0970103
WY003,263,未记录,河流,184470363,23.364,109.3760354,23.096809
WY003,264,未记录,河流,184470363,23.364,109.3763318,23.0965393
WY003,265,未记录,河流,184470363,23.364,109.3767073,23.0963962
WY003,266,未记录,河流,184470363,23.364,109.3771786,23.0961564
WY003,267,未记录,河流,184470363,23.364,109.3775164,23.0951078
WY003,268,未记录,河流,184470363,23.364,109.377447,23.0941806
WY003,269,未记录,河流,184470363,23.364,109.3774849,23.0939817
WY003,270,未记录,河流,184470363,23.364,109.3774508,23.0937095
WY003,271,未记录,河流,184470363,23.364,109.377428,23.0935386
WY003,272,未记录,河流,184470363,23.364,109.3773239,23.0933157
WY003,273,未记录,河流,184470363,23.364,109.3770373,23.0929803
WY003,274,未记录,河流,184470363,23.364,109.3768818,23.0927814
WY003,275,未记录,河流,184470363,23.364,109.3768135,23.0926732
WY003,276,未记录,河流,184470363,23.364,109.3768224,23.0925438
WY003,277,未记录,河流,184470363,23.364,109.3768249,23.0922964
WY003,278,未记录,河流,184470363,23.364,109.3769253,23.0920787
WY003,279,未记录,河流,184470363,23.364,109.3773454,23.0920042
WY003,280,未记录,河流,184470363,23.364,109.3776727,23.0922465
WY003,281,未记录,河流,184470363,23.364,109.377898,23.0923846
WY003,282,未记录,河流,184470363,23.364,109.378225,23.0925766
WY004,1,蒙公河,河流,206615956,11.611,109.378225,23.0925766
WY004,2,蒙公河,河流,206615956,11.611,109.3800783,23.0895105
WY004,3,蒙公河,河流,206615956,11.611,109.3810009,23.0884544
WY004,4,蒙公河,河流,206615956,11.611,109.3812132,23.0875585
WY004,5,蒙公河,河流,206615956,11.611,109.3816209,23.0866505
WY004,6,蒙公河,河流,206615956,11.611,109.3824685,23.0859991
WY004,7,蒙公河,河流,206615956,11.611,109.3831682,23.0855626
WY004,8,蒙公河,河流,206615956,11.611,109.3849468,23.0855155
WY004,9,蒙公河,河流,206615956,11.611,109.3855929,23.0852074
WY004,10,蒙公河,河流,206615956,11.611,109.3864167,23.0845582
WY004,11,蒙公河,河流,206615956,11.611,109.3870604,23.0842325
WY004,12,蒙公河,河流,206615956,11.611,109.3877792,23.0840943
WY004,13,蒙公河,河流,206615956,11.611,109.3891602,23.0829085
WY004,14,蒙公河,河流,206615956,11.611,109.3898053,23.0817339
WY004,15,蒙公河,河流,206615956,11.611,109.3902006,23.0808748
WY004,16,蒙公河,河流,206615956,11.611,109.3901012,23.0802264
WY004,17,蒙公河,河流,206615956,11.611,109.3898023,23.0795398
WY004,18,蒙公河,河流,206615956,11.611,109.3894487,23.0788864
WY004,19,蒙公河,河流,206615956,11.611,109.3890694,23.0785514
WY004,20,蒙公河,河流,206615956,11.611,109.3886901,23.0780977
WY004,21,蒙公河,河流,206615956,11.611,109.3880927,23.0778049
WY004,22,蒙公河,河流,206615956,11.611,109.3877041,23.0775998
WY004,23,蒙公河,河流,206615956,11.611,109.3872106,23.0774419
WY004,24,蒙公河,河流,206615956,11.611,109.3868887,23.0769089
WY004,25,蒙公河,河流,206615956,11.611,109.3866312,23.0760304
WY004,26,蒙公河,河流,206615956,11.611,109.386245,23.0756652
WY004,27,蒙公河,河流,206615956,11.611,109.3860733,23.0753691
WY004,28,蒙公河,河流,206615956,11.611,109.3862688,23.074676
WY004,29,蒙公河,河流,206615956,11.611,109.3861753,23.0739576
WY004,30,蒙公河,河流,206615956,11.611,109.3859607,23.0737405
WY004,31,蒙公河,河流,206615956,11.611,109.385921,23.0735193
WY004,32,蒙公河,河流,206615956,11.611,109.386068,23.0731532
WY004,33,蒙公河,河流,206615956,11.611,109.3863611,23.0727934
WY004,34,蒙公河,河流,206615956,11.611,109.3865583,23.0724898
WY004,35,蒙公河,河流,206615956,11.611,109.3868087,23.0722315
WY004,36,蒙公河,河流,206615956,11.611,109.3871107,23.0721392
WY004,37,蒙公河,河流,206615956,11.611,109.3874346,23.0720151
WY004,38,蒙公河,河流,206615956,11.611,109.3876508,23.0718721
WY004,39,蒙公河,河流,206615956,11.611,109.3882461,23.0715773
WY004,40,蒙公河,河流,206615956,11.611,109.3884122,23.0715591
WY004,41,蒙公河,河流,206615956,11.611,109.3886483,23.0715862
WY004,42,蒙公河,河流,206615956,11.611,109.3888977,23.0716504
WY004,43,蒙公河,河流,206615956,11.611,109.3892223,23.071828
WY004,44,蒙公河,河流,206615956,11.611,109.389689,23.0720699
WY004,45,蒙公河,河流,206615956,11.611,109.3903995,23.0721985
WY004,46,蒙公河,河流,206615956,11.611,109.3913305,23.072329
WY004,47,蒙公河,河流,206615956,11.611,109.3920761,23.072097
WY004,48,蒙公河,河流,206615956,11.611,109.3925482,23.0721859
WY004,49,蒙公河,河流,206615956,11.611,109.3928862,23.072176
WY004,50,蒙公河,河流,206615956,11.611,109.393149,23.0721168
WY004,51,蒙公河,河流,206615956,11.611,109.3934035,23.071927
WY004,52,蒙公河,河流,206615956,11.611,109.3935884,23.0712108
WY004,53,蒙公河,河流,206615956,11.611,109.3940385,23.0704552
WY004,54,蒙公河,河流,206615956,11.611,109.394275,23.0699884
WY004,55,蒙公河,河流,206615956,11.611,109.3943496,23.0695339
WY004,56,蒙公河,河流,206615956,11.611,109.3941599,23.068459
WY004,57,蒙公河,河流,206615956,11.611,109.3943309,23.0675235
WY004,58,蒙公河,河流,206615956,11.611,109.3942882,23.0656565
WY004,59,蒙公河,河流,206615956,11.611,109.3941294,23.0642026
WY004,60,蒙公河,河流,206615956,11.611,109.3934587,23.0638169
WY004,61,蒙公河,河流,206615956,11.611,109.3933749,23.0631998
WY004,62,蒙公河,河流,206615956,11.611,109.3938416,23.0618168
WY004,63,蒙公河,河流,206615956,11.611,109.3942058,23.0612932
WY004,64,蒙公河,河流,206615956,11.611,109.3945733,23.060934
WY004,65,蒙公河,河流,206615956,11.611,109.3949253,23.0604717
WY004,66,蒙公河,河流,206615956,11.611,109.3955278,23.060136
WY004,67,蒙公河,河流,206615956,11.611,109.3967339,23.0595622
WY004,68,蒙公河,河流,206615956,11.611,109.3972779,23.0594512
WY004,69,蒙公河,河流,206615956,11.611,109.3976573,23.059371
WY004,70,蒙公河,河流,206615956,11.611,109.3979987,23.0593884
WY004,71,蒙公河,河流,206615956,11.611,109.3983303,23.0594649
WY004,72,蒙公河,河流,206615956,11.611,109.3988066,23.0596083
WY004,73,蒙公河,河流,206615956,11.611,109.3992551,23.0598435
WY004,74,蒙公河,河流,206615956,11.611,109.4010516,23.0609508
WY004,75,蒙公河,河流,206615956,11.611,109.4030057,23.0615348
WY004,76,蒙公河,河流,206615956,11.611,109.4041057,23.0618071
WY004,77,蒙公河,河流,206615956,11.611,109.4050848,23.0619359
WY004,78,蒙公河,河流,206615956,11.611,109.4079374,23.0616372
WY004,79,蒙公河,河流,206615956,11.611,109.4108489,23.0621904
WY004,80,蒙公河,河流,206615956,11.611,109.4110625,23.062177
WY004,81,蒙公河,河流,206615956,11.611,109.4113207,23.0620313
WY004,82,蒙公河,河流,206615956,11.611,109.4120043,23.060735
WY004,83,蒙公河,河流,206615956,11.611,109.4126911,23.060012
WY004,84,蒙公河,河流,206615956,11.611,109.4134924,23.0595164
WY004,85,蒙公河,河流,206615956,11.611,109.4138126,23.0594094
WY004,86,蒙公河,河流,206615956,11.611,109.4141274,23.0593326
WY004,87,蒙公河,河流,206615956,11.611,109.4144258,23.0593377
WY004,88,蒙公河,河流,206615956,11.611,109.4146711,23.0594274
WY004,89,蒙公河,河流,206615956,11.611,109.4148761,23.0596293
WY004,90,蒙公河,河流,206615956,11.611,109.4161454,23.0611021
WY004,91,蒙公河,河流,206615956,11.611,109.4163351,23.0612696
WY004,92,蒙公河,河流,206615956,11.611,109.4164906,23.0613083
WY004,93,蒙公河,河流,206615956,11.611,109.4167865,23.0613219
WY004,94,蒙公河,河流,206615956,11.611,109.4170904,23.0612389
WY004,95,蒙公河,河流,206615956,11.611,109.4180509,23.060965
WY004,96,蒙公河,河流,206615956,11.611,109.4184798,23.060844
WY004,97,蒙公河,河流,206615956,11.611,109.4189334,23.0605367
WY004,98,蒙公河,河流,206615956,11.611,109.4191989,23.0603587
WY004,99,蒙公河,河流,206615956,11.611,109.4194152,23.0602575
WY004,100,蒙公河,河流,206615956,11.611,109.4197283,23.0602198
WY004,101,蒙公河,河流,206615956,11.611,109.4199993,23.0602679
WY004,102,蒙公河,河流,206615956,11.611,109.4202125,23.0603751
WY004,103,蒙公河,河流,206615956,11.611,109.4204163,23.0605725
WY004,104,蒙公河,河流,206615956,11.611,109.4206416,23.0608687
WY004,105,蒙公河,河流,206615956,11.611,109.4208371,23.0612514
WY004,106,蒙公河,河流,206615956,11.611,109.420985,23.061609
WY004,107,蒙公河,河流,206615956,11.611,109.4210815,23.0618854
WY004,108,蒙公河,河流,206615956,11.611,109.4210708,23.0621618
WY004,109,蒙公河,河流,206615956,11.611,109.4208348,23.0629614
WY004,110,蒙公河,河流,206615956,11.611,109.4206953,23.0636623
WY004,111,蒙公河,河流,206615956,11.611,109.4207597,23.0640473
WY004,112,蒙公河,河流,206615956,11.611,109.420824,23.0645606
WY004,113,蒙公河,河流,206615956,11.611,109.420948,23.0648864
WY004,114,蒙公河,河流,206615956,11.611,109.42138,23.065667
WY004,115,蒙公河,河流,206615956,11.611,109.4217882,23.0662329
WY004,116,蒙公河,河流,206615956,11.611,109.4222297,23.0670072
WY004,117,蒙公河,河流,206615956,11.611,109.4224725,23.0673143
WY004,118,蒙公河,河流,206615956,11.611,109.4227077,23.0674469
WY004,119,蒙公河,河流,206615956,11.611,109.4231856,23.0673771
WY004,120,蒙公河,河流,206615956,11.611,109.4240236,23.0674012
WY004,121,蒙公河,河流,206615956,11.611,109.4251884,23.0675167
WY004,122,蒙公河,河流,206615956,11.611,109.4260835,23.0675591
WY004,123,蒙公河,河流,206615956,11.611,109.4277718,23.0671019
WY004,124,蒙公河,河流,206615956,11.611,109.4283986,23.0671567
WY004,125,蒙公河,河流,206615956,11.611,109.4289994,23.0673837
WY004,126,蒙公河,河流,206615956,11.611,109.4297742,23.0676381
WY004,127,蒙公河,河流,206615956,11.611,109.4305015,23.0677489
WY004,128,蒙公河,河流,206615956,11.611,109.4312441,23.0681021
WY004,129,蒙公河,河流,206615956,11.611,109.4317245,23.0684794
WY004,130,蒙公河,河流,206615956,11.611,109.4321322,23.0690519
WY004,131,蒙公河,河流,206615956,11.611,109.4323683,23.0694369
WY004,132,蒙公河,河流,206615956,11.611,109.4326603,23.0695729
WY004,133,蒙公河,河流,206615956,11.611,109.435506,23.0706716
WY004,134,蒙公河,河流,206615956,11.611,109.4367957,23.0713137
WY004,135,蒙公河,河流,206615956,11.611,109.437378,23.0717553
WY004,136,蒙公河,河流,206615956,11.611,109.4380331,23.0723981
WY004,137,蒙公河,河流,206615956,11.611,109.4386661,23.0732864
WY004,138,蒙公河,河流,206615956,11.611,109.4388163,23.0734616
WY004,139,蒙公河,河流,206615956,11.611,109.4389987,23.0735826
WY004,140,蒙公河,河流,206615956,11.611,109.4391033,23.0736196
WY004,141,蒙公河,河流,206615956,11.611,109.4392106,23.0736245
WY004,142,蒙公河,河流,206615956,11.611,109.4394547,23.0736344
WY004,143,蒙公河,河流,206615956,11.611,109.4397041,23.073585
WY004,144,蒙公河,河流,206615956,11.611,109.4398996,23.0735186
WY004,145,蒙公河,河流,206615956,11.611,109.4404364,23.0732272
WY004,146,蒙公河,河流,206615956,11.611,109.4408696,23.0730307
WY004,147,蒙公河,河流,206615956,11.611,109.4413268,23.0729114
WY004,148,蒙公河,河流,206615956,11.611,109.4418027,23.0727724
WY004,149,蒙公河,河流,206615956,11.611,109.4422519,23.0727018
WY004,150,蒙公河,河流,206615956,11.611,109.4432902,23.0726449
WY004,151,蒙公河,河流,206615956,11.611,109.4445133,23.0726942
WY004,152,蒙公河,河流,206615956,11.611,109.4450943,23.07268965663507
WY005,1,未记录,溪流,206615957,4.276,109.40243345285155,23.2247021
WY005,2,未记录,溪流,206615957,4.276,109.4024067,23.2244355
WY005,3,未记录,溪流,206615957,4.276,109.4020682,23.2240326
WY005,4,未记录,溪流,206615957,4.276,109.4023605,23.2229018
WY005,5,未记录,溪流,206615957,4.276,109.4020298,23.2226403
WY005,6,未记录,溪流,206615957,4.276,109.4018375,23.2226756
WY005,7,未记录,溪流,206615957,4.276,109.4018375,23.222923
WY005,8,未记录,溪流,206615957,4.276,109.4015453,23.2228452
WY005,9,未记录,溪流,206615957,4.276,109.4013991,23.2227887
WY005,10,未记录,溪流,206615957,4.276,109.4011069,23.2228806
WY005,11,未记录,溪流,206615957,4.276,109.4006992,23.2227039
WY005,12,未记录,溪流,206615957,4.276,109.4005531,23.2225696
WY005,13,未记录,溪流,206615957,4.276,109.400607,23.2223293
WY005,14,未记录,溪流,206615957,4.276,109.400207,23.2222727
WY005,15,未记录,溪流,206615957,4.276,109.3996917,23.2222869
WY005,16,未记录,溪流,206615957,4.276,109.3994764,23.2222021
WY005,17,未记录,溪流,206615957,4.276,109.3993918,23.2219264
WY005,18,未记录,溪流,206615957,4.276,109.3995533,23.2213327
WY005,19,未记录,溪流,206615957,4.276,109.3994918,23.2211348
WY005,20,未记录,溪流,206615957,4.276,109.3988919,23.2206259
WY005,21,未记录,溪流,206615957,4.276,109.3979689,23.2202584
WY005,22,未记录,溪流,206615957,4.276,109.3976998,23.2197495
WY005,23,未记录,溪流,206615957,4.276,109.3973537,23.2194314
WY005,24,未记录,溪流,206615957,4.276,109.3973075,23.2192264
WY005,25,未记录,溪流,206615957,4.276,109.3974613,23.2190568
WY005,26,未记录,溪流,206615957,4.276,109.3983689,23.2189296
WY005,27,未记录,溪流,206615957,4.276,109.3988073,23.2184984
WY005,28,未记录,溪流,206615957,4.276,109.3984535,23.217827
WY005,29,未记录,溪流,206615957,4.276,109.3987227,23.2171272
WY005,30,未记录,溪流,206615957,4.276,109.3994379,23.214314
WY005,31,未记录,溪流,206615957,4.276,109.3997994,23.2139748
WY005,32,未记录,溪流,206615957,4.276,109.4001532,23.2138193
WY005,33,未记录,溪流,206615957,4.276,109.4004993,23.2134093
WY005,34,未记录,溪流,206615957,4.276,109.4005839,23.2125257
WY005,35,未记录,溪流,206615957,4.276,109.4009146,23.2123278
WY005,36,未记录,溪流,206615957,4.276,109.4013837,23.2112676
WY005,37,未记录,溪流,206615957,4.276,109.4024528,23.2099387
WY005,38,未记录,溪流,206615957,4.276,109.4036449,23.208631
WY005,39,未记录,溪流,206615957,4.276,109.4037757,23.2079241
WY005,40,未记录,溪流,206615957,4.276,109.4040448,23.2050896
WY005,41,未记录,溪流,206615957,4.276,109.4041756,23.2035627
WY005,42,未记录,溪流,206615957,4.276,109.4044932,23.2014067
WY005,43,未记录,溪流,206615957,4.276,109.4048266,23.2009355
WY005,44,未记录,溪流,206615957,4.276,109.4044902,23.2005743
WY005,45,未记录,溪流,206615957,4.276,109.403791,23.2000211
WY005,46,未记录,溪流,206615957,4.276,109.4035372,23.1998939
WY005,47,未记录,溪流,206615957,4.276,109.4031681,23.1999787
WY005,48,未记录,溪流,206615957,4.276,109.4027527,23.1996818
WY005,49,未记录,溪流,206615957,4.276,109.4025528,23.1994132
WY005,50,未记录,溪流,206615957,4.276,109.4022374,23.1991163
WY005,51,未记录,溪流,206615957,4.276,109.4028989,23.1971581
WY005,52,未记录,溪流,206615957,4.276,109.4030527,23.1968612
WY005,53,未记录,溪流,206615957,4.276,109.4034449,23.1966774
WY005,54,未记录,溪流,206615957,4.276,109.4036603,23.1963452
WY005,55,未记录,溪流,206615957,4.276,109.4042063,23.1958786
WY005,56,未记录,溪流,206615957,4.276,109.4043679,23.1953484
WY005,57,未记录,溪流,206615957,4.276,109.4042525,23.1948323
WY006,1,蒙公河,河流,377647689,12.906,109.3917181,23.1752573
WY006,2,蒙公河,河流,377647689,12.906,109.3920761,23.1735636
WY006,3,蒙公河,河流,377647689,12.906,109.3924516,23.1731099
WY006,4,蒙公河,河流,377647689,12.906,109.3921183,23.1722035
WY006,5,蒙公河,河流,377647689,12.906,109.3934937,23.1700569
WY006,6,蒙公河,河流,377647689,12.906,109.3941662,23.1688845
WY006,7,蒙公河,河流,377647689,12.906,109.3944526,23.1683854
WY006,8,蒙公河,河流,377647689,12.906,109.3951933,23.166843
WY006,9,蒙公河,河流,377647689,12.906,109.3955201,23.1666395
WY006,10,蒙公河,河流,377647689,12.906,109.3955952,23.1664866
WY006,11,蒙公河,河流,377647689,12.906,109.3951875,23.1657814
WY006,12,蒙公河,河流,377647689,12.906,109.3951765,23.1650917
WY006,13,蒙公河,河流,377647689,12.906,109.3951707,23.1647245
WY006,14,蒙公河,河流,377647689,12.906,109.3957033,23.1621724
WY006,15,蒙公河,河流,377647689,12.906,109.3956651,23.1614422
WY006,16,蒙公河,河流,377647689,12.906,109.3954921,23.1581352
WY006,17,蒙公河,河流,377647689,12.906,109.3951121,23.1565436
WY006,18,蒙公河,河流,377647689,12.906,109.3949032,23.1560455
WY006,19,蒙公河,河流,377647689,12.906,109.3942115,23.1555848
WY006,20,蒙公河,河流,377647689,12.906,109.392854,23.1555868
WY006,21,蒙公河,河流,377647689,12.906,109.3918739,23.1555621
WY006,22,蒙公河,河流,377647689,12.906,109.389623,23.1536858
WY006,23,蒙公河,河流,377647689,12.906,109.3885413,23.1536596
WY006,24,蒙公河,河流,377647689,12.906,109.3865851,23.1545621
WY006,25,蒙公河,河流,377647689,12.906,109.3852434,23.1545017
WY006,26,蒙公河,河流,377647689,12.906,109.3841344,23.1537097
WY006,27,蒙公河,河流,377647689,12.906,109.3833744,23.1523121
WY006,28,蒙公河,河流,377647689,12.906,109.3825722,23.1494004
WY006,29,蒙公河,河流,377647689,12.906,109.3816433,23.1474981
WY006,30,蒙公河,河流,377647689,12.906,109.3813477,23.1455181
WY006,31,蒙公河,河流,377647689,12.906,109.3826566,23.1421404
WY006,32,蒙公河,河流,377647689,12.906,109.3838811,23.1414416
WY006,33,蒙公河,河流,377647689,12.906,109.3843877,23.140471
WY006,34,蒙公河,河流,377647689,12.906,109.3844321,23.139537
WY006,35,蒙公河,河流,377647689,12.906,109.3839358,23.13832
WY006,36,蒙公河,河流,377647689,12.906,109.3832189,23.1375762
WY006,37,蒙公河,河流,377647689,12.906,109.3828145,23.1367479
WY006,38,蒙公河,河流,377647689,12.906,109.383052,23.1356323
WY006,39,蒙公河,河流,377647689,12.906,109.3833507,23.1346518
WY006,40,蒙公河,河流,377647689,12.906,109.384106,23.1335757
WY006,41,蒙公河,河流,377647689,12.906,109.3848182,23.1324543
WY006,42,蒙公河,河流,377647689,12.906,109.3859946,23.1320305
WY006,43,蒙公河,河流,377647689,12.906,109.3862704,23.1310174
WY006,44,蒙公河,河流,377647689,12.906,109.3861233,23.1303288
WY006,45,蒙公河,河流,377647689,12.906,109.3853835,23.129599
WY006,46,蒙公河,河流,377647689,12.906,109.3844244,23.1290945
WY006,47,蒙公河,河流,377647689,12.906,109.3843586,23.1283972
WY006,48,蒙公河,河流,377647689,12.906,109.3847171,23.1280859
WY006,49,蒙公河,河流,377647689,12.906,109.3853161,23.1279917
WY006,50,蒙公河,河流,377647689,12.906,109.3870798,23.1282636
WY006,51,蒙公河,河流,377647689,12.906,109.3878381,23.1279464
WY006,52,蒙公河,河流,377647689,12.906,109.3886199,23.1275519
WY006,53,蒙公河,河流,377647689,12.906,109.3894529,23.1274896
WY006,54,蒙公河,河流,377647689,12.906,109.3902986,23.1274069
WY006,55,蒙公河,河流,377647689,12.906,109.3906688,23.1275159
WY006,56,蒙公河,河流,377647689,12.906,109.390981,23.1276786
WY006,57,蒙公河,河流,377647689,12.906,109.391427,23.1277067
WY006,58,蒙公河,河流,377647689,12.906,109.3918669,23.1278498
WY006,59,蒙公河,河流,377647689,12.906,109.3921208,23.1278591
WY006,60,蒙公河,河流,377647689,12.906,109.3922639,23.1278103
WY006,61,蒙公河,河流,377647689,12.906,109.3924195,23.1276623
WY006,62,蒙公河,河流,377647689,12.906,109.3925978,23.1272619
WY006,63,蒙公河,河流,377647689,12.906,109.3926616,23.1270626
WY006,64,蒙公河,河流,377647689,12.906,109.3926899,23.1267612
WY006,65,蒙公河,河流,377647689,12.906,109.392696,23.1260189
WY006,66,蒙公河,河流,377647689,12.906,109.3926161,23.1256568
WY006,67,蒙公河,河流,377647689,12.906,109.3925706,23.1253533
WY006,68,蒙公河,河流,377647689,12.906,109.3927777,23.1247304
WY006,69,蒙公河,河流,377647689,12.906,109.3929613,23.1244803
WY006,70,蒙公河,河流,377647689,12.906,109.3933207,23.1241843
WY006,71,蒙公河,河流,377647689,12.906,109.3935192,23.1240462
WY006,72,蒙公河,河流,377647689,12.906,109.3936639,23.1238343
WY006,73,蒙公河,河流,377647689,12.906,109.3937284,23.123538
WY006,74,蒙公河,河流,377647689,12.906,109.3938316,23.1231884
WY006,75,蒙公河,河流,377647689,12.906,109.3936586,23.1225513
WY006,76,蒙公河,河流,377647689,12.906,109.3934938,23.1220374
WY006,77,蒙公河,河流,377647689,12.906,109.3930954,23.1214166
WY006,78,蒙公河,河流,377647689,12.906,109.3928527,23.1208948
WY006,79,蒙公河,河流,377647689,12.906,109.3923071,23.1201597
WY006,80,蒙公河,河流,377647689,12.906,109.3919826,23.1198414
WY006,81,蒙公河,河流,377647689,12.906,109.3914522,23.1192838
WY006,82,蒙公河,河流,377647689,12.906,109.3910343,23.119046
WY006,83,蒙公河,河流,377647689,12.906,109.3908869,23.1184763
WY006,84,蒙公河,河流,377647689,12.906,109.3907833,23.1176572
WY006,85,蒙公河,河流,377647689,12.906,109.3906156,23.1171823
WY006,86,蒙公河,河流,377647689,12.906,109.3905258,23.1167593
WY006,87,蒙公河,河流,377647689,12.906,109.3907005,23.1160729
WY006,88,蒙公河,河流,377647689,12.906,109.3909228,23.1154025
WY006,89,蒙公河,河流,377647689,12.906,109.3910086,23.1150868
WY006,90,蒙公河,河流,377647689,12.906,109.3912374,23.1148
WY006,91,蒙公河,河流,377647689,12.906,109.3918586,23.1137736
WY006,92,蒙公河,河流,377647689,12.906,109.3920501,23.1120308
WY006,93,蒙公河,河流,377647689,12.906,109.3920956,23.1102596
WY006,94,蒙公河,河流,377647689,12.906,109.391824,23.109773
WY006,95,蒙公河,河流,377647689,12.906,109.3917113,23.1095559
WY006,96,蒙公河,河流,377647689,12.906,109.3916416,23.1090033
WY006,97,蒙公河,河流,377647689,12.906,109.3912019,23.1076921
WY006,98,蒙公河,河流,377647689,12.906,109.3912983,23.1072369
WY006,99,蒙公河,河流,377647689,12.906,109.3915107,23.1069715
WY006,100,蒙公河,河流,377647689,12.906,109.3916684,23.1067978
WY006,101,蒙公河,河流,377647689,12.906,109.392162,23.1065511
WY006,102,蒙公河,河流,377647689,12.906,109.3926233,23.1064228
WY006,103,蒙公河,河流,377647689,12.906,109.3934601,23.1060922
WY006,104,蒙公河,河流,377647689,12.906,109.3937766,23.1059146
WY006,105,蒙公河,河流,377647689,12.906,109.3939348,23.1055156
WY006,106,蒙公河,河流,377647689,12.906,109.3937659,23.1051942
WY006,107,蒙公河,河流,377647689,12.906,109.3937981,23.104686
WY006,108,蒙公河,河流,377647689,12.906,109.3941263,23.1040781
WY006,109,蒙公河,河流,377647689,12.906,109.3940765,23.1039047
WY006,110,蒙公河,河流,377647689,12.906,109.3938489,23.1036465
WY006,111,蒙公河,河流,377647689,12.906,109.3932495,23.1033674
WY006,112,蒙公河,河流,377647689,12.906,109.3922341,23.1029756
WY006,113,蒙公河,河流,377647689,12.906,109.3911709,23.1027673
WY006,114,蒙公河,河流,377647689,12.906,109.3902176,23.1025925
WY006,115,蒙公河,河流,377647689,12.906,109.3896839,23.1021323
WY006,116,蒙公河,河流,377647689,12.906,109.389168,23.1015741
WY006,117,蒙公河,河流,377647689,12.906,109.3879563,23.1009113
WY006,118,蒙公河,河流,377647689,12.906,109.3866152,23.0997468
WY006,119,蒙公河,河流,377647689,12.906,109.3860603,23.0994272
WY006,120,蒙公河,河流,377647689,12.906,109.3856281,23.0993817
WY006,121,蒙公河,河流,377647689,12.906,109.3848556,23.0994064
WY006,122,蒙公河,河流,377647689,12.906,109.3838907,23.0992419
WY006,123,蒙公河,河流,377647689,12.906,109.3833375,23.0989228
WY006,124,蒙公河,河流,377647689,12.906,109.3829196,23.0987808
WY006,125,蒙公河,河流,377647689,12.906,109.3824363,23.098755
WY006,126,蒙公河,河流,377647689,12.906,109.381814,23.0987353
WY006,127,蒙公河,河流,377647689,12.906,109.3813741,23.0985527
WY006,128,蒙公河,河流,377647689,12.906,109.3811971,23.0982616
WY006,129,蒙公河,河流,377647689,12.906,109.3811894,23.0977874
WY006,130,蒙公河,河流,377647689,12.906,109.3809404,23.097329
WY006,131,蒙公河,河流,377647689,12.906,109.3806181,23.096801
WY006,132,蒙公河,河流,377647689,12.906,109.3803881,23.0962532
WY006,133,蒙公河,河流,377647689,12.906,109.3800044,23.0946944
WY006,134,蒙公河,河流,377647689,12.906,109.3793284,23.0942329
WY006,135,蒙公河,河流,377647689,12.906,109.3786839,23.0936406
WY006,136,蒙公河,河流,377647689,12.906,109.378365,23.0930187
WY006,137,蒙公河,河流,377647689,12.906,109.378225,23.0925766
WY007,1,未记录,溪流,387639422,4.338,109.41414090709124,23.2247021
WY007,2,未记录,溪流,387639422,4.338,109.4120741,23.2146962
WY007,3,未记录,溪流,387639422,4.338,109.41414,23.2064041
WY007,4,未记录,溪流,387639422,4.338,109.4141401,23.2030342
WY007,5,未记录,溪流,387639422,4.338,109.4141399,23.2028686
WY007,6,未记录,溪流,387639422,4.338,109.4139898,23.2000437
WY007,7,未记录,溪流,387639422,4.338,109.4137645,23.1993879
WY007,8,未记录,溪流,387639422,4.338,109.4132817,23.1985842
WY007,9,未记录,溪流,387639422,4.338,109.4131422,23.198106
WY007,10,未记录,溪流,387639422,4.338,109.4127881,23.1976573
WY007,11,未记录,溪流,387639422,4.338,109.4125521,23.1970212
WY007,12,未记录,溪流,387639422,4.338,109.4123644,23.19604
WY007,13,未记录,溪流,387639422,4.338,109.4118977,23.1957096
WY007,14,未记录,溪流,387639422,4.338,109.4099986,23.1948172
WY007,15,未记录,溪流,387639422,4.338,109.4098109,23.1945509
WY007,16,未记录,溪流,387639422,4.338,109.4096875,23.1938261
WY007,17,未记录,溪流,387639422,4.338,109.4094408,23.1934168
WY007,18,未记录,溪流,387639422,4.338,109.4090009,23.193402
WY007,19,未记录,溪流,387639422,4.338,109.4086736,23.1935746
WY007,20,未记录,溪流,387639422,4.338,109.4082498,23.1939986
WY007,21,未记录,溪流,387639422,4.338,109.4075417,23.1946643
WY007,22,未记录,溪流,387639422,4.338,109.4069087,23.194615
WY007,23,未记录,溪流,387639422,4.338,109.4061631,23.194186
WY007,24,未记录,溪流,387639422,4.338,109.4059431,23.1943389
WY007,25,未记录,溪流,387639422,4.338,109.4058144,23.1945016
WY007,26,未记录,溪流,387639422,4.338,109.4054335,23.1944523
WY007,27,未记录,溪流,387639422,4.338,109.4048274,23.1945953
WY007,28,未记录,溪流,387639422,4.338,109.4042525,23.1948323
WY008,1,未记录,河流,387692469,4.503,109.4099929,23.0178938
WY008,2,未记录,河流,387692469,4.503,109.4095754,23.021658
WY008,3,未记录,河流,387692469,4.503,109.4090497,23.0260481
WY008,4,未记录,河流,387692469,4.503,109.4082147,23.032843
WY008,5,未记录,河流,387692469,4.503,109.4083539,23.033085
WY008,6,未记录,河流,387692469,4.503,109.4080601,23.0347854
WY008,7,未记录,河流,387692469,4.503,109.4069546,23.045322
WY008,8,未记录,河流,387692469,4.503,109.4068154,23.0466808
WY008,9,未记录,河流,387692469,4.503,109.4066994,23.04725
WY008,10,未记录,河流,387692469,4.503,109.4070473,23.0479045
WY008,11,未记录,河流,387692469,4.503,109.4070473,23.0482388
WY008,12,未记录,河流,387692469,4.503,109.4080601,23.0510702
WY008,13,未记录,河流,387692469,4.503,109.4091657,23.0538873
WY008,14,未记录,河流,387692469,4.503,109.4104104,23.057373
WY008,15,未记录,河流,387692469,4.503,109.410596,23.0575224
WY009,1,未记录,溪流,387692470,0.89,109.4006304,23.0294421
WY009,2,未记录,溪流,387692470,0.89,109.4011716,23.0299117
WY009,3,未记录,溪流,387692470,0.89,109.4016819,23.0300184
WY009,4,未记录,溪流,387692470,0.89,109.4020916,23.0303172
WY009,5,未记录,溪流,387692470,0.89,109.4024472,23.0304097
WY009,6,未记录,溪流,387692470,0.89,109.4026637,23.0305663
WY009,7,未记录,溪流,387692470,0.89,109.4028183,23.0305307
WY009,8,未记录,溪流,387692470,0.89,109.4030194,23.030737
WY009,9,未记录,溪流,387692470,0.89,109.4034368,23.0308366
WY009,10,未记录,溪流,387692470,0.89,109.4039162,23.0311355
WY009,11,未记录,溪流,387692470,0.89,109.4043414,23.0313347
WY009,12,未记录,溪流,387692470,0.89,109.4045115,23.0312208
WY009,13,未记录,溪流,387692470,0.89,109.4060191,23.031911
WY009,14,未记录,溪流,387692470,0.89,109.4071169,23.0323592
WY009,15,未记录,溪流,387692470,0.89,109.4078205,23.0326936
WY009,16,未记录,溪流,387692470,0.89,109.4082147,23.032843
WY010,1,未记录,河流,387692471,3.112,109.4070473,23.0482388
WY010,2,未记录,河流,387692471,3.112,109.406854,23.0483171
WY010,3,未记录,河流,387692471,3.112,109.4062974,23.0481819
WY010,4,未记录,河流,387692471,3.112,109.4059495,23.0481321
WY010,5,未记录,河流,387692471,3.112,109.4058876,23.0483526
WY010,6,未记录,河流,387692471,3.112,109.405965,23.0485447
WY010,7,未记录,河流,387692471,3.112,109.4059418,23.0488506
WY010,8,未记录,河流,387692471,3.112,109.405849,23.0492561
WY010,9,未记录,河流,387692471,3.112,109.4056712,23.0493842
WY010,10,未记录,河流,387692471,3.112,109.4056634,23.0495122
WY010,11,未记录,河流,387692471,3.112,109.4057639,23.0496759
WY010,12,未记录,河流,387692471,3.112,109.4064598,23.049747
WY010,13,未记录,河流,387692471,3.112,109.4066066,23.0498181
WY010,14,未记录,河流,387692471,3.112,109.4065912,23.049932
WY010,15,未记录,河流,387692471,3.112,109.4064366,23.0500316
WY010,16,未记录,河流,387692471,3.112,109.405965,23.0500244
WY010,17,未记录,河流,387692471,3.112,109.405849,23.0501454
WY010,18,未记录,河流,387692471,3.112,109.4060036,23.0502805
WY010,19,未记录,河流,387692471,3.112,109.4067845,23.0505295
WY010,20,未记录,河流,387692471,3.112,109.4067535,23.0507358
WY010,21,未记录,河流,387692471,3.112,109.4066221,23.050935
WY010,22,未记录,河流,387692471,3.112,109.4062587,23.0507358
WY010,23,未记录,河流,387692471,3.112,109.4055939,23.0506078
WY010,24,未记录,河流,387692471,3.112,109.4052923,23.0507003
WY010,25,未记录,河流,387692471,3.112,109.4053233,23.0508568
WY010,26,未记录,河流,387692471,3.112,109.4054779,23.0509848
WY010,27,未记录,河流,387692471,3.112,109.406251,23.0511342
WY010,28,未记录,河流,387692471,3.112,109.406251,23.0512552
WY010,29,未记录,河流,387692471,3.112,109.4061892,23.0513547
WY010,30,未记录,河流,387692471,3.112,109.4053851,23.0513476
WY010,31,未记录,河流,387692471,3.112,109.4053001,23.0514686
WY010,32,未记录,河流,387692471,3.112,109.4054392,23.0516606
WY010,33,未记录,河流,387692471,3.112,109.4058876,23.0518243
WY010,34,未记录,河流,387692471,3.112,109.4058799,23.0519594
WY010,35,未记录,河流,387692471,3.112,109.405733,23.0521515
WY010,36,未记录,河流,387692471,3.112,109.4051841,23.0527918
WY010,37,未记录,河流,387692471,3.112,109.4051841,23.0529909
WY010,38,未记录,河流,387692471,3.112,109.4053619,23.0531048
WY010,39,未记录,河流,387692471,3.112,109.4054624,23.0529127
WY010,40,未记录,河流,387692471,3.112,109.4056557,23.0527491
WY010,41,未记录,河流,387692471,3.112,109.4058876,23.0528558
WY010,42,未记录,河流,387692471,3.112,109.4059186,23.0529981
WY010,43,未记录,河流,387692471,3.112,109.4058413,23.0531688
WY010,44,未记录,河流,387692471,3.112,109.4055861,23.0532257
WY010,45,未记录,河流,387692471,3.112,109.4054856,23.0532968
WY010,46,未记录,河流,387692471,3.112,109.4055629,23.0534818
WY010,47,未记录,河流,387692471,3.112,109.4061428,23.0535387
WY010,48,未记录,河流,387692471,3.112,109.4063283,23.0537521
WY010,49,未记录,河流,387692471,3.112,109.4066453,23.0539228
WY010,50,未记录,河流,387692471,3.112,109.406568,23.0541789
WY010,51,未记录,河流,387692471,3.112,109.4066144,23.0543354
WY010,52,未记录,河流,387692471,3.112,109.4070628,23.054307
WY010,53,未记录,河流,387692471,3.112,109.4070551,23.0544848
WY010,54,未记录,河流,387692471,3.112,109.4067226,23.0547623
WY010,55,未记录,河流,387692471,3.112,109.4068927,23.0548903
WY010,56,未记录,河流,387692471,3.112,109.4073025,23.0548903
WY010,57,未记录,河流,387692471,3.112,109.4077045,23.054684
WY010,58,未记录,河流,387692471,3.112,109.4077663,23.0548192
WY010,59,未记录,河流,387692471,3.112,109.4076813,23.0550255
WY010,60,未记录,河流,387692471,3.112,109.4073643,23.0552673
WY010,61,未记录,河流,387692471,3.112,109.4073566,23.0555306
WY010,62,未记录,河流,387692471,3.112,109.4075344,23.0556444
WY010,63,未记录,河流,387692471,3.112,109.4079828,23.0555234
WY010,64,未记录,河流,387692471,3.112,109.4081065,23.0557511
WY010,65,未记录,河流,387692471,3.112,109.4078746,23.0560214
WY010,66,未记录,河流,387692471,3.112,109.4079132,23.056185
WY010,67,未记录,河流,387692471,3.112,109.4082689,23.0563557
WY010,68,未记录,河流,387692471,3.112,109.4089801,23.056121
WY010,69,未记录,河流,387692471,3.112,109.4090497,23.0563984
WY010,70,未记录,河流,387692471,3.112,109.40881,23.0567897
WY010,71,未记录,河流,387692471,3.112,109.4087559,23.0569817
WY010,72,未记录,河流,387692471,3.112,109.409042,23.0570529
WY010,73,未记录,河流,387692471,3.112,109.409328,23.0569391
WY010,74,未记录,河流,387692471,3.112,109.4094672,23.0570102
WY010,75,未记录,河流,387692471,3.112,109.4095059,23.0573801
WY010,76,未记录,河流,387692471,3.112,109.4093667,23.0575864
WY010,77,未记录,河流,387692471,3.112,109.4094208,23.0577856
WY010,78,未记录,河流,387692471,3.112,109.409877,23.0579065
WY010,79,未记录,河流,387692471,3.112,109.4101862,23.0574655
WY010,80,未记录,河流,387692471,3.112,109.410596,23.0575224
WY010,81,未记录,河流,387692471,3.112,109.4111526,23.0581057
WY010,82,未记录,河流,387692471,3.112,109.4116551,23.0591443
WY010,83,未记录,河流,387692471,3.112,109.4119412,23.0593292
WY010,84,未记录,河流,387692471,3.112,109.4118948,23.0594928
WY010,85,未记录,河流,387692471,3.112,109.4116242,23.0597418
WY010,86,未记录,河流,387692471,3.112,109.4116629,23.0600192
WY010,87,未记录,河流,387692471,3.112,109.4119799,23.0600761
WY010,88,未记录,河流,387692471,3.112,109.4123741,23.0600548
WY010,89,未记录,河流,387692471,3.112,109.4126911,23.060012
WY011,1,未记录,河流,387707407,1.249,109.0348482,22.9758335
WY011,2,未记录,河流,387707407,1.249,109.0336292,22.9757919
WY011,3,未记录,河流,387707407,1.249,109.0331326,22.9765817
WY011,4,未记录,河流,387707407,1.249,109.0337195,22.9774129
WY011,5,未记录,河流,387707407,1.249,109.0345773,22.9777455
WY011,6,未记录,河流,387707407,1.249,109.035119,22.9782858
WY011,7,未记录,河流,387707407,1.249,109.0346676,22.979034
WY011,8,未记录,河流,387707407,1.249,109.034487,22.9796574
WY011,9,未记录,河流,387707407,1.249,109.0346224,22.9811953
WY011,10,未记录,河流,387707407,1.249,109.0333132,22.9814031
WY011,11,未记录,河流,387707407,1.249,109.0330423,22.9833981
WY011,12,未记录,河流,387707407,1.249,109.0328115,22.983657813905985
WY012,1,未记录,溪流,387707409,0.758,109.1373318,23.0673919
WY012,2,未记录,溪流,387707409,0.758,109.1363575,23.0671501
WY012,3,未记录,溪流,387707409,0.758,109.1361024,23.0669011
WY012,4,未记录,溪流,387707409,0.758,109.1359787,23.0664885
WY012,5,未记录,溪流,387707409,0.758,109.1359941,23.0659336
WY012,6,未记录,溪流,387707409,0.758,109.1358627,23.0655637
WY012,7,未记录,溪流,387707409,0.758,109.1355998,23.0652364
WY012,8,未记录,溪流,387707409,0.758,109.1352132,23.0648309
WY012,9,未记录,溪流,387707409,0.758,109.1348266,23.0648665
WY012,10,未记录,溪流,387707409,0.758,109.134324,23.0652507
WY012,11,未记录,溪流,387707409,0.758,109.1341926,23.0657344
WY012,12,未记录,溪流,387707409,0.758,109.1339452,23.0661257
WY012,13,未记录,溪流,387707409,0.758,109.1334503,23.0661612
WY012,14,未记录,溪流,387707409,0.758,109.1326462,23.0657273
WY013,1,未记录,溪流,387707410,0.653,109.1509426,22.9509246
WY013,2,未记录,溪流,387707410,0.653,109.1507101,22.9510735
WY013,3,未记录,溪流,387707410,0.653,109.1504927,22.9510921
WY013,4,未记录,溪流,387707410,0.653,109.1503563,22.9512084
WY013,5,未记录,溪流,387707410,0.653,109.1501693,22.9513015
WY013,6,未记录,溪流,387707410,0.653,109.1498761,22.9512457
WY013,7,未记录,溪流,387707410,0.653,109.1496992,22.9513527
WY013,8,未记录,溪流,387707410,0.653,109.1495375,22.9513341
WY013,9,未记录,溪流,387707410,0.653,109.1492545,22.9511712
WY013,10,未记录,溪流,387707410,0.653,109.1490422,22.951013
WY013,11,未记录,溪流,387707410,0.653,109.1488148,22.9510269
WY013,12,未记录,溪流,387707410,0.653,109.1487188,22.9513713
WY013,13,未记录,溪流,387707410,0.653,109.1488299,22.9518135
WY013,14,未记录,溪流,387707410,0.653,109.1487491,22.9521067
WY013,15,未记录,溪流,387707410,0.653,109.1486733,22.9522556
WY013,16,未记录,溪流,387707410,0.653,109.1482791,22.9522602
WY013,17,未记录,溪流,387707410,0.653,109.1481022,22.9523487
WY013,18,未记录,溪流,387707410,0.653,109.1481072,22.9525441
WY013,19,未记录,溪流,387707410,0.653,109.1484762,22.9529769
WY013,20,未记录,溪流,387707410,0.653,109.1483953,22.9531445
WY013,21,未记录,溪流,387707410,0.653,109.1480061,22.9534098
WY013,22,未记录,溪流,387707410,0.653,109.1477534,22.9538007
WY014,1,未记录,溪流,387707414,2.578,109.0967149,22.9985738
WY014,2,未记录,溪流,387707414,2.578,109.0964907,22.9982893
WY014,3,未记录,溪流,387707414,2.578,109.0962047,22.9982821
WY014,4,未记录,溪流,387707414,2.578,109.0963207,22.9984458
WY014,5,未记录,溪流,387707414,2.578,109.0962511,22.9985454
WY014,6,未记录,溪流,387707414,2.578,109.0961893,22.9986663
WY014,7,未记录,溪流,387707414,2.578,109.0960502,22.9986308
WY014,8,未记录,溪流,387707414,2.578,109.0960192,22.9983604
WY014,9,未记录,溪流,387707414,2.578,109.095741,22.9983319
WY014,10,未记录,溪流,387707414,2.578,109.0957565,22.9984956
WY014,11,未记录,溪流,387707414,2.578,109.0956637,22.9985454
WY014,12,未记录,溪流,387707414,2.578,109.0955014,22.9984956
WY014,13,未记录,溪流,387707414,2.578,109.0954396,22.9987517
WY014,14,未记录,溪流,387707414,2.578,109.0953236,22.9987304
WY014,15,未记录,溪流,387707414,2.578,109.095084,22.9982893
WY014,16,未记录,溪流,387707414,2.578,109.0948676,22.9982466
WY014,17,未记录,溪流,387707414,2.578,109.0947285,22.9981612
WY014,18,未记录,溪流,387707414,2.578,109.0947362,22.9979264
WY014,19,未记录,溪流,387707414,2.578,109.094628,22.9978624
WY014,20,未记录,溪流,387707414,2.578,109.0945585,22.9976845
WY014,21,未记录,溪流,387707414,2.578,109.0947285,22.9974497
WY014,22,未记录,溪流,387707414,2.578,109.0951227,22.9972007
WY014,23,未记录,溪流,387707414,2.578,109.0950299,22.9969588
WY014,24,未记录,溪流,387707414,2.578,109.0945739,22.9966458
WY014,25,未记录,溪流,387707414,2.578,109.0943266,22.9963683
WY014,26,未记录,溪流,387707414,2.578,109.0943111,22.9961264
WY014,27,未记录,溪流,387707414,2.578,109.0945662,22.9960908
WY014,28,未记录,溪流,387707414,2.578,109.094744,22.995792
WY014,29,未记录,溪流,387707414,2.578,109.0947362,22.9955145
WY014,30,未记录,溪流,387707414,2.578,109.0943189,22.995173
WY014,31,未记录,溪流,387707414,2.578,109.0945971,22.9944971
WY014,32,未记录,溪流,387707414,2.578,109.0947053,22.9944046
WY014,33,未记录,溪流,387707414,2.578,109.0948754,22.9941414
WY014,34,未记录,溪流,387707414,2.578,109.095455,22.9939279
WY014,35,未记录,溪流,387707414,2.578,109.0957874,22.9936575
WY014,36,未记录,溪流,387707414,2.578,109.0961506,22.9930172
WY014,37,未记录,溪流,387707414,2.578,109.0966994,22.9930528
WY014,38,未记录,溪流,387707414,2.578,109.0970163,22.9928251
WY014,39,未记录,溪流,387707414,2.578,109.0969854,22.9924978
WY014,40,未记录,溪流,387707414,2.578,109.0968617,22.9923911
WY014,41,未记录,溪流,387707414,2.578,109.0965989,22.9924338
WY014,42,未记录,溪流,387707414,2.578,109.0963902,22.9924053
WY014,43,未记录,溪流,387707414,2.578,109.0962511,22.9922274
WY014,44,未记录,溪流,387707414,2.578,109.0964907,22.99158
WY014,45,未记录,溪流,387707414,2.578,109.0966685,22.991395
WY014,46,未记录,溪流,387707414,2.578,109.0967921,22.9910392
WY014,47,未记录,溪流,387707414,2.578,109.0969854,22.9907689
WY014,48,未记录,溪流,387707414,2.578,109.0972404,22.9905554
WY014,49,未记录,溪流,387707414,2.578,109.0972636,22.9902637
WY014,50,未记录,溪流,387707414,2.578,109.0969854,22.9898653
WY014,51,未记录,溪流,387707414,2.578,109.0969699,22.9897514
WY014,52,未记录,溪流,387707414,2.578,109.0972482,22.9896305
WY014,53,未记录,溪流,387707414,2.578,109.0973023,22.9894312
WY014,54,未记录,溪流,387707414,2.578,109.0970936,22.9891039
WY014,55,未记录,溪流,387707414,2.578,109.097109,22.9887838
WY014,56,未记录,溪流,387707414,2.578,109.0972482,22.9884422
WY014,57,未记录,溪流,387707414,2.578,109.0972791,22.9881292
WY014,58,未记录,溪流,387707414,2.578,109.0971477,22.987873
WY014,59,未记录,溪流,387707414,2.578,109.0970858,22.9875386
WY014,60,未记录,溪流,387707414,2.578,109.0969776,22.9874034
WY014,61,未记录,溪流,387707414,2.578,109.0965525,22.9872682
WY014,62,未记录,溪流,387707414,2.578,109.0965062,22.9871686
WY014,63,未记录,溪流,387707414,2.578,109.096769,22.986578
WY014,64,未记录,溪流,387707414,2.578,109.0971168,22.986393
WY014,65,未记录,溪流,387707414,2.578,109.0972713,22.9858665
WY014,66,未记录,溪流,387707414,2.578,109.0972172,22.9855748
WY014,67,未记录,溪流,387707414,2.578,109.0972404,22.98534
WY014,68,未记录,溪流,387707414,2.578,109.0965216,22.9849558
WY014,69,未记录,溪流,387707414,2.578,109.0963284,22.9847921
WY014,70,未记录,溪流,387707414,2.578,109.0964289,22.9844648
WY014,71,未记录,溪流,387707414,2.578,109.0963902,22.9842442
WY014,72,未记录,溪流,387707414,2.578,109.0960115,22.9841802
WY014,73,未记录,溪流,387707414,2.578,109.0952464,22.9839525
WY014,74,未记录,溪流,387707414,2.578,109.0951536,22.9838244
WY015,1,未记录,河流,387707415,0.494,109.035119,22.9335553
WY015,2,未记录,河流,387707415,0.494,109.035119,22.9323911
WY015,3,未记录,河流,387707415,0.494,109.034171,22.9315179
WY015,4,未记录,河流,387707415,0.494,109.033268,22.9322663
WY015,5,未记录,河流,387707415,0.494,109.032952,22.9317258
WY015,6,未记录,河流,387707415,0.494,109.0328115,22.93201337026828
WY016,1,未记录,河流,387841543,4.64,109.0536565,22.9641129
WY016,2,未记录,河流,387841543,4.64,109.0534864,22.9640773
WY016,3,未记录,河流,387841543,4.64,109.0533705,22.9638639
WY016,4,未记录,河流,387841543,4.64,109.0529918,22.9632732
WY016,5,未记录,河流,387841543,4.64,109.0523039,22.963444
WY016,6,未记录,河流,387841543,4.64,109.0521493,22.9633301
WY016,7,未记录,河流,387841543,4.64,109.0520566,22.9626114
WY016,8,未记录,河流,387841543,4.64,109.0518943,22.9625188
WY016,9,未记录,河流,387841543,4.64,109.0515696,22.962526
WY016,10,未记录,河流,387841543,4.64,109.0503253,22.9632661
WY016,11,未记录,河流,387841543,4.64,109.0497765,22.963444
WY016,12,未记录,河流,387841543,4.64,109.0493051,22.9634867
WY016,13,未记录,河流,387841543,4.64,109.0482539,22.9630526
WY016,14,未记录,河流,387841543,4.64,109.047968,22.963259
WY016,15,未记录,河流,387841543,4.64,109.0477979,22.9633586
WY016,16,未记录,河流,387841543,4.64,109.0472182,22.9633586
WY016,17,未记录,河流,387841543,4.64,109.0470328,22.9634653
WY016,18,未记录,河流,387841543,4.64,109.0471487,22.9636575
WY016,19,未记录,河流,387841543,4.64,109.0470946,22.963871
WY016,20,未记录,河流,387841543,4.64,109.04694,22.9641129
WY016,21,未记录,河流,387841543,4.64,109.0470018,22.9643407
WY016,22,未记录,河流,387841543,4.64,109.0475583,22.9649598
WY016,23,未记录,河流,387841543,4.64,109.0479216,22.9652373
WY016,24,未记录,河流,387841543,4.64,109.0483776,22.9657639
WY016,25,未记录,河流,387841543,4.64,109.0484626,22.9660343
WY016,26,未记录,河流,387841543,4.64,109.0481225,22.9660984
WY016,27,未记录,河流,387841543,4.64,109.0479061,22.9659134
WY016,28,未记录,河流,387841543,4.64,109.0467854,22.9652302
WY016,29,未记录,河流,387841543,4.64,109.046314,22.9650452
WY016,30,未记录,河流,387841543,4.64,109.0459893,22.9650238
WY016,31,未记录,河流,387841543,4.64,109.0457343,22.965465
WY016,32,未记录,河流,387841543,4.64,109.0456879,22.965949
WY016,33,未记录,河流,387841543,4.64,109.0457034,22.9667175
WY016,34,未记录,河流,387841543,4.64,109.045827,22.9671089
WY016,35,未记录,河流,387841543,4.64,109.045858,22.967664
WY016,36,未记录,河流,387841543,4.64,109.045742,22.9677921
WY016,37,未记录,河流,387841543,4.64,109.045487,22.9676497
WY016,38,未记录,河流,387841543,4.64,109.0449769,22.9671231
WY016,39,未记录,河流,387841543,4.64,109.0447373,22.9671658
WY016,40,未记录,河流,387841543,4.64,109.0446213,22.9674434
WY016,41,未记录,河流,387841543,4.64,109.0441962,22.9677209
WY016,42,未记录,河流,387841543,4.64,109.0441421,22.9681052
WY016,43,未记录,河流,387841543,4.64,109.0438793,22.968831
WY016,44,未记录,河流,387841543,4.64,109.0438948,22.9691513
WY016,45,未记录,河流,387841543,4.64,109.0438021,22.9698202
WY016,46,未记录,河流,387841543,4.64,109.0436861,22.9701404
WY016,47,未记录,河流,387841543,4.64,109.0436011,22.9705816
WY016,48,未记录,河流,387841543,4.64,109.0433538,22.9708662
WY016,49,未记录,河流,387841543,4.64,109.0432069,22.9712149
WY016,50,未记录,河流,387841543,4.64,109.0429751,22.9717415
WY016,51,未记录,河流,387841543,4.64,109.0429828,22.9720831
WY016,52,未记录,河流,387841543,4.64,109.04289,22.9723037
WY016,53,未记录,河流,387841543,4.64,109.04272,22.9723962
WY016,54,未记录,河流,387841543,4.64,109.0425191,22.9722681
WY016,55,未记录,河流,387841543,4.64,109.0422949,22.971528
WY016,56,未记录,河流,387841543,4.64,109.0421172,22.9714284
WY016,57,未记录,河流,387841543,4.64,109.0420167,22.9714924
WY016,58,未记录,河流,387841543,4.64,109.041808,22.9719194
WY016,59,未记录,河流,387841543,4.64,109.0414988,22.9722396
WY016,60,未记录,河流,387841543,4.64,109.0413288,22.9729583
WY016,61,未记录,河流,387841543,4.64,109.0414061,22.973307
WY016,62,未记录,河流,387841543,4.64,109.0413906,22.9735561
WY016,63,未记录,河流,387841543,4.64,109.0411356,22.973734
WY016,64,未记录,河流,387841543,4.64,109.0410892,22.9740044
WY016,65,未记录,河流,387841543,4.64,109.041182,22.9743815
WY016,66,未记录,河流,387841543,4.64,109.0410969,22.974965
WY016,67,未记录,河流,387841543,4.64,109.0412515,22.9755129
WY016,68,未记录,河流,387841543,4.64,109.0410737,22.9757833
WY016,69,未记录,河流,387841543,4.64,109.0410042,22.9761818
WY016,70,未记录,河流,387841543,4.64,109.0408032,22.976253
WY016,71,未记录,河流,387841543,4.64,109.0406409,22.9761961
WY016,72,未记录,河流,387841543,4.64,109.0397135,22.9751429
WY016,73,未记录,河流,387841543,4.64,109.0394043,22.9751145
WY016,74,未记录,河流,387841543,4.64,109.0392033,22.9750362
WY016,75,未记录,河流,387841543,4.64,109.0391338,22.974901
WY016,76,未记录,河流,387841543,4.64,109.0392652,22.9746163
WY016,77,未记录,河流,387841543,4.64,109.0392111,22.9744456
WY016,78,未记录,河流,387841543,4.64,109.0387937,22.9742179
WY016,79,未记录,河流,387841543,4.64,109.03833,22.9742819
WY016,80,未记录,河流,387841543,4.64,109.0379203,22.974595
WY016,81,未记录,河流,387841543,4.64,109.0376653,22.9746662
WY016,82,未记录,河流,387841543,4.64,109.0369233,22.9744811
WY016,83,未记录,河流,387841543,4.64,109.0364828,22.9745523
WY016,84,未记录,河流,387841543,4.64,109.0359031,22.9747515
WY016,85,未记录,河流,387841543,4.64,109.0358181,22.9749864
WY016,86,未记录,河流,387841543,4.64,109.0360036,22.9752283
WY016,87,未记录,河流,387841543,4.64,109.0367224,22.9752425
WY016,88,未记录,河流,387841543,4.64,109.0371397,22.9753066
WY016,89,未记录,河流,387841543,4.64,109.037418,22.9756268
WY016,90,未记录,河流,387841543,4.64,109.0374102,22.9759968
WY016,91,未记录,河流,387841543,4.64,109.0371629,22.9761961
WY016,92,未记录,河流,387841543,4.64,109.0370161,22.9761676
WY016,93,未记录,河流,387841543,4.64,109.0369156,22.9759043
WY016,94,未记录,河流,387841543,4.64,109.0367842,22.9757478
WY016,95,未记录,河流,387841543,4.64,109.03622,22.9757051
WY016,96,未记录,河流,387841543,4.64,109.0358258,22.9755058
WY016,97,未记录,河流,387841543,4.64,109.0356326,22.9755414
WY016,98,未记录,河流,387841543,4.64,109.0355205,22.9758901
WY016,99,未记录,河流,387841543,4.64,109.0353448,22.9762491
WY016,100,未记录,河流,387841543,4.64,109.0350143,22.9761391
WY016,101,未记录,河流,387841543,4.64,109.0348482,22.9758335
WY017,1,未记录,河流,387841547,4.314,109.0752829,22.9671662
WY017,2,未记录,河流,387841547,4.314,109.0750791,22.9672601
WY017,3,未记录,河流,387841547,4.314,109.074826,22.9674363
WY017,4,未记录,河流,387841547,4.314,109.0739449,22.9677921
WY017,5,未记录,河流,387841547,4.314,109.0737285,22.9677351
WY017,6,未记录,河流,387841547,4.314,109.0735585,22.9675003
WY017,7,未记录,河流,387841547,4.314,109.073373,22.9675501
WY017,8,未记录,河流,387841547,4.314,109.0730793,22.9672512
WY017,9,未记录,河流,387841547,4.314,109.0728242,22.9667958
WY017,10,未记录,河流,387841547,4.314,109.0729865,22.966625
WY017,11,未记录,河流,387841547,4.314,109.0735121,22.9666179
WY017,12,未记录,河流,387841547,4.314,109.0738599,22.9664969
WY017,13,未记录,河流,387841547,4.314,109.0738831,22.9661624
WY017,14,未记录,河流,387841547,4.314,109.0734966,22.9657426
WY017,15,未记录,河流,387841547,4.314,109.0722755,22.9650309
WY017,16,未记录,河流,387841547,4.314,109.0718426,22.9649669
WY017,17,未记录,河流,387841547,4.314,109.0711316,22.965522
WY017,18,未记录,河流,387841547,4.314,109.0707915,22.965771
WY017,19,未记录,河流,387841547,4.314,109.0705596,22.9656856
WY017,20,未记录,河流,387841547,4.314,109.0705287,22.9653583
WY017,21,未记录,河流,387841547,4.314,109.0709306,22.9647819
WY017,22,未记录,河流,387841547,4.314,109.0711393,22.9642126
WY017,23,未记录,河流,387841547,4.314,109.0710697,22.9636717
WY017,24,未记录,河流,387841547,4.314,109.0712089,22.9632803
WY017,25,未记录,河流,387841547,4.314,109.0712011,22.962775
WY017,26,未记录,河流,387841547,4.314,109.0709074,22.9620776
WY017,27,未记录,河流,387841547,4.314,109.0704823,22.9619638
WY017,28,未记录,河流,387841547,4.314,109.0695008,22.9615296
WY017,29,未记录,河流,387841547,4.314,109.0691298,22.9616293
WY017,30,未记录,河流,387841547,4.314,109.0688129,22.9619851
WY017,31,未记录,河流,387841547,4.314,109.0685965,22.9619709
WY017,32,未记录,河流,387841547,4.314,109.0684805,22.9616649
WY017,33,未记录,河流,387841547,4.314,109.0685115,22.9612521
WY017,34,未记录,河流,387841547,4.314,109.0683414,22.960455
WY017,35,未记录,河流,387841547,4.314,109.0681096,22.9604195
WY017,36,未记录,河流,387841547,4.314,109.0676226,22.9607468
WY017,37,未记录,河流,387841547,4.314,109.067383,22.96106
WY017,38,未记录,河流,387841547,4.314,109.0663242,22.9616008
WY017,39,未记录,河流,387841547,4.314,109.0661851,22.9618143
WY017,40,未记录,河流,387841547,4.314,109.0662546,22.9624263
WY017,41,未记录,河流,387841547,4.314,109.0662546,22.962832
WY017,42,未记录,河流,387841547,4.314,109.0659764,22.9631024
WY017,43,未记录,河流,387841547,4.314,109.0655667,22.9632234
WY017,44,未记录,河流,387841547,4.314,109.0650953,22.9630312
WY017,45,未记录,河流,387841547,4.314,109.0646702,22.9629672
WY017,46,未记录,河流,387841547,4.314,109.0642992,22.9627608
WY017,47,未记录,河流,387841547,4.314,109.0639359,22.9626327
WY017,48,未记录,河流,387841547,4.314,109.0632635,22.962711
WY017,49,未记录,河流,387841547,4.314,109.0623747,22.9622698
WY017,50,未记录,河流,387841547,4.314,109.0615554,22.9622769
WY017,51,未记录,河流,387841547,4.314,109.0612076,22.9619993
WY017,52,未记录,河流,387841547,4.314,109.0606511,22.9620278
WY017,53,未记录,河流,387841547,4.314,109.0603033,22.9617858
WY017,54,未记录,河流,387841547,4.314,109.0599787,22.9618285
WY017,55,未记录,河流,387841547,4.314,109.0598628,22.9620136
WY017,56,未记录,河流,387841547,4.314,109.0599014,22.962405
WY017,57,未记录,河流,387841547,4.314,109.0598551,22.9626185
WY017,58,未记录,河流,387841547,4.314,109.0596541,22.9628462
WY017,59,未记录,河流,387841547,4.314,109.0594222,22.9628177
WY017,60,未记录,河流,387841547,4.314,109.0591749,22.9623836
WY017,61,未记录,河流,387841547,4.314,109.0586107,22.9622911
WY017,62,未记录,河流,387841547,4.314,109.058317,22.9624904
WY017,63,未记录,河流,387841547,4.314,109.0581624,22.9629672
WY017,64,未记录,河流,387841547,4.314,109.0581392,22.9635436
WY017,65,未记录,河流,387841547,4.314,109.0580078,22.9636361
WY017,66,未记录,河流,387841547,4.314,109.0578069,22.963508
WY017,67,未记录,河流,387841547,4.314,109.0577992,22.9632945
WY017,68,未记录,河流,387841547,4.314,109.0576987,22.9629814
WY017,69,未记录,河流,387841547,4.314,109.0576832,22.9624477
WY017,70,未记录,河流,387841547,4.314,109.0574514,22.9622057
WY017,71,未记录,河流,387841547,4.314,109.0571422,22.9618926
WY017,72,未记录,河流,387841547,4.314,109.0569026,22.9618926
WY017,73,未记录,河流,387841547,4.314,109.0568485,22.9620634
WY017,74,未记录,河流,387841547,4.314,109.0569567,22.9626541
WY017,75,未记录,河流,387841547,4.314,109.0567635,22.9631166
WY017,76,未记录,河流,387841547,4.314,109.0562534,22.9630739
WY017,77,未记录,河流,387841547,4.314,109.0559519,22.9630953
WY017,78,未记录,河流,387841547,4.314,109.0553491,22.9626683
WY017,79,未记录,河流,387841547,4.314,109.0553877,22.9620919
WY017,80,未记录,河流,387841547,4.314,109.0551868,22.9617431
WY017,81,未记录,河流,387841547,4.314,109.0547308,22.9616862
WY017,82,未记录,河流,387841547,4.314,109.0545839,22.9618997
WY017,83,未记录,河流,387841547,4.314,109.0545685,22.9621488
WY017,84,未记录,河流,387841547,4.314,109.0544834,22.9627964
WY017,85,未记录,河流,387841547,4.314,109.0539424,22.9637998
WY017,86,未记录,河流,387841547,4.314,109.0536565,22.9641129
WY018,1,未记录,河流,387841550,4.663,109.0951536,22.9838244
WY018,2,未记录,河流,387841550,4.663,109.0953855,22.9833548
WY018,3,未记录,河流,387841550,4.663,109.095826,22.9834402
WY018,4,未记录,河流,387841550,4.663,109.0963902,22.9831556
WY018,5,未记录,河流,387841550,4.663,109.0964984,22.9828709
WY018,6,未记录,河流,387841550,4.663,109.0963361,22.9826788
WY018,7,未记录,河流,387841550,4.663,109.0959767,22.9823017
WY018,8,未记录,河流,387841550,4.663,109.0957372,22.9819602
WY018,9,未记录,河流,387841550,4.663,109.0957681,22.9817824
WY018,10,未记录,河流,387841550,4.663,109.096479,22.9814694
WY018,11,未记录,河流,387841550,4.663,109.0967726,22.9810924
WY018,12,未记录,河流,387841550,4.663,109.096904,22.9807865
WY018,13,未记录,河流,387841550,4.663,109.0972749,22.9804592
WY018,14,未记录,河流,387841550,4.663,109.0972594,22.980132
WY018,15,未记录,河流,387841550,4.663,109.0972208,22.9798759
WY018,16,未记录,河流,387841550,4.663,109.0972749,22.9796269
WY018,17,未记录,河流,387841550,4.663,109.0970817,22.9794917
WY018,18,未记录,河流,387841550,4.663,109.0965176,22.9796198
WY018,19,未记录,河流,387841550,4.663,109.0964404,22.9794562
WY018,20,未记录,河流,387841550,4.663,109.0965176,22.9792712
WY018,21,未记录,河流,387841550,4.663,109.0966722,22.9790222
WY018,22,未记录,河流,387841550,4.663,109.0966413,22.9787661
WY018,23,未记录,河流,387841550,4.663,109.096054,22.978574
WY018,24,未记录,河流,387841550,4.663,109.0959072,22.9782041
WY018,25,未记录,河流,387841550,4.663,109.0958917,22.9778057
WY018,26,未记录,河流,387841550,4.663,109.0955363,22.9775709
WY018,27,未记录,河流,387841550,4.663,109.0952968,22.9776421
WY018,28,未记录,河流,387841550,4.663,109.095204,22.9777986
WY018,29,未记录,河流,387841550,4.663,109.0951731,22.9782752
WY018,30,未记录,河流,387841550,4.663,109.0949722,22.9784531
WY018,31,未记录,河流,387841550,4.663,109.0946322,22.9784673
WY018,32,未记录,河流,387841550,4.663,109.0942768,22.9781828
WY018,33,未记录,河流,387841550,4.663,109.0940604,22.9777061
WY018,34,未记录,河流,387841550,4.663,109.0935813,22.9773789
WY018,35,未记录,河流,387841550,4.663,109.0932568,22.9773077
WY018,36,未记录,河流,387841550,4.663,109.0925382,22.9775709
WY018,37,未记录,河流,387841550,4.663,109.0921827,22.9774642
WY018,38,未记录,河流,387841550,4.663,109.0917732,22.9767386
WY018,39,未记录,河流,387841550,4.663,109.0915336,22.9765963
WY018,40,未记录,河流,387841550,4.663,109.0909927,22.9763544
WY018,41,未记录,河流,387841550,4.663,109.0908073,22.9760983
WY018,42,未记录,河流,387841550,4.663,109.0903128,22.9758778
WY018,43,未记录,河流,387841550,4.663,109.0898182,22.975892
WY018,44,未记录,河流,387841550,4.663,109.0894241,22.975828
WY018,45,未记录,河流,387841550,4.663,109.088976,22.9754367
WY018,46,未记录,河流,387841550,4.663,109.0888291,22.9751593
WY018,47,未记录,河流,387841550,4.663,109.0889141,22.9749672
WY018,48,未记录,河流,387841550,4.663,109.0890378,22.9748107
WY018,49,未记录,河流,387841550,4.663,109.0889837,22.9745546
WY018,50,未记录,河流,387841550,4.663,109.0888291,22.9743909
WY018,51,未记录,河流,387841550,4.663,109.0885046,22.9743127
WY018,52,未记录,河流,387841550,4.663,109.0883037,22.9744478
WY018,53,未记录,河流,387841550,4.663,109.088126,22.9747609
WY018,54,未记录,河流,387841550,4.663,109.0879096,22.974832
WY018,55,未记录,河流,387841550,4.663,109.0872837,22.9745617
WY018,56,未记录,河流,387841550,4.663,109.0871137,22.9745972
WY018,57,未记录,河流,387841550,4.663,109.086851,22.9748605
WY018,58,未记录,河流,387841550,4.663,109.0864956,22.975145
WY018,59,未记录,河流,387841550,4.663,109.0864878,22.975643
WY018,60,未记录,河流,387841550,4.663,109.0861401,22.9759134
WY018,61,未记录,河流,387841550,4.663,109.0858928,22.9763331
WY018,62,未记录,河流,387841550,4.663,109.0855451,22.9765679
WY018,63,未记录,河流,387841550,4.663,109.0853365,22.9771797
WY018,64,未记录,河流,387841550,4.663,109.0851433,22.9772224
WY018,65,未记录,河流,387841550,4.663,109.0845638,22.9766532
WY018,66,未记录,河流,387841550,4.663,109.0841542,22.9765608
WY018,67,未记录,河流,387841550,4.663,109.0836597,22.9769093
WY018,68,未记录,河流,387841550,4.663,109.0831883,22.9773931
WY018,69,未记录,河流,387841550,4.663,109.0830183,22.9774358
WY018,70,未记录,河流,387841550,4.663,109.0825702,22.9772152
WY018,71,未记录,河流,387841550,4.663,109.0824929,22.9770303
WY018,72,未记录,河流,387841550,4.663,109.0825238,22.9764754
WY018,73,未记录,河流,387841550,4.663,109.0826088,22.9759774
WY018,74,未记录,河流,387841550,4.663,109.0828174,22.9758422
WY018,75,未记录,河流,387841550,4.663,109.0830183,22.9757924
WY018,76,未记录,河流,387841550,4.663,109.0831033,22.975579
WY018,77,未记录,河流,387841550,4.663,109.0830338,22.9754367
WY018,78,未记录,河流,387841550,4.663,109.0822997,22.9748107
WY018,79,未记录,河流,387841550,4.663,109.0818206,22.9739001
WY018,80,未记录,河流,387841550,4.663,109.0816738,22.9733736
WY018,81,未记录,河流,387841550,4.663,109.0813647,22.9730037
WY018,82,未记录,河流,387841550,4.663,109.0808934,22.9727191
WY018,83,未记录,河流,387841550,4.663,109.0804375,22.9726266
WY018,84,未记录,河流,387841550,4.663,109.0792707,22.9718938
WY018,85,未记录,河流,387841550,4.663,109.0783898,22.9711966
WY018,86,未记录,河流,387841550,4.663,109.0785907,22.970535
WY018,87,未记录,河流,387841550,4.663,109.0783125,22.970165
WY018,88,未记录,河流,387841550,4.663,109.0767575,22.9688508
WY018,89,未记录,河流,387841550,4.663,109.0769585,22.968189
WY018,90,未记录,河流,387841550,4.663,109.0769662,22.9678759
WY018,91,未记录,河流,387841550,4.663,109.0767266,22.967755
WY018,92,未记录,河流,387841550,4.663,109.0761393,22.9678902
WY018,93,未记录,河流,387841550,4.663,109.0757297,22.9679186
WY018,94,未记录,河流,387841550,4.663,109.0755983,22.9677052
WY018,95,未记录,河流,387841550,4.663,109.0757838,22.9672711
WY018,96,未记录,河流,387841550,4.663,109.0756447,22.967143
WY018,97,未记录,河流,387841550,4.663,109.0752829,22.9671662
WY019,1,未记录,河流,387844267,9.632,109.1003975,23.0493312
WY019,2,未记录,河流,387844267,9.632,109.1005753,23.0486766
WY019,3,未记录,河流,387844267,9.632,109.1004129,23.0483991
WY019,4,未记录,河流,387844267,9.632,109.099864,23.0483636
WY019,5,未记录,河流,387844267,9.632,109.0996011,23.0482426
WY019,6,未记录,河流,387844267,9.632,109.0990444,23.0484205
WY019,7,未记录,河流,387844267,9.632,109.098132,23.0486197
WY019,8,未记录,河流,387844267,9.632,109.0971655,23.0484774
WY019,9,未记录,河流,387844267,9.632,109.0966475,23.048022
WY019,10,未记录,河流,387844267,9.632,109.0960676,23.0476023
WY019,11,未记录,河流,387844267,9.632,109.0954954,23.0477303
WY019,12,未记录,河流,387844267,9.632,109.095016,23.0486979
WY019,13,未记录,河流,387844267,9.632,109.0947609,23.0491746
WY019,14,未记录,河流,387844267,9.632,109.0941655,23.0493098
WY019,15,未记录,河流,387844267,9.632,109.0935933,23.0489398
WY019,16,未记录,河流,387844267,9.632,109.0930212,23.0477873
WY019,17,未记录,河流,387844267,9.632,109.0926732,23.0462647
WY019,18,未记录,河流,387844267,9.632,109.0923562,23.046101
WY019,19,未记录,河流,387844267,9.632,109.0919619,23.0460939
WY019,20,未记录,河流,387844267,9.632,109.0902686,23.0454322
WY019,21,未记录,河流,387844267,9.632,109.0897583,23.0454749
WY019,22,未记录,河流,387844267,9.632,109.0895031,23.0458236
WY019,23,未记录,河流,387844267,9.632,109.0888536,23.0473177
WY019,24,未记录,河流,387844267,9.632,109.088699,23.0484774
WY019,25,未记录,河流,387844267,9.632,109.0885134,23.0488474
WY019,26,未记录,河流,387844267,9.632,109.087833,23.0488402
WY019,27,未记录,河流,387844267,9.632,109.0872222,23.0483849
WY019,28,未记录,河流,387844267,9.632,109.0866655,23.0477873
WY019,29,未记录,河流,387844267,9.632,109.0862093,23.0474884
WY019,30,未记录,河流,387844267,9.632,109.0857454,23.0471042
WY019,31,未记录,河流,387844267,9.632,109.08515,23.0465279
WY019,32,未记录,河流,387844267,9.632,109.0842918,23.0458591
WY019,33,未记录,河流,387844267,9.632,109.0831784,23.0452971
WY019,34,未记录,河流,387844267,9.632,109.0827531,23.044863
WY019,35,未记录,河流,387844267,9.632,109.0820186,23.0443081
WY019,36,未记录,河流,387844267,9.632,109.0815005,23.0435254
WY019,37,未记录,河流,387844267,9.632,109.0808936,23.0429349
WY019,38,未记录,河流,387844267,9.632,109.0803678,23.0424297
WY019,39,未记录,河流,387844267,9.632,109.0790998,23.0420171
WY019,40,未记录,河流,387844267,9.632,109.0786359,23.0419673
WY019,41,未记录,河流,387844267,9.632,109.0782571,23.0423515
WY019,42,未记录,河流,387844267,9.632,109.0770046,23.0427997
WY019,43,未记录,河流,387844267,9.632,109.0759453,23.0427855
WY019,44,未记录,河流,387844267,9.632,109.0754582,23.0426787
WY019,45,未记录,河流,387844267,9.632,109.0754273,23.0424582
WY019,46,未记录,河流,387844267,9.632,109.0753113,23.0420455
WY019,47,未记录,河流,387844267,9.632,109.0754582,23.0414194
WY019,48,未记录,河流,387844267,9.632,109.0753113,23.0404091
WY019,49,未记录,河流,387844267,9.632,109.0752263,23.040153
WY019,50,未记录,河流,387844267,9.632,109.0737418,23.0399467
WY019,51,未记录,河流,387844267,9.632,109.073046,23.0400676
WY019,52,未记录,河流,387844267,9.632,109.0723115,23.0406439
WY019,53,未记录,河流,387844267,9.632,109.07126,23.0407222
WY019,54,未记录,河流,387844267,9.632,109.0707188,23.0406439
WY019,55,未记录,河流,387844267,9.632,109.0698296,23.040089
WY019,56,未记录,河流,387844267,9.632,109.0685385,23.0393988
WY019,57,未记录,河流,387844267,9.632,109.0682988,23.039164
WY019,58,未记录,河流,387844267,9.632,109.06809,23.0384454
WY019,59,未记录,河流,387844267,9.632,109.0683993,23.037862
WY019,60,未记录,河流,387844267,9.632,109.0685385,23.0374493
WY019,61,未记录,河流,387844267,9.632,109.0684766,23.0370367
WY019,62,未记录,河流,387844267,9.632,109.068523,23.036005
WY019,63,未记录,河流,387844267,9.632,109.0687704,23.0353931
WY019,64,未记录,河流,387844267,9.632,109.0692807,23.0350587
WY019,65,未记录,河流,387844267,9.632,109.07126,23.034397
WY019,66,未记录,河流,387844267,9.632,109.0726207,23.0340127
WY019,67,未记录,河流,387844267,9.632,109.0727135,23.0337779
WY019,68,未记录,河流,387844267,9.632,109.0725125,23.0323122
WY019,69,未记录,河流,387844267,9.632,109.0717935,23.0312591
WY019,70,未记录,河流,387844267,9.632,109.0702162,23.0296866
WY019,71,未记录,河流,387844267,9.632,109.0690024,23.0287189
WY019,72,未记录,河流,387844267,9.632,109.0681905,23.028292
WY019,73,未记录,河流,387844267,9.632,109.0679277,23.0277583
WY019,74,未记录,河流,387844267,9.632,109.0674096,23.0274239
WY019,75,未记录,河流,387844267,9.632,109.0673401,23.0269329
WY019,76,未记录,河流,387844267,9.632,109.0670308,23.0261716
WY019,77,未记录,河流,387844267,9.632,109.0668839,23.0255667
WY019,78,未记录,河流,387844267,9.632,109.0667254,23.0243784
WY019,79,未记录,河流,387844267,9.632,109.0665167,23.0235602
WY019,80,未记录,河流,387844267,9.632,109.0660374,23.0227989
WY019,81,未记录,河流,387844267,9.632,109.0653493,23.0222155
WY019,82,未记录,河流,387844267,9.632,109.0651329,23.0219166
WY019,83,未记录,河流,387844267,9.632,109.0648855,23.0218384
WY019,84,未记录,河流,387844267,9.632,109.0638264,23.0206288
WY019,85,未记录,河流,387844267,9.632,109.0629064,23.0196327
WY019,86,未记录,河流,387844267,9.632,109.0623343,23.0192129
WY019,87,未记录,河流,387844267,9.632,109.0617545,23.0191418
WY019,88,未记录,河流,387844267,9.632,109.0611206,23.0197039
WY019,89,未记录,河流,387844267,9.632,109.05976,23.0204794
WY019,90,未记录,河流,387844267,9.632,109.0590333,23.0207996
WY019,91,未记录,河流,387844267,9.632,109.0580375,23.021095
WY019,92,未记录,河流,387844267,9.632,109.0569165,23.0213724
WY019,93,未记录,河流,387844267,9.632,109.0559889,23.0214222
WY019,94,未记录,河流,387844267,9.632,109.0550844,23.0212301
WY019,95,未记录,河流,387844267,9.632,109.0539635,23.0208388
WY019,96,未记录,河流,387844267,9.632,109.0538166,23.020476
WY019,97,未记录,河流,387844267,9.632,109.0541104,23.0192949
WY019,98,未记录,河流,387844267,9.632,109.0539248,23.0190032
WY019,99,未记录,河流,387844267,9.632,109.0532909,23.018932
WY019,100,未记录,河流,387844267,9.632,109.0522937,23.0190886
WY019,101,未记录,河流,387844267,9.632,109.0510413,23.0192309
WY019,102,未记录,河流,387844267,9.632,109.0492633,23.0191739
WY019,103,未记录,河流,387844267,9.632,109.047323,23.0186759
WY019,104,未记录,河流,387844267,9.632,109.0460629,23.0182774
WY020,1,未记录,河流,387844268,0.206,109.1007635,23.0511547
WY020,2,未记录,河流,387844268,0.206,109.1003975,23.0493312
WY021,1,未记录,河流,387844269,2.337,109.0460629,23.0182774
WY021,2,未记录,河流,387844269,2.337,109.0448492,23.0178648
WY021,3,未记录,河流,387844269,2.337,109.0434809,23.0177438
WY021,4,未记录,河流,387844269,2.337,109.04236,23.0172884
WY021,5,未记录,河流,387844269,2.337,109.0419657,23.0169256
WY021,6,未记录,河流,387844269,2.337,109.0419889,23.0163137
WY021,7,未记录,河流,387844269,2.337,109.0426305,23.0154599
WY021,8,未记录,河流,387844269,2.337,109.0432799,23.0151468
WY021,9,未记录,河流,387844269,2.337,109.0441225,23.0143784
WY021,10,未记录,河流,387844269,2.337,109.0440993,23.0140511
WY021,11,未记录,河流,387844269,2.337,109.0431717,23.0126209
WY021,12,未记录,河流,387844269,2.337,109.043133,23.0121655
WY021,13,未记录,河流,387844269,2.337,109.0427465,23.0114468
WY021,14,未记录,河流,387844269,2.337,109.0421667,23.010657
WY021,15,未记录,河流,387844269,2.337,109.041757,23.0104792
WY021,16,未记录,河流,387844269,2.337,109.0410999,23.0107353
WY021,17,未记录,河流,387844269,2.337,109.0406592,23.0108776
WY021,18,未记录,河流,387844269,2.337,109.0404351,23.0110697
WY021,19,未记录,河流,387844269,2.337,109.0402031,23.0111409
WY021,20,未记录,河流,387844269,2.337,109.03926,23.0112832
WY021,21,未记录,河流,387844269,2.337,109.0380463,23.0117599
WY021,22,未记录,河流,387844269,2.337,109.0374975,23.0121868
WY021,23,未记录,河流,387844269,2.337,109.0367476,23.0126422
WY021,24,未记录,河流,387844269,2.337,109.0362026,23.0128628
WY021,25,未记录,河流,387844269,2.337,109.0352093,23.0127797
WY021,26,未记录,河流,387844269,2.337,109.0335834,23.0125005
WY021,27,未记录,河流,387844269,2.337,109.0328115,23.012583313703743
WY022,1,未记录,河流,387844269,0.23,109.0328115,22.99022552361553
WY022,2,未记录,河流,387844269,0.23,109.0334486,22.9897155
WY022,3,未记录,河流,387844269,0.23,109.0334486,22.9890505
WY022,4,未记录,河流,387844269,0.23,109.0328115,22.988837235286613
WY023,1,未记录,溪流,387844270,1.37,109.0773796,23.0500321
WY023,2,未记录,溪流,387844270,1.37,109.0783918,23.0489999
WY023,3,未记录,溪流,387844270,1.37,109.0793519,23.0484141
WY023,4,未记录,溪流,387844270,1.37,109.0794941,23.047723
WY023,5,未记录,溪流,387844270,1.37,109.0795096,23.0473886
WY023,6,未记录,溪流,387844270,1.37,109.0794091,23.0469617
WY023,7,未记录,溪流,387844270,1.37,109.0794709,23.0467554
WY023,8,未记录,溪流,387844270,1.37,109.0793704,23.0462432
WY023,9,未记录,溪流,387844270,1.37,109.0788988,23.0460155
WY023,10,未记录,溪流,387844270,1.37,109.0784813,23.046108
WY023,11,未记录,溪流,387844270,1.37,109.0779633,23.0461934
WY023,12,未记录,溪流,387844270,1.37,109.0776927,23.0462788
WY023,13,未记录,溪流,387844270,1.37,109.077569,23.0462574
WY023,14,未记录,溪流,387844270,1.37,109.0774762,23.046108
WY023,15,未记录,溪流,387844270,1.37,109.0775844,23.0458875
WY023,16,未记录,溪流,387844270,1.37,109.0773448,23.0457452
WY023,17,未记录,溪流,387844270,1.37,109.0773061,23.0454677
WY023,18,未记录,溪流,387844270,1.37,109.0771901,23.045489
WY023,19,未记录,溪流,387844270,1.37,109.077051,23.0451973
WY023,20,未记录,溪流,387844270,1.37,109.0769118,23.045055
WY023,21,未记录,溪流,387844270,1.37,109.0769659,23.0445428
WY023,22,未记录,溪流,387844270,1.37,109.077221,23.0445286
WY023,23,未记录,溪流,387844270,1.37,109.0773448,23.0443436
WY023,24,未记录,溪流,387844270,1.37,109.0774375,23.0441017
WY023,25,未记录,溪流,387844270,1.37,109.0777623,23.04381
WY023,26,未记录,溪流,387844270,1.37,109.0776231,23.0437175
WY023,27,未记录,溪流,387844270,1.37,109.0774762,23.0435183
WY023,28,未记录,溪流,387844270,1.37,109.0772829,23.0435467
WY023,29,未记录,溪流,387844270,1.37,109.0768963,23.0435112
WY023,30,未记录,溪流,387844270,1.37,109.0766876,23.0433831
WY023,31,未记录,溪流,387844270,1.37,109.0764865,23.0434329
WY023,32,未记录,溪流,387844270,1.37,109.0760922,23.0432835
WY023,33,未记录,溪流,387844270,1.37,109.0755046,23.0429847
WY023,34,未记录,溪流,387844270,1.37,109.0754196,23.042757
WY023,35,未记录,溪流,387844270,1.37,109.0754582,23.0426787
WY024,1,未记录,溪流,387844271,1.011,109.0416719,23.0253994
WY024,2,未记录,溪流,387844271,1.011,109.0422285,23.0254634
WY024,3,未记录,溪流,387844271,1.011,109.042445,23.0253994
WY024,4,未记录,溪流,387844271,1.011,109.0428856,23.0254634
WY024,5,未记录,溪流,387844271,1.011,109.0432644,23.0253282
WY024,6,未记录,溪流,387844271,1.011,109.0435041,23.0253211
WY024,7,未记录,溪流,387844271,1.011,109.0435118,23.0251788
WY024,8,未记录,溪流,387844271,1.011,109.0433727,23.0249796
WY024,9,未记录,溪流,387844271,1.011,109.0434036,23.0248231
WY024,10,未记录,溪流,387844271,1.011,109.0434964,23.0247591
WY024,11,未记录,溪流,387844271,1.011,109.0437283,23.0246808
WY024,12,未记录,溪流,387844271,1.011,109.0439061,23.0244603
WY024,13,未记录,溪流,387844271,1.011,109.0440143,23.0239338
WY024,14,未记录,溪流,387844271,1.011,109.0439061,23.0236136
WY024,15,未记录,溪流,387844271,1.011,109.0439756,23.0232009
WY024,16,未记录,溪流,387844271,1.011,109.0437978,23.0226318
WY024,17,未记录,溪流,387844271,1.011,109.0432103,23.0223401
WY024,18,未记录,溪流,387844271,1.011,109.0429784,23.0220768
WY024,19,未记录,溪流,387844271,1.011,109.0430093,23.0219559
WY024,20,未记录,溪流,387844271,1.011,109.0432026,23.0218349
WY024,21,未记录,溪流,387844271,1.011,109.0430712,23.0216926
WY024,22,未记录,溪流,387844271,1.011,109.043133,23.0214863
WY024,23,未记录,溪流,387844271,1.011,109.0430944,23.0214009
WY024,24,未记录,溪流,387844271,1.011,109.0427388,23.0213226
WY024,25,未记录,溪流,387844271,1.011,109.0425532,23.0213867
WY024,26,未记录,溪流,387844271,1.011,109.0424218,23.0211803
WY024,27,未记录,溪流,387844271,1.011,109.0423445,23.0210665
WY024,28,未记录,溪流,387844271,1.011,109.0418497,23.0209242
WY024,29,未记录,溪流,387844271,1.011,109.0417183,23.0210452
WY024,30,未记录,溪流,387844271,1.011,109.0415328,23.020974
WY024,31,未记录,溪流,387844271,1.011,109.0413936,23.0206681
WY024,32,未记录,溪流,387844271,1.011,109.0413009,23.0207321
WY024,33,未记录,溪流,387844271,1.011,109.0411849,23.0208317
WY024,34,未记录,溪流,387844271,1.011,109.0410303,23.0206396
WY025,1,未记录,溪流,387844272,1.696,109.0495107,23.0275978
WY025,2,未记录,溪流,387844272,1.696,109.0494411,23.0275267
WY025,3,未记录,溪流,387844272,1.696,109.0491937,23.027484
WY025,4,未记录,溪流,387844272,1.696,109.0487531,23.0274769
WY025,5,未记录,溪流,387844272,1.696,109.0484207,23.0273915
WY025,6,未记录,溪流,387844272,1.696,109.0483279,23.0267654
WY025,7,未记录,溪流,387844272,1.696,109.0481579,23.0266516
WY025,8,未记录,溪流,387844272,1.696,109.0474467,23.0271567
WY025,9,未记录,溪流,387844272,1.696,109.0471297,23.0270927
WY025,10,未记录,溪流,387844272,1.696,109.0471142,23.0268437
WY025,11,未记录,溪流,387844272,1.696,109.0472611,23.0263029
WY025,12,未记录,溪流,387844272,1.696,109.0472225,23.0261251
WY025,13,未记录,溪流,387844272,1.696,109.0469596,23.025997
WY025,14,未记录,溪流,387844272,1.696,109.0468901,23.0258263
WY025,15,未记录,溪流,387844272,1.696,109.0470524,23.0256982
WY025,16,未记录,溪流,387844272,1.696,109.0474853,23.0256982
WY025,17,未记录,溪流,387844272,1.696,109.048011,23.0259614
WY025,18,未记录,溪流,387844272,1.696,109.0483202,23.025933
WY025,19,未记录,溪流,387844272,1.696,109.048413,23.0256911
WY025,20,未记录,溪流,387844272,1.696,109.048413,23.0251433
WY025,21,未记录,溪流,387844272,1.696,109.0487686,23.024446
WY025,22,未记录,溪流,387844272,1.696,109.0490469,23.0240689
WY025,23,未记录,溪流,387844272,1.696,109.0493484,23.0239409
WY025,24,未记录,溪流,387844272,1.696,109.0494179,23.0236136
WY025,25,未记录,溪流,387844272,1.696,109.0489232,23.0231796
WY025,26,未记录,溪流,387844272,1.696,109.0487145,23.0231654
WY025,27,未记录,溪流,387844272,1.696,109.048614,23.0230587
WY025,28,未记录,溪流,387844272,1.696,109.0486835,23.0228381
WY025,29,未记录,溪流,387844272,1.696,109.048614,23.0226531
WY025,30,未记录,溪流,387844272,1.696,109.0482429,23.0223899
WY025,31,未记录,溪流,387844272,1.696,109.0480883,23.0219701
WY025,32,未记录,溪流,387844272,1.696,109.0481501,23.0213796
WY025,33,未记录,溪流,387844272,1.696,109.048096,23.0208673
WY025,34,未记录,溪流,387844272,1.696,109.0478641,23.0202625
WY025,35,未记录,溪流,387844272,1.696,109.0475162,23.0200348
WY025,36,未记录,溪流,387844272,1.696,109.0470137,23.0194301
WY025,37,未记录,溪流,387844272,1.696,109.046604,23.0189961
WY025,38,未记录,溪流,387844272,1.696,109.046233,23.0188538
WY025,39,未记录,溪流,387844272,1.696,109.0460629,23.0182774
WY026,1,未记录,溪流,387844273,2.61,109.1713092,23.0338751
WY026,2,未记录,溪流,387844273,2.61,109.1705824,23.0339676
WY026,3,未记录,溪流,387844273,2.61,109.1704355,23.0338609
WY026,4,未记录,溪流,387844273,2.61,109.1703659,23.0335834
WY026,5,未记录,溪流,387844273,2.61,109.1700411,23.0335834
WY026,6,未记录,溪流,387844273,2.61,109.1698324,23.0337755
WY026,7,未记录,溪流,387844273,2.61,109.1698324,23.0341313
WY026,8,未记录,溪流,387844273,2.61,109.1698788,23.0344942
WY026,9,未记录,溪流,387844273,2.61,109.1697009,23.0346721
WY026,10,未记录,溪流,387844273,2.61,109.1694071,23.0347077
WY026,11,未记录,溪流,387844273,2.61,109.1688504,23.0347077
WY026,12,未记录,溪流,387844273,2.61,109.1683633,23.0344515
WY026,13,未记录,溪流,387844273,2.61,109.1682009,23.0340673
WY026,14,未记录,溪流,387844273,2.61,109.1690746,23.0332419
WY026,15,未记录,溪流,387844273,2.61,109.1692757,23.033007
WY026,16,未记录,溪流,387844273,2.61,109.1690669,23.0328078
WY026,17,未记录,溪流,387844273,2.61,109.1679226,23.0332988
WY026,18,未记录,溪流,387844273,2.61,109.1674045,23.0332774
WY026,19,未记录,溪流,387844273,2.61,109.1673427,23.0333699
WY026,20,未记录,溪流,387844273,2.61,109.1673659,23.033498
WY026,21,未记录,溪流,387844273,2.61,109.1671184,23.0334909
WY026,22,未记录,溪流,387844273,2.61,109.1665463,23.0335834
WY026,23,未记录,溪流,387844273,2.61,109.1664303,23.0332561
WY026,24,未记录,溪流,387844273,2.61,109.1665076,23.0327509
WY026,25,未记录,溪流,387844273,2.61,109.1663762,23.032388
WY026,26,未记录,溪流,387844273,2.61,109.1657267,23.0324236
WY026,27,未记录,溪流,387844273,2.61,109.164853,23.0331849
WY026,28,未记录,溪流,387844273,2.61,109.1645901,23.0338396
WY026,29,未记录,溪流,387844273,2.61,109.1642731,23.0343234
WY026,30,未记录,溪流,387844273,2.61,109.1640102,23.0344373
WY026,31,未记录,溪流,387844273,2.61,109.1638555,23.0343234
WY026,32,未记录,溪流,387844273,2.61,109.1636622,23.0340175
WY026,33,未记录,溪流,387844273,2.61,109.1636854,23.0336261
WY026,34,未记录,溪流,387844273,2.61,109.1635617,23.0332205
WY026,35,未记录,溪流,387844273,2.61,109.1630514,23.0331849
WY026,36,未记录,溪流,387844273,2.61,109.1626571,23.0334269
WY026,37,未记录,溪流,387844273,2.61,109.162054,23.0340032
WY026,38,未记录,溪流,387844273,2.61,109.1620849,23.034423
WY026,39,未记录,溪流,387844273,2.61,109.1620153,23.0352769
WY026,40,未记录,溪流,387844273,2.61,109.161822,23.0365079
WY026,41,未记录,溪流,387844273,2.61,109.161938,23.0368281
WY026,42,未记录,溪流,387844273,2.61,109.1620927,23.0370059
WY026,43,未记录,溪流,387844273,2.61,109.1623246,23.0369277
WY026,44,未记录,溪流,387844273,2.61,109.1624793,23.0369633
WY026,45,未记录,溪流,387844273,2.61,109.162603,23.0371554
WY026,46,未记录,溪流,387844273,2.61,109.1629586,23.0373759
WY026,47,未记录,溪流,387844273,2.61,109.1628736,23.0379238
WY026,48,未记录,溪流,387844273,2.61,109.1627344,23.0381657
WY026,49,未记录,溪流,387844273,2.61,109.1622396,23.0385713
WY026,50,未记录,溪流,387844273,2.61,109.1619071,23.0385073
WY026,51,未记录,溪流,387844273,2.61,109.1613427,23.0382867
WY026,52,未记录,溪流,387844273,2.61,109.1610256,23.0383152
WY026,53,未记录,溪流,387844273,2.61,109.160987,23.0385286
WY026,54,未记录,溪流,387844273,2.61,109.1612612,23.0386769
WY027,1,未记录,河流,387844275,6.078,109.1583813,23.0459995
WY027,2,未记录,河流,387844275,6.078,109.1582267,23.0460706
WY027,3,未记录,河流,387844275,6.078,109.1579483,23.0459283
WY027,4,未记录,河流,387844275,6.078,109.1574612,23.044669
WY027,5,未记录,河流,387844275,6.078,109.1571751,23.0443132
WY027,6,未记录,河流,387844275,6.078,109.1568272,23.0445196
WY027,7,未记录,河流,387844275,6.078,109.1564097,23.0450461
WY027,8,未记录,河流,387844275,6.078,109.1559921,23.0456224
WY027,9,未记录,河流,387844275,6.078,109.155737,23.0457006
WY027,10,未记录,河流,387844275,6.078,109.155389,23.0456793
WY027,11,未记录,河流,387844275,6.078,109.1545076,23.0448184
WY027,12,未记录,河流,387844275,6.078,109.1542524,23.0446903
WY027,13,未记录,河流,387844275,6.078,109.1537653,23.0448753
WY027,14,未记录,河流,387844275,6.078,109.1534483,23.0452382
WY027,15,未记录,河流,387844275,6.078,109.1531854,23.0454089
WY027,16,未记录,河流,387844275,6.078,109.1524432,23.045601
WY027,17,未记录,河流,387844275,6.078,109.1520411,23.0457789
WY027,18,未记录,河流,387844275,6.078,109.1518246,23.0459995
WY027,19,未记录,河流,387844275,6.078,109.1518633,23.0461773
WY027,20,未记录,河流,387844275,6.078,109.1524432,23.0466113
WY027,21,未记录,河流,387844275,6.078,109.1525205,23.0469529
WY027,22,未记录,河流,387844275,6.078,109.1524045,23.0474082
WY027,23,未记录,河流,387844275,6.078,109.1520024,23.0478493
WY027,24,未记录,河流,387844275,6.078,109.151554,23.0479845
WY027,25,未记录,河流,387844275,6.078,109.1506339,23.047956
WY027,26,未记录,河流,387844275,6.078,109.1494122,23.0474011
WY027,27,未记录,河流,387844275,6.078,109.1488555,23.0473584
WY027,28,未记录,河流,387844275,6.078,109.1487318,23.0475078
WY027,29,未记录,河流,387844275,6.078,109.1487937,23.0478351
WY027,30,未记录,河流,387844275,6.078,109.1491493,23.0482406
WY027,31,未记录,河流,387844275,6.078,109.149188,23.0487316
WY027,32,未记录,河流,387844275,6.078,109.1489483,23.0488454
WY027,33,未记录,河流,387844275,6.078,109.1487473,23.0491798
WY027,34,未记录,河流,387844275,6.078,109.1492344,23.0496636
WY027,35,未记录,河流,387844275,6.078,109.1493117,23.0498059
WY027,36,未记录,河流,387844275,6.078,109.1489483,23.0502968
WY027,37,未记录,河流,387844275,6.078,109.1478426,23.0505814
WY027,38,未记录,河流,387844275,6.078,109.1469148,23.0504177
WY027,39,未记录,河流,387844275,6.078,109.1464586,23.050183
WY027,40,未记录,河流,387844275,6.078,109.1463349,23.0497845
WY027,41,未记录,河流,387844275,6.078,109.1448736,23.048881
WY027,42,未记录,河流,387844275,6.078,109.1439225,23.0484825
WY027,43,未记录,河流,387844275,6.078,109.1432962,23.0486604
WY027,44,未记录,河流,387844275,6.078,109.1429483,23.0492296
WY027,45,未记录,河流,387844275,6.078,109.1430101,23.0495782
WY027,46,未记录,河流,387844275,6.078,109.1440153,23.0506312
WY027,47,未记录,河流,387844275,6.078,109.1442782,23.0510225
WY027,48,未记录,河流,387844275,6.078,109.1442163,23.0512146
WY027,49,未记录,河流,387844275,6.078,109.1439225,23.0513071
WY027,50,未记录,河流,387844275,6.078,109.1435591,23.0512857
WY027,51,未记录,河流,387844275,6.078,109.1406751,23.0501545
WY027,52,未记录,河流,387844275,6.078,109.1397705,23.050183
WY027,53,未记录,河流,387844275,6.078,109.1393607,23.0505529
WY027,54,未记录,河流,387844275,6.078,109.1390514,23.050809
WY027,55,未记录,河流,387844275,6.078,109.1381235,23.0511079
WY027,56,未记录,河流,387844275,6.078,109.137505,23.051243
WY027,57,未记录,河流,387844275,6.078,109.1362988,23.0519189
WY027,58,未记录,河流,387844275,6.078,109.1360746,23.0520185
WY027,59,未记录,河流,387844275,6.078,109.1349302,23.0525735
WY027,60,未记录,河流,387844275,6.078,109.1322704,23.0529576
WY027,61,未记录,河流,387844275,6.078,109.131822,23.0532707
WY027,62,未记录,河流,387844275,6.078,109.1317292,23.0538398
WY027,63,未记录,河流,387844275,6.078,109.1317833,23.0544232
WY027,64,未记录,河流,387844275,6.078,109.1315668,23.0547292
WY027,65,未记录,河流,387844275,6.078,109.1316364,23.0549212
WY027,66,未记录,河流,387844275,6.078,109.1319921,23.0550706
WY027,67,未记录,河流,387844275,6.078,109.1320462,23.0552627
WY027,68,未记录,河流,387844275,6.078,109.1318606,23.0557038
WY027,69,未记录,河流,387844275,6.078,109.131822,23.0559742
WY027,70,未记录,河流,387844275,6.078,109.1327962,23.0571836
WY027,71,未记录,河流,387844275,6.078,109.132974,23.05808
WY027,72,未记录,河流,387844275,6.078,109.1328658,23.0584286
WY027,73,未记录,河流,387844275,6.078,109.1325101,23.058514
WY027,74,未记录,河流,387844275,6.078,109.1319998,23.0584499
WY027,75,未记录,河流,387844275,6.078,109.1313349,23.0584428
WY027,76,未记录,河流,387844275,6.078,109.1311106,23.059012
WY027,77,未记录,河流,387844275,6.078,109.1304844,23.0595313
WY027,78,未记录,河流,387844275,6.078,109.130407,23.0601147
WY027,79,未记录,河流,387844275,6.078,109.1305462,23.0604135
WY027,80,未记录,河流,387844275,6.078,109.1314895,23.0614948
WY027,81,未记录,河流,387844275,6.078,109.1319998,23.0617438
WY027,82,未记录,河流,387844275,6.078,109.132224,23.0620141
WY027,83,未记录,河流,387844275,6.078,109.1325565,23.0628322
WY027,84,未记录,河流,387844275,6.078,109.1327885,23.0637997
WY027,85,未记录,河流,387844275,6.078,109.1328117,23.0653363
WY027,86,未记录,河流,387844275,6.078,109.1326462,23.0657273
WY028,1,未记录,河流,387844276,8.077,109.1326462,23.0657273
WY028,2,未记录,河流,387844276,8.077,109.1325302,23.0658411
WY028,3,未记录,河流,387844276,8.077,109.1321514,23.0658767
WY028,4,未记录,河流,387844276,8.077,109.1315019,23.0650657
WY028,5,未记录,河流,387844276,8.077,109.1312699,23.0644254
WY028,6,未记录,河流,387844276,8.077,109.1308988,23.0638137
WY028,7,未记录,河流,387844276,8.077,109.1307132,23.0631165
WY028,8,未记录,河流,387844276,8.077,109.1306436,23.0627323
WY028,9,未记录,河流,387844276,8.077,109.1305199,23.0625972
WY028,10,未记录,河流,387844276,8.077,109.1300637,23.0627039
WY028,11,未记录,河流,387844276,8.077,109.1297235,23.0630453
WY028,12,未记录,河流,387844276,8.077,109.1294529,23.0642405
WY028,13,未记录,河流,387844276,8.077,109.1292209,23.065144
WY028,14,未记录,河流,387844276,8.077,109.1290508,23.0652293
WY028,15,未记录,河流,387844276,8.077,109.128641,23.0652364
WY028,16,未记录,河流,387844276,8.077,109.1281153,23.064895
WY028,17,未记录,河流,387844276,8.077,109.1279297,23.0642974
WY028,18,未记录,河流,387844276,8.077,109.1275586,23.0640413
WY028,19,未记录,河流,387844276,8.077,109.1270714,23.0640413
WY028,20,未记录,河流,387844276,8.077,109.1259503,23.0637354
WY028,21,未记录,河流,387844276,8.077,109.125672,23.0633086
WY028,22,未记录,河流,387844276,8.077,109.1257493,23.0626114
WY028,23,未记录,河流,387844276,8.077,109.1259812,23.0621988
WY028,24,未记录,河流,387844276,8.077,109.1261281,23.0617577
WY028,25,未记录,河流,387844276,8.077,109.126391,23.0613949
WY028,26,未记录,河流,387844276,8.077,109.1270251,23.0610178
WY028,27,未记录,河流,387844276,8.077,109.1280998,23.0609894
WY028,28,未记录,河流,387844276,8.077,109.1285946,23.0608827
WY028,29,未记录,河流,387844276,8.077,109.1284787,23.0604131
WY028,30,未记录,河流,387844276,8.077,109.1280534,23.0601997
WY028,31,未记录,河流,387844276,8.077,109.1278756,23.0600076
WY028,32,未记录,河流,387844276,8.077,109.1277055,23.0586702
WY028,33,未记录,河流,387844276,8.077,109.1274503,23.0578093
WY028,34,未记录,河流,387844276,8.077,109.1270251,23.0577382
WY028,35,未记录,河流,387844276,8.077,109.1266771,23.0579232
WY028,36,未记录,河流,387844276,8.077,109.1255637,23.0594527
WY028,37,未记录,河流,387844276,8.077,109.1247441,23.0599863
WY028,38,未记录,河流,387844276,8.077,109.1241256,23.0600147
WY028,39,未记录,河流,387844276,8.077,109.1229735,23.0593104
WY028,40,未记录,河流,387844276,8.077,109.1221926,23.0585137
WY028,41,未记录,河流,387844276,8.077,109.1219993,23.0584994
WY028,42,未记录,河流,387844276,8.077,109.1217441,23.0588125
WY028,43,未记录,河流,387844276,8.077,109.1214426,23.0593958
WY028,44,未记录,河流,387844276,8.077,109.1207158,23.0599151
WY028,45,未记录,河流,387844276,8.077,109.1204142,23.0597017
WY028,46,未记录,河流,387844276,8.077,109.119873,23.0592749
WY028,47,未记录,河流,387844276,8.077,109.119324,23.0581935
WY028,48,未记录,河流,387844276,8.077,109.1193008,23.0575319
WY028,49,未记录,河流,387844276,8.077,109.1187364,23.0566497
WY028,50,未记录,河流,387844276,8.077,109.1179786,23.0564861
WY028,51,未记录,河流,387844276,8.077,109.1173601,23.0567778
WY028,52,未记录,河流,387844276,8.077,109.117391,23.0581081
WY028,53,未记录,河流,387844276,8.077,109.117708,23.0593033
WY028,54,未记录,河流,387844276,8.077,109.1175379,23.0601215
WY028,55,未记录,河流,387844276,8.077,109.1172054,23.0603633
WY028,56,未记录,河流,387844276,8.077,109.1166333,23.0601428
WY028,57,未记录,河流,387844276,8.077,109.1160457,23.059097
WY028,58,未记录,河流,387844276,8.077,109.1156201,23.0584962
WY028,59,未记录,河流,387844276,8.077,109.1151608,23.0585566
WY028,60,未记录,河流,387844276,8.077,109.1149203,23.0592407
WY028,61,未记录,河流,387844276,8.077,109.1149312,23.0606794
WY028,62,未记录,河流,387844276,8.077,109.1147562,23.0614139
WY028,63,未记录,河流,387844276,8.077,109.1138815,23.0617962
WY028,64,未记录,河流,387844276,8.077,109.1123615,23.0613636
WY028,65,未记录,河流,387844276,8.077,109.1095623,23.0589389
WY028,66,未记录,河流,387844276,8.077,109.1095335,23.0579657
WY028,67,未记录,河流,387844276,8.077,109.109286,23.0576669
WY028,68,未记录,河流,387844276,8.077,109.1087525,23.0576954
WY028,69,未记录,河流,387844276,8.077,109.1079948,23.0581151
WY028,70,未记录,河流,387844276,8.077,109.1063943,23.0584637
WY028,71,未记录,河流,387844276,8.077,109.1043298,23.0586344
WY028,72,未记录,河流,387844276,8.077,109.1034484,23.0583356
WY028,73,未记录,河流,387844276,8.077,109.1032164,23.0575815
WY028,74,未记录,河流,387844276,8.077,109.1035876,23.0558741
WY028,75,未记录,河流,387844276,8.077,109.1047783,23.0555611
WY028,76,未记录,河流,387844276,8.077,109.1062319,23.056927
WY028,77,未记录,河流,387844276,8.077,109.1070515,23.0561018
WY028,78,未记录,河流,387844276,8.077,109.1070515,23.0551484
WY028,79,未记录,河流,387844276,8.077,109.1054232,23.0539912
WY028,80,未记录,河流,387844276,8.077,109.1046191,23.053913
WY028,81,未记录,河流,387844276,8.077,109.1034748,23.0542545
WY028,82,未记录,河流,387844276,8.077,109.1028408,23.0540197
WY028,83,未记录,河流,387844276,8.077,109.1027325,23.0534932
WY028,84,未记录,河流,387844276,8.077,109.1034671,23.0523762
WY028,85,未记录,河流,387844276,8.077,109.1036062,23.0517857
WY028,86,未记录,河流,387844276,8.077,109.1031732,23.0515082
WY028,87,未记录,河流,387844276,8.077,109.1017506,23.0517146
WY028,88,未记录,河流,387844276,8.077,109.1011243,23.0515723
WY028,89,未记录,河流,387844276,8.077,109.1007635,23.0511547
WY029,1,南河,河流,445075493,7.704,109.0730372,23.195715
WY029,2,南河,河流,445075493,7.704,109.0729943,23.196642
WY029,3,南河,河流,445075493,7.704,109.0725222,23.1969773
WY029,4,南河,河流,445075493,7.704,109.0716693,23.1967939
WY029,5,南河,河流,445075493,7.704,109.0702048,23.1953995
WY029,6,南河,河流,445075493,7.704,109.0694752,23.1954586
WY029,7,南河,河流,445075493,7.704,109.0689602,23.196859
WY029,8,南河,河流,445075493,7.704,109.068574,23.1982198
WY029,9,南河,河流,445075493,7.704,109.0672007,23.1974506
WY029,10,南河,河流,445075493,7.704,109.0666857,23.1973915
WY029,11,南河,河流,445075493,7.704,109.0665141,23.1980226
WY029,12,南河,河流,445075493,7.704,109.0664926,23.1990285
WY029,13,南河,河流,445075493,7.704,109.0671793,23.1999357
WY029,14,南河,河流,445075493,7.704,109.0681878,23.200409
WY029,15,南河,河流,445075493,7.704,109.0686384,23.2012966
WY029,16,南河,河流,445075493,7.704,109.0684882,23.2016516
WY029,17,南河,河流,445075493,7.704,109.0679947,23.2015727
WY029,18,南河,河流,445075493,7.704,109.0672865,23.2013163
WY029,19,南河,河流,445075493,7.704,109.065806,23.2015924
WY029,20,南河,河流,445075493,7.704,109.0655699,23.2019079
WY029,21,南河,河流,445075493,7.704,109.0663049,23.2035784
WY029,22,南河,河流,445075493,7.704,109.0662351,23.2039985
WY029,23,南河,河流,445075493,7.704,109.0656772,23.2040182
WY029,24,南河,河流,445075493,7.704,109.0645185,23.2030124
WY029,25,南河,河流,445075493,7.704,109.0637889,23.202756
WY029,26,南河,河流,445075493,7.704,109.0632579,23.2030854
WY029,27,南河,河流,445075493,7.704,109.0630165,23.203466
WY029,28,南河,河流,445075493,7.704,109.0626302,23.2049649
WY029,29,南河,河流,445075493,7.704,109.0621785,23.2058129
WY029,30,南河,河流,445075493,7.704,109.0617494,23.2056946
WY029,31,南河,河流,445075493,7.704,109.0607194,23.2045901
WY029,32,南河,河流,445075493,7.704,109.0597324,23.2045507
WY029,33,南河,河流,445075493,7.704,109.0597753,23.2056551
WY029,34,南河,河流,445075493,7.704,109.0609342,23.2096366
WY029,35,南河,河流,445075493,7.704,109.0608975,23.2099879
WY029,36,南河,河流,445075493,7.704,109.0603579,23.2103053
WY029,37,南河,河流,445075493,7.704,109.0596836,23.2103944
WY029,38,南河,河流,445075493,7.704,109.0575139,23.2101151
WY029,39,南河,河流,445075493,7.704,109.0561415,23.2095546
WY029,40,南河,河流,445075493,7.704,109.0557052,23.2092825
WY029,41,南河,河流,445075493,7.704,109.0551273,23.208703
WY029,42,南河,河流,445075493,7.704,109.0548237,23.2083852
WY029,43,南河,河流,445075493,7.704,109.0545167,23.2084155
WY029,44,南河,河流,445075493,7.704,109.0542995,23.2086165
WY029,45,南河,河流,445075493,7.704,109.0540667,23.2088889
WY029,46,南河,河流,445075493,7.704,109.0536427,23.2116473
WY029,47,南河,河流,445075493,7.704,109.0535156,23.2120665
WY029,48,南河,河流,445075493,7.704,109.0532964,23.2122683
WY029,49,南河,河流,445075493,7.704,109.0528908,23.2122037
WY029,50,南河,河流,445075493,7.704,109.0518789,23.2115715
WY029,51,南河,河流,445075493,7.704,109.0512687,23.2116334
WY029,52,南河,河流,445075493,7.704,109.0505033,23.2119331
WY029,53,南河,河流,445075493,7.704,109.0498935,23.2118724
WY029,54,南河,河流,445075493,7.704,109.0493679,23.2117519
WY029,55,南河,河流,445075493,7.704,109.0488941,23.211817
WY029,56,南河,河流,445075493,7.704,109.0487022,23.2120898
WY029,57,南河,河流,445075493,7.704,109.0482622,23.2141727
WY029,58,南河,河流,445075493,7.704,109.0474081,23.21627
WY029,59,南河,河流,445075493,7.704,109.0473027,23.2168101
WY029,60,南河,河流,445075493,7.704,109.0471715,23.217355
WY029,61,南河,河流,445075493,7.704,109.0469544,23.2179464
WY029,62,南河,河流,445075493,7.704,109.0464542,23.2180333
WY029,63,南河,河流,445075493,7.704,109.0459191,23.2175207
WY029,64,南河,河流,445075493,7.704,109.0455993,23.21759
WY029,65,南河,河流,445075493,7.704,109.0454762,23.2178304
WY029,66,南河,河流,445075493,7.704,109.0453631,23.2189074
WY029,67,南河,河流,445075493,7.704,109.0454285,23.220294
WY029,68,南河,河流,445075493,7.704,109.0456181,23.2210623
WY029,69,南河,河流,445075493,7.704,109.0464337,23.2228291
WY029,70,南河,河流,445075493,7.704,109.0465095,23.2232736
WY029,71,南河,河流,445075493,7.704,109.0461711,23.2235218
WY029,72,南河,河流,445075493,7.704,109.0456921,23.2234907
WY029,73,南河,河流,445075493,7.704,109.0451943,23.2235897
WY029,74,南河,河流,445075493,7.704,109.0445567,23.2238869
WY029,75,南河,河流,445075493,7.704,109.0442898,23.2239181
WY029,76,南河,河流,445075493,7.704,109.0440228,23.223798
WY029,77,南河,河流,445075493,7.704,109.0433674,23.2231342
WY029,78,南河,河流,445075493,7.704,109.0429786,23.223028
WY029,79,南河,河流,445075493,7.704,109.0426261,23.2231374
WY029,80,南河,河流,445075493,7.704,109.0425959,23.2234016
WY029,81,南河,河流,445075493,7.704,109.0428878,23.2243955
WY029,82,南河,河流,445075493,7.704,109.04321338505515,23.2247021
WY030,1,未记录,溪流,488119419,8.689,109.2048848,22.9053476
WY030,2,未记录,溪流,488119419,8.689,109.2051905,22.9051549
WY030,3,未记录,溪流,488119419,8.689,109.2055392,22.9048683
WY030,4,未记录,溪流,488119419,8.689,109.2061722,22.9047645
WY030,5,未记录,溪流,488119419,8.689,109.2066872,22.9045026
WY030,6,未记录,溪流,488119419,8.689,109.2069071,22.904473
WY030,7,未记录,溪流,488119419,8.689,109.2076045,22.9048732
WY030,8,未记录,溪流,488119419,8.689,109.2078674,22.904972
WY030,9,未记录,溪流,488119419,8.689,109.2081571,22.9048683
WY030,10,未记录,溪流,488119419,8.689,109.2085272,22.9047101
WY030,11,未记录,溪流,488119419,8.689,109.2089403,22.9047052
WY030,12,未记录,溪流,488119419,8.689,109.2090583,22.9046311
WY030,13,未记录,溪流,488119419,8.689,109.209246,22.9045471
WY030,14,未记录,溪流,488119419,8.689,109.2099166,22.9046558
WY030,15,未记录,溪流,488119419,8.689,109.2102063,22.9045866
WY030,16,未记录,溪流,488119419,8.689,109.2106461,22.9046756
WY030,17,未记录,溪流,488119419,8.689,109.2109251,22.9048782
WY030,18,未记录,溪流,488119419,8.689,109.2116547,22.9050116
WY030,19,未记录,溪流,488119419,8.689,109.2117888,22.9051944
WY030,20,未记录,溪流,488119419,8.689,109.2119336,22.9054563
WY030,21,未记录,溪流,488119419,8.689,109.2119497,22.905733
WY030,22,未记录,溪流,488119419,8.689,109.2122716,22.9057973
WY030,23,未记录,溪流,488119419,8.689,109.2128509,22.9059504
WY030,24,未记录,溪流,488119419,8.689,109.213264,22.9060196
WY030,25,未记录,溪流,488119419,8.689,109.2134786,22.9059653
WY030,26,未记录,溪流,488119419,8.689,109.2136234,22.9059356
WY030,27,未记录,溪流,488119419,8.689,109.2137521,22.9061975
WY030,28,未记录,溪流,488119419,8.689,109.213779,22.9064545
WY030,29,未记录,溪流,488119419,8.689,109.213897,22.9066373
WY030,30,未记录,溪流,488119419,8.689,109.2141545,22.9066669
WY030,31,未记录,溪流,488119419,8.689,109.2143798,22.9065236
WY030,32,未记录,溪流,488119419,8.689,109.2153507,22.9067015
WY030,33,未记录,溪流,488119419,8.689,109.215517,22.9065731
WY030,34,未记录,溪流,488119419,8.689,109.2156351,22.9063655
WY030,35,未记录,溪流,488119419,8.689,109.2158711,22.9062025
WY030,36,未记录,溪流,488119419,8.689,109.2161608,22.9061679
WY030,37,未记录,溪流,488119419,8.689,109.2163432,22.9063705
WY030,38,未记录,溪流,488119419,8.689,109.2168796,22.90641
WY030,39,未记录,溪流,488119419,8.689,109.2170566,22.9063013
WY030,40,未记录,溪流,488119419,8.689,109.2170459,22.9059751
WY030,41,未记录,溪流,488119419,8.689,109.21718,22.9058664
WY030,42,未记录,溪流,488119419,8.689,109.2176789,22.906153
WY030,43,未记录,溪流,488119419,8.689,109.2181617,22.906237
WY030,44,未记录,溪流,488119419,8.689,109.2191059,22.9060591
WY030,45,未记录,溪流,488119419,8.689,109.2199642,22.9056638
WY030,46,未记录,溪流,488119419,8.689,109.2205006,22.9049918
WY030,47,未记录,溪流,488119419,8.689,109.220565,22.9041418
WY030,48,未记录,溪流,488119419,8.689,109.2206937,22.9037267
WY030,49,未记录,溪流,488119419,8.689,109.2211872,22.9035884
WY030,50,未记录,溪流,488119419,8.689,109.2216593,22.9035884
WY030,51,未记录,溪流,488119419,8.689,109.2220885,22.90345
WY030,52,未记录,溪流,488119419,8.689,109.2222172,22.9026198
WY030,53,未记录,溪流,488119419,8.689,109.2226678,22.9026594
WY030,54,未记录,溪流,488119419,8.689,109.2229039,22.9030349
WY030,55,未记录,溪流,488119419,8.689,109.2233545,22.9032524
WY030,56,未记录,溪流,488119419,8.689,109.2237836,22.9030152
WY030,57,未记录,溪流,488119419,8.689,109.2239338,22.9026198
WY030,58,未记录,溪流,488119419,8.689,109.2243201,22.9023826
WY030,59,未记录,溪流,488119419,8.689,109.2252212,22.9023134
WY030,60,未记录,溪流,488119419,8.689,109.2259616,22.9026297
WY030,61,未记录,溪流,488119419,8.689,109.2268735,22.9029657
WY030,62,未记录,溪流,488119419,8.689,109.2273348,22.90261
WY030,63,未记录,溪流,488119419,8.689,109.2274314,22.9028867
WY030,64,未记录,溪流,488119419,8.689,109.227292,22.9034105
WY030,65,未记录,溪流,488119419,8.689,109.2278392,22.9036575
WY030,66,未记录,溪流,488119419,8.689,109.2285258,22.9035488
WY030,67,未记录,溪流,488119419,8.689,109.2373234,22.9031338
WY030,68,未记录,溪流,488119419,8.689,109.2504984,22.9023826
WY030,69,未记录,溪流,488119419,8.689,109.2517001,22.9023826
WY030,70,未记录,溪流,488119419,8.689,109.2590815,22.9019083
WY030,71,未记录,溪流,488119419,8.689,109.2661196,22.9017106
WY030,72,未记录,溪流,488119419,8.689,109.2750675,22.9052882
WY030,73,未记录,溪流,488119419,8.689,109.2755395,22.9054068
WY030,74,未记录,溪流,488119419,8.689,109.2768485,22.90598
WY030,75,未记录,溪流,488119419,8.689,109.2782861,22.9064149
WY030,76,未记录,溪流,488119419,8.689,109.2786938,22.9066718
WY030,77,未记录,溪流,488119419,8.689,109.2788869,22.9070671
WY030,78,未记录,溪流,488119419,8.689,109.2789513,22.9074625
WY030,79,未记录,溪流,488119419,8.689,109.2792732,22.9077589
WY030,80,未记录,溪流,488119419,8.689,109.2797023,22.907838
WY030,81,未记录,溪流,488119419,8.689,109.2801529,22.9077787
WY030,82,未记录,溪流,488119419,8.689,109.2802982,22.9076038
WY031,1,未记录,溪流,488313197,5.219,109.3310492,22.9454607
WY031,2,未记录,溪流,488313197,5.219,109.331941,22.944157
WY031,3,未记录,溪流,488313197,5.219,109.3320858,22.9439445
WY031,4,未记录,溪流,488313197,5.219,109.3326223,22.9434999
WY031,5,未记录,溪流,488313197,5.219,109.3331426,22.9429516
WY031,6,未记录,溪流,488313197,5.219,109.3338776,22.9425712
WY031,7,未记录,溪流,488313197,5.219,109.3341351,22.9424329
WY031,8,未记录,溪流,488313197,5.219,109.3345159,22.9418401
WY031,9,未记录,溪流,488313197,5.219,109.3351811,22.9411188
WY031,10,未记录,溪流,488313197,5.219,109.3351382,22.9405828
WY031,11,未记录,溪流,488313197,5.219,109.3347251,22.9396047
WY031,12,未记录,溪流,488313197,5.219,109.3338883,22.9383326
WY031,13,未记录,溪流,488313197,5.219,109.3328637,22.9365961
WY031,14,未记录,溪流,488313197,5.219,109.3327618,22.936191
WY031,15,未记录,溪流,488313197,5.219,109.3330086,22.9360724
WY031,16,未记录,溪流,488313197,5.219,109.3346286,22.9352078
WY031,17,未记录,溪流,488313197,5.219,109.3352509,22.9344569
WY031,18,未记录,溪流,488313197,5.219,109.3354011,22.9340222
WY031,19,未记录,溪流,488313197,5.219,109.3353796,22.9331922
WY031,20,未记录,溪流,488313197,5.219,109.335208,22.9322436
WY031,21,未记录,溪流,488313197,5.219,109.3355942,22.9309591
WY031,22,未记录,溪流,488313197,5.219,109.3355942,22.9301291
WY031,23,未记录,溪流,488313197,5.219,109.3357873,22.9292595
WY031,24,未记录,溪流,488313197,5.219,109.3360663,22.9284493
WY031,25,未记录,溪流,488313197,5.219,109.3359804,22.9255244
WY031,26,未记录,溪流,488313197,5.219,109.3361092,22.9242201
WY031,27,未记录,溪流,488313197,5.219,109.3358946,22.9238446
WY031,28,未记录,溪流,488313197,5.219,109.3355084,22.9236272
WY031,29,未记录,溪流,488313197,5.219,109.3346715,22.9235481
WY031,30,未记录,溪流,488313197,5.219,109.3342424,22.9234098
WY031,31,未记录,溪流,488313197,5.219,109.3339634,22.9230738
WY031,32,未记录,溪流,488313197,5.219,109.3339634,22.922224
WY031,33,未记录,溪流,488313197,5.219,109.3340922,22.921809
WY031,34,未记录,溪流,488313197,5.219,109.335208,22.9209592
WY031,35,未记录,溪流,488313197,5.219,109.3369031,22.9202872
WY031,36,未记录,溪流,488313197,5.219,109.337225,22.919971
WY031,37,未记录,溪流,488313197,5.219,109.3375254,22.9196152
WY031,38,未记录,溪流,488313197,5.219,109.3379331,22.9187852
WY031,39,未记录,溪流,488313197,5.219,109.3381262,22.9175203
WY031,40,未记录,溪流,488313197,5.219,109.3381262,22.9166507
WY031,41,未记录,溪流,488313197,5.219,109.3379331,22.9158206
WY031,42,未记录,溪流,488313197,5.219,109.3376541,22.9150498
WY031,43,未记录,溪流,488313197,5.219,109.3374181,22.9146742
WY031,44,未记录,溪流,488313197,5.219,109.3370748,22.9144173
WY031,45,未记录,溪流,488313197,5.219,109.3366242,22.9143778
WY031,46,未记录,溪流,488313197,5.219,109.336195,22.9145161
WY031,47,未记录,溪流,488313197,5.219,109.335723,22.9152079
WY031,48,未记录,溪流,488313197,5.219,109.3351436,22.9158601
WY031,49,未记录,溪流,488313197,5.219,109.3348003,22.9161566
WY031,50,未记录,溪流,488313197,5.219,109.3340493,22.9165914
WY031,51,未记录,溪流,488313197,5.219,109.3331266,22.9165321
WY031,52,未记录,溪流,488313197,5.219,109.3327189,22.9163542
WY031,53,未记录,溪流,488313197,5.219,109.3322039,22.9156624
WY031,54,未记录,溪流,488313197,5.219,109.3320752,22.9152672
WY031,55,未记录,溪流,488313197,5.219,109.3320752,22.9143975
WY031,56,未记录,溪流,488313197,5.219,109.3324238,22.9124828
WY032,1,南河,河流,521885876,7.997,109.0883858,23.156953
WY032,2,南河,河流,521885876,7.997,109.0881352,23.1570451
WY032,3,南河,河流,521885876,7.997,109.087856,23.1570057
WY032,4,南河,河流,521885876,7.997,109.0869181,23.1565449
WY032,5,南河,河流,521885876,7.997,109.086331,23.1563737
WY032,6,南河,河流,521885876,7.997,109.0857869,23.1563408
WY032,7,南河,河流,521885876,7.997,109.0848132,23.1566568
WY032,8,南河,河流,521885876,7.997,109.0841187,23.1572755
WY032,9,南河,河流,521885876,7.997,109.0836534,23.1580326
WY032,10,南河,河流,521885876,7.997,109.0835317,23.1582037
WY032,11,南河,河流,521885876,7.997,109.0827226,23.158388
WY032,12,南河,河流,521885876,7.997,109.0824076,23.1583748
WY032,13,南河,河流,521885876,7.997,109.0815914,23.157789
WY032,14,南河,河流,521885876,7.997,109.0813838,23.1572229
WY032,15,南河,河流,521885876,7.997,109.0808755,23.1571044
WY032,16,南河,河流,521885876,7.997,109.0805461,23.1573216
WY032,17,南河,河流,521885876,7.997,109.0804316,23.1579141
WY032,18,南河,河流,521885876,7.997,109.0807108,23.1584078
WY032,19,南河,河流,521885876,7.997,109.081212,23.1588356
WY032,20,南河,河流,521885876,7.997,109.0814482,23.1592372
WY032,21,南河,河流,521885876,7.997,109.0814482,23.1595926
WY032,22,南河,河流,521885876,7.997,109.0810688,23.160343
WY032,23,南河,河流,521885876,7.997,109.0809757,23.1607117
WY032,24,南河,河流,521885876,7.997,109.0816559,23.161699
WY032,25,南河,河流,521885876,7.997,109.0814983,23.1622322
WY032,26,南河,河流,521885876,7.997,109.0810187,23.1626074
WY032,27,南河,河流,521885876,7.997,109.079508,23.1632722
WY032,28,南河,河流,521885876,7.997,109.0790713,23.1639963
WY032,29,南河,河流,521885876,7.997,109.0789925,23.1642925
WY032,30,南河,河流,521885876,7.997,109.0792502,23.164615
WY032,31,南河,河流,521885876,7.997,109.0795151,23.1649376
WY032,32,南河,河流,521885876,7.997,109.0803027,23.1657999
WY032,33,南河,河流,521885876,7.997,109.0810473,23.1662145
WY032,34,南河,河流,521885876,7.997,109.0816559,23.166649
WY032,35,南河,河流,521885876,7.997,109.082651,23.1666951
WY032,36,南河,河流,521885876,7.997,109.0833097,23.1669518
WY032,37,南河,河流,521885876,7.997,109.0834744,23.167689
WY032,38,南河,河流,521885876,7.997,109.0835675,23.1681497
WY032,39,南河,河流,521885876,7.997,109.0837106,23.1686829
WY032,40,南河,河流,521885876,7.997,109.0837751,23.1691305
WY032,41,南河,河流,521885876,7.997,109.0836748,23.1693674
WY032,42,南河,河流,521885876,7.997,109.0820568,23.1691765
WY032,43,南河,河流,521885876,7.997,109.0816559,23.1693806
WY032,44,南河,河流,521885876,7.997,109.081305,23.1697952
WY032,45,南河,河流,521885876,7.997,109.0813194,23.1705983
WY032,46,南河,河流,521885876,7.997,109.0814983,23.171059
WY032,47,南河,河流,521885876,7.997,109.0823145,23.1714408
WY032,48,南河,河流,521885876,7.997,109.08283,23.171704
WY032,49,南河,河流,521885876,7.997,109.0829374,23.1720068
WY032,50,南河,河流,521885876,7.997,109.0827083,23.1722108
WY032,51,南河,河流,521885876,7.997,109.0818134,23.1724873
WY032,52,南河,河流,521885876,7.997,109.0811762,23.1730994
WY032,53,南河,河流,521885876,7.997,109.0809542,23.1737115
WY032,54,南河,河流,521885876,7.997,109.0809399,23.1741064
WY032,55,南河,河流,521885876,7.997,109.0812191,23.1745935
WY032,56,南河,河流,521885876,7.997,109.0817203,23.1748107
WY032,57,南河,河流,521885876,7.997,109.0827513,23.174916
WY032,58,南河,河流,521885876,7.997,109.0833527,23.1749358
WY032,59,南河,河流,521885876,7.997,109.0836963,23.1752056
WY032,60,南河,河流,521885876,7.997,109.0836247,23.1754623
WY032,61,南河,河流,521885876,7.997,109.0828157,23.1757848
WY032,62,南河,河流,521885876,7.997,109.0821879,23.17585
WY032,63,南河,河流,521885876,7.997,109.081722,23.1760268
WY032,64,南河,河流,521885876,7.997,109.0815803,23.1762875
WY032,65,南河,河流,521885876,7.997,109.0817018,23.1765109
WY032,66,南河,河流,521885876,7.997,109.0828056,23.1768647
WY032,67,南河,河流,521885876,7.997,109.0831398,23.1771067
WY032,68,南河,河流,521885876,7.997,109.0832511,23.1773953
WY032,69,南河,河流,521885876,7.997,109.0824309,23.1787172
WY032,70,南河,河流,521885876,7.997,109.0822182,23.1790896
WY032,71,南河,河流,521885876,7.997,109.08236,23.1794992
WY032,72,南河,河流,521885876,7.997,109.0835347,23.1804394
WY032,73,南河,河流,521885876,7.997,109.0835609,23.1806499
WY032,74,南河,河流,521885876,7.997,109.0835752,23.1807652
WY032,75,南河,河流,521885876,7.997,109.0833828,23.1810631
WY032,76,南河,河流,521885876,7.997,109.0821879,23.1812865
WY032,77,南河,河流,521885876,7.997,109.0805575,23.1817892
WY032,78,南河,河流,521885876,7.997,109.0800005,23.1820964
WY032,79,南河,河流,521885876,7.997,109.0786739,23.1823105
WY032,80,南河,河流,521885876,7.997,109.0783195,23.1828504
WY032,81,南河,河流,521885876,7.997,109.0780967,23.183139
WY032,82,南河,河流,521885876,7.997,109.0763752,23.1835858
WY032,83,南河,河流,521885876,7.997,109.0762638,23.1839675
WY032,84,南河,河流,521885876,7.997,109.0770638,23.1855314
WY032,85,南河,河流,521885876,7.997,109.077607,23.1862779
WY032,86,南河,河流,521885876,7.997,109.0790391,23.1879432
WY032,87,南河,河流,521885876,7.997,109.0795188,23.1883711
WY032,88,南河,河流,521885876,7.997,109.0796048,23.1888055
WY032,89,南河,河流,521885876,7.997,109.0791894,23.1891412
WY032,90,南河,河流,521885876,7.997,109.0782299,23.1895295
WY032,91,南河,河流,521885876,7.997,109.0768837,23.1901351
WY032,92,南河,河流,521885876,7.997,109.0760531,23.1904312
WY032,93,南河,河流,521885876,7.997,109.0747785,23.1902338
WY032,94,南河,河流,521885876,7.997,109.0736328,23.1898257
WY032,95,南河,河流,521885876,7.997,109.0733321,23.1899968
WY032,96,南河,河流,521885876,7.997,109.0731674,23.19105
WY032,97,南河,河流,521885876,7.997,109.0729597,23.1916687
WY032,98,南河,河流,521885876,7.997,109.0725731,23.1921689
WY032,99,南河,河流,521885876,7.997,109.0715634,23.1934589
WY032,100,南河,河流,521885876,7.997,109.0715563,23.1940645
WY032,101,南河,河流,521885876,7.997,109.071857,23.1944989
WY032,102,南河,河流,521885876,7.997,109.0730372,23.195715
WY033,1,南河,河流,521885877,3.064,109.0872858,23.1406384
WY033,2,南河,河流,521885877,3.064,109.086785,23.1427848
WY033,3,南河,河流,521885877,3.064,109.0867679,23.1436372
WY033,4,南河,河流,521885877,3.064,109.0862014,23.1447263
WY033,5,南河,河流,521885877,3.064,109.0861997,23.1460374
WY033,6,南河,河流,521885877,3.064,109.0862894,23.1476177
WY033,7,南河,河流,521885877,3.064,109.0868124,23.1490192
WY033,8,南河,河流,521885877,3.064,109.0874251,23.1494177
WY033,9,南河,河流,521885877,3.064,109.0880677,23.1490742
WY033,10,南河,河流,521885877,3.064,109.0887103,23.1480574
WY033,11,南河,河流,521885877,3.064,109.0892931,23.1473291
WY033,12,南河,河流,521885877,3.064,109.0898909,23.1472879
WY033,13,南河,河流,521885877,3.064,109.0909519,23.1479749
WY033,14,南河,河流,521885877,3.064,109.0920802,23.1511008
WY033,15,南河,河流,521885877,3.064,109.0917079,23.1514761
WY033,16,南河,河流,521885877,3.064,109.0912998,23.1526742
WY033,17,南河,河流,521885877,3.064,109.0908201,23.1529375
WY033,18,南河,河流,521885877,3.064,109.0904549,23.1533654
WY033,19,南河,河流,521885877,3.064,109.0902402,23.1534707
WY033,20,南河,河流,521885877,3.064,109.0899466,23.1535168
WY033,21,南河,河流,521885877,3.064,109.0893094,23.1533917
WY033,22,南河,河流,521885877,3.064,109.088751,23.1528651
WY033,23,南河,河流,521885877,3.064,109.0879205,23.1528651
WY033,24,南河,河流,521885877,3.064,109.0872331,23.1533456
WY033,25,南河,河流,521885877,3.064,109.0871329,23.153655
WY033,26,南河,河流,521885877,3.064,109.0874909,23.1542211
WY033,27,南河,河流,521885877,3.064,109.0881281,23.15536
WY033,28,南河,河流,521885877,3.064,109.0888226,23.1559392
WY033,29,南河,河流,521885877,3.064,109.0886579,23.156558
WY033,30,南河,河流,521885877,3.064,109.0883858,23.156953
WY034,1,未记录,河流,521885921,4.745,109.07265802772511,23.2247021
WY034,2,未记录,河流,521885921,4.745,109.0728476,23.2233455
WY034,3,未记录,河流,521885921,4.745,109.0733131,23.2229177
WY034,4,未记录,河流,521885921,4.745,109.0738933,23.2217264
WY034,5,未记录,河流,521885921,4.745,109.0739076,23.2213118
WY034,6,未记录,河流,521885921,4.745,109.0736354,23.2212065
WY034,7,未记录,河流,521885921,4.745,109.0729694,23.2215816
WY034,8,未记录,河流,521885921,4.745,109.0724322,23.2218712
WY034,9,未记录,河流,521885921,4.745,109.0717733,23.2215421
WY034,10,未记录,河流,521885921,4.745,109.0711503,23.2213908
WY034,11,未记录,河流,521885921,4.745,109.0709283,23.2211143
WY034,12,未记录,河流,521885921,4.745,109.0702264,23.2208313
WY034,13,未记录,河流,521885921,4.745,109.0695675,23.220364
WY034,14,未记录,河流,521885921,4.745,109.0689659,23.2202719
WY034,15,未记录,河流,521885921,4.745,109.0685648,23.2200678
WY034,16,未记录,河流,521885921,4.745,109.0681065,23.2197058
WY034,17,未记录,河流,521885921,4.745,109.0676195,23.2195479
WY034,18,未记录,河流,521885921,4.745,109.0674046,23.2196466
WY034,19,未记录,河流,521885921,4.745,109.0671396,23.2196861
WY034,20,未记录,河流,521885921,4.745,109.0667815,23.2194952
WY034,21,未记录,河流,521885921,4.745,109.0664879,23.2188963
WY034,22,未记录,河流,521885921,4.745,109.0662229,23.2187317
WY034,23,未记录,河流,521885921,4.745,109.0655855,23.218791
WY034,24,未记录,河流,521885921,4.745,109.0645685,23.2184685
WY034,25,未记录,河流,521885921,4.745,109.063881,23.2184619
WY034,26,未记录,河流,521885921,4.745,109.0635014,23.2187581
WY034,27,未记录,河流,521885921,4.745,109.063351,23.2194623
WY034,28,未记录,河流,521885921,4.745,109.0631648,23.2198441
WY034,29,未记录,河流,521885921,4.745,109.0628067,23.2198243
WY034,30,未记录,河流,521885921,4.745,109.0627781,23.2194031
WY034,31,未记录,河流,521885921,4.745,109.0624916,23.2189489
WY034,32,未记录,河流,521885921,4.745,109.0618972,23.2186791
WY034,33,未记录,河流,521885921,4.745,109.0615677,23.2183237
WY034,34,未记录,河流,521885921,4.745,109.062155,23.2176721
WY034,35,未记录,河流,521885921,4.745,109.0623054,23.2173364
WY034,36,未记录,河流,521885921,4.745,109.0622266,23.2170007
WY034,37,未记录,河流,521885921,4.745,109.0607727,23.2170402
WY034,38,未记录,河流,521885921,4.745,109.0602571,23.2168954
WY034,39,未记录,河流,521885921,4.745,109.0598202,23.2168625
WY034,40,未记录,河流,521885921,4.745,109.0594335,23.2171521
WY034,41,未记录,河流,521885921,4.745,109.0584666,23.2172706
WY034,42,未记录,河流,521885921,4.745,109.0584308,23.2175141
WY034,43,未记录,河流,521885921,4.745,109.0586027,23.2178498
WY034,44,未记录,河流,521885921,4.745,109.0585597,23.2181591
WY034,45,未记录,河流,521885921,4.745,109.0586886,23.218429
WY034,46,未记录,河流,521885921,4.745,109.0586242,23.2186791
WY034,47,未记录,河流,521885921,4.745,109.0581802,23.2191859
WY034,48,未记录,河流,521885921,4.745,109.0577719,23.2196203
WY034,49,未记录,河流,521885921,4.745,109.0574783,23.2202258
WY034,50,未记录,河流,521885921,4.745,109.0573709,23.2215948
WY034,51,未记录,河流,521885921,4.745,109.0572849,23.221891
WY034,52,未记录,河流,521885921,4.745,109.0570343,23.2219502
WY034,53,未记录,河流,521885921,4.745,109.056404,23.2216145
WY034,54,未记录,河流,521885921,4.745,109.0559098,23.2210814
WY034,55,未记录,河流,521885921,4.745,109.0557093,23.2204825
WY034,56,未记录,河流,521885921,4.745,109.0558382,23.2196729
WY034,57,未记录,河流,521885921,4.745,109.0556878,23.2194755
WY034,58,未记录,河流,521885921,4.745,109.0552653,23.2193241
WY034,59,未记录,河流,521885921,4.745,109.053747,23.219877
WY034,60,未记录,河流,521885921,4.745,109.0532385,23.2203969
WY034,61,未记录,河流,521885921,4.745,109.0529663,23.2206207
WY034,62,未记录,河流,521885921,4.745,109.0522931,23.2205483
WY034,63,未记录,河流,521885921,4.745,109.0518061,23.2202455
WY034,64,未记录,河流,521885921,4.745,109.051183,23.2201007
WY034,65,未记录,河流,521885921,4.745,109.0509324,23.2199099
WY034,66,未记录,河流,521885921,4.745,109.0508679,23.2194821
WY034,67,未记录,河流,521885921,4.745,109.050252,23.219199
WY034,68,未记录,河流,521885921,4.745,109.049543,23.2192385
WY034,69,未记录,河流,521885921,4.745,109.0489127,23.2194097
WY034,70,未记录,河流,521885921,4.745,109.0481249,23.2193833
WY034,71,未记录,河流,521885921,4.745,109.0478528,23.2188765
WY034,72,未记录,河流,521885921,4.745,109.0480175,23.2182184
WY034,73,未记录,河流,521885921,4.745,109.0478528,23.2173166
WY034,74,未记录,河流,521885921,4.745,109.0475734,23.2172179
WY034,75,未记录,河流,521885921,4.745,109.0471715,23.217355
WY035,1,未记录,河流,521885922,4.922,109.1214271,23.1821617
WY035,2,未记录,河流,521885922,4.922,109.1214059,23.1824642
WY035,3,未记录,河流,521885922,4.922,109.1214817,23.1828223
WY035,4,未记录,河流,521885922,4.922,109.1213847,23.1833131
WY035,5,未记录,河流,521885922,4.922,109.1210662,23.183353
WY035,6,未记录,河流,521885922,4.922,109.1207571,23.1833758
WY035,7,未记录,河流,521885922,4.922,109.1198246,23.1830327
WY035,8,未记录,河流,521885922,4.922,109.1193323,23.1830773
WY035,9,未记录,河流,521885922,4.922,109.1188955,23.1836573
WY035,10,未记录,河流,521885922,4.922,109.118119,23.1838549
WY035,11,未记录,河流,521885922,4.922,109.117807,23.1838549
WY035,12,未记录,河流,521885922,4.922,109.1172107,23.1828925
WY035,13,未记录,河流,521885922,4.922,109.1169333,23.1826311
WY035,14,未记录,河流,521885922,4.922,109.1165867,23.1825865
WY035,15,未记录,河流,521885922,4.922,109.1159141,23.1831028
WY035,16,未记录,河流,521885922,4.922,109.115512,23.183823
WY035,17,未记录,河流,521885922,4.922,109.1150197,23.1844986
WY035,18,未记录,河流,521885922,4.922,109.1141669,23.1850021
WY035,19,未记录,河流,521885922,4.922,109.1139658,23.1852889
WY035,20,未记录,河流,521885922,4.922,109.1137439,23.1854865
WY035,21,未记录,河流,521885922,4.922,109.113425,23.1854738
WY035,22,未记录,河流,521885922,4.922,109.1125999,23.1847663
WY035,23,未记录,河流,521885922,4.922,109.1112479,23.1839887
WY035,24,未记录,河流,521885922,4.922,109.1104337,23.1833063
WY035,25,未记录,河流,521885922,4.922,109.1094381,23.1835746
WY035,26,未记录,河流,521885922,4.922,109.1094381,23.1840953
WY035,27,未记录,河流,521885922,4.922,109.1097471,23.1849632
WY035,28,未记录,河流,521885922,4.922,109.1098672,23.1855786
WY035,29,未记录,河流,521885922,4.922,109.1095583,23.1858311
WY035,30,未记录,河流,521885922,4.922,109.1088029,23.1857522
WY035,31,未记录,河流,521885922,4.922,109.1073953,23.1854208
WY035,32,未记录,河流,521885922,4.922,109.1062624,23.1851052
WY035,33,未记录,河流,521885922,4.922,109.1058332,23.1838902
WY035,34,未记录,河流,521885922,4.922,109.1051809,23.1837481
WY035,35,未记录,河流,521885922,4.922,109.1045629,23.1831012
WY035,36,未记录,河流,521885922,4.922,109.1038076,23.1827224
WY035,37,未记录,河流,521885922,4.922,109.1034128,23.1832116
WY035,38,未记录,河流,521885922,4.922,109.1034299,23.1839533
WY035,39,未记录,河流,521885922,4.922,109.1028463,23.1839533
WY035,40,未记录,河流,521885922,4.922,109.1027433,23.1832905
WY035,41,未记录,河流,521885922,4.922,109.1023313,23.1831012
WY035,42,未记录,河流,521885922,4.922,109.101885,23.1833063
WY035,43,未记录,河流,521885922,4.922,109.1021082,23.1839533
WY035,44,未记录,河流,521885922,4.922,109.1015245,23.1843636
WY035,45,未记录,河流,521885922,4.922,109.1008207,23.1843004
WY035,46,未记录,河流,521885922,4.922,109.0997564,23.1841426
WY035,47,未记录,河流,521885922,4.922,109.0991041,23.1837008
WY035,48,未记录,河流,521885922,4.922,109.0984861,23.1833379
WY035,49,未记录,河流,521885922,4.922,109.0980398,23.1835903
WY035,50,未记录,河流,521885922,4.922,109.0981771,23.1843793
WY035,51,未记录,河流,521885922,4.922,109.0987951,23.1849474
WY035,52,未记录,河流,521885922,4.922,109.0981428,23.1853735
WY035,53,未记录,河流,521885922,4.922,109.0976793,23.1860204
WY035,54,未记录,河流,521885922,4.922,109.0976793,23.186699
WY035,55,未记录,河流,521885922,4.922,109.0976106,23.1872986
WY035,56,未记录,河流,521885922,4.922,109.0973348,23.1878512
WY035,57,未记录,河流,521885922,4.922,109.0963489,23.1884403
WY035,58,未记录,河流,521885922,4.922,109.0958066,23.1893013
WY035,59,未记录,河流,521885922,4.922,109.0953827,23.1902528
WY035,60,未记录,河流,521885922,4.922,109.094446,23.1915851
WY035,61,未记录,河流,521885922,4.922,109.0940122,23.1932707
WY036,1,未记录,溪流,521885923,0.637,109.0872474,23.1793707
WY036,2,未记录,溪流,521885923,0.637,109.0868678,23.1799303
WY036,3,未记录,溪流,521885923,0.637,109.0865313,23.1800422
WY036,4,未记录,溪流,521885923,0.637,109.0862592,23.1799105
WY036,5,未记录,溪流,521885923,0.637,109.0862807,23.1796735
WY036,6,未记录,溪流,521885923,0.637,109.0858797,23.179713
WY036,7,未记录,溪流,521885923,0.637,109.0857222,23.1798447
WY036,8,未记录,溪流,521885923,0.637,109.0854859,23.1797591
WY036,9,未记录,溪流,521885923,0.637,109.0850992,23.1793707
WY036,10,未记录,溪流,521885923,0.637,109.0850992,23.1791667
WY036,11,未记录,溪流,521885923,0.637,109.0851565,23.1789758
WY036,12,未记录,溪流,521885923,0.637,109.0849846,23.1789363
WY036,13,未记录,溪流,521885923,0.637,109.0847483,23.1791667
WY036,14,未记录,溪流,521885923,0.637,109.0846266,23.179509
WY036,15,未记录,溪流,521885923,0.637,109.0844332,23.179634
WY036,16,未记录,溪流,521885923,0.637,109.0841397,23.1796933
WY036,17,未记录,溪流,521885923,0.637,109.0840752,23.1799105
WY036,18,未记录,溪流,521885923,0.637,109.0838461,23.1804898
WY036,19,未记录,溪流,521885923,0.637,109.08371,23.1806083
WY036,20,未记录,溪流,521885923,0.637,109.0835609,23.1806499
WY037,1,未记录,河流,521885925,2.299,109.0730372,23.195715
WY037,2,未记录,河流,521885925,2.299,109.0733822,23.1956572
WY037,3,未记录,河流,521885925,2.299,109.0739621,23.1957296
WY037,4,未记录,河流,521885925,2.299,109.0743201,23.1955585
WY037,5,未记录,河流,521885925,2.299,109.074807,23.1954795
WY037,6,未记录,河流,521885925,2.299,109.0753083,23.1956835
WY037,7,未记录,河流,521885925,2.299,109.0757021,23.1957164
WY037,8,未记录,河流,521885925,2.299,109.0760315,23.1958349
WY037,9,未记录,河流,521885925,2.299,109.0760601,23.1960916
WY037,10,未记录,河流,521885925,2.299,109.0759169,23.196289
WY037,11,未记录,河流,521885925,2.299,109.0755804,23.1963285
WY037,12,未记录,河流,521885925,2.299,109.0756018,23.196526
WY037,13,未记录,河流,521885925,2.299,109.07601,23.1968879
WY037,14,未记录,河流,521885925,2.299,109.0762534,23.1969735
WY037,15,未记录,河流,521885925,2.299,109.076769,23.1967234
WY037,16,未记录,河流,521885925,2.299,109.0771413,23.1967037
WY037,17,未记录,河流,521885925,2.299,109.0775065,23.1970525
WY037,18,未记录,河流,521885925,2.299,109.0775924,23.1973552
WY037,19,未记录,河流,521885925,2.299,109.0774993,23.1976185
WY037,20,未记录,河流,521885925,2.299,109.0777428,23.1978817
WY037,21,未记录,河流,521885925,2.299,109.0779504,23.1978554
WY037,22,未记录,河流,521885925,2.299,109.0781151,23.1974868
WY037,23,未记录,河流,521885925,2.299,109.0787452,23.1974276
WY037,24,未记录,河流,521885925,2.299,109.0792106,23.1976053
WY037,25,未记录,河流,521885925,2.299,109.0796903,23.1979212
WY037,26,未记录,河流,521885925,2.299,109.0798694,23.1981252
WY037,27,未记录,河流,521885925,2.299,109.0803706,23.1983424
WY037,28,未记录,河流,521885925,2.299,109.0805639,23.19827
WY037,29,未记录,河流,521885925,2.299,109.0805997,23.1980133
WY037,30,未记录,河流,521885925,2.299,109.0804923,23.197862
WY037,31,未记录,河流,521885925,2.299,109.0802632,23.1978027
WY037,32,未记录,河流,521885925,2.299,109.0802846,23.1976448
WY037,33,未记录,河流,521885925,2.299,109.0806999,23.1974671
WY037,34,未记录,河流,521885925,2.299,109.0809434,23.1973157
WY037,35,未记录,河流,521885925,2.299,109.0811654,23.1972236
WY037,36,未记录,河流,521885925,2.299,109.0814446,23.1968221
WY037,37,未记录,河流,521885925,2.299,109.0818313,23.1968287
WY037,38,未记录,河流,521885925,2.299,109.0817597,23.1971117
WY037,39,未记录,河流,521885925,2.299,109.0819816,23.1971643
WY037,40,未记录,河流,521885925,2.299,109.0821893,23.1971051
WY037,41,未记录,河流,521885925,2.299,109.0822394,23.1969801
WY037,42,未记录,河流,521885925,2.299,109.0821964,23.1968616
WY037,43,未记录,河流,521885925,2.299,109.0822466,23.1966839
WY037,44,未记录,河流,521885925,2.299,109.0824828,23.1967366
WY037,45,未记录,河流,521885925,2.299,109.0825115,23.197013
WY037,46,未记录,河流,521885925,2.299,109.082533,23.1972104
WY037,47,未记录,河流,521885925,2.299,109.0826261,23.1972762
WY037,48,未记录,河流,521885925,2.299,109.0830915,23.1973289
WY037,49,未记录,河流,521885925,2.299,109.0834638,23.1971446
WY037,50,未记录,河流,521885925,2.299,109.0836929,23.1973026
WY037,51,未记录,河流,521885925,2.299,109.0839221,23.1972762
WY037,52,未记录,河流,521885925,2.299,109.0844806,23.1968945
WY037,53,未记录,河流,521885925,2.299,109.0848815,23.1965654
WY037,54,未记录,河流,521885925,2.299,109.0854472,23.1969669
WY037,55,未记录,河流,521885925,2.299,109.0854472,23.1972828
WY037,56,未记录,河流,521885925,2.299,109.085619,23.1975527
WY037,57,未记录,河流,521885925,2.299,109.0855618,23.1977172
WY037,58,未记录,河流,521885925,2.299,109.08544,23.1978751
WY037,59,未记录,河流,521885925,2.299,109.0854472,23.19827
WY037,60,未记录,河流,521885925,2.299,109.0856978,23.1982963
WY037,61,未记录,河流,521885925,2.299,109.0860272,23.1981121
WY037,62,未记录,河流,521885925,2.299,109.0863279,23.1982042
WY037,63,未记录,河流,521885925,2.299,109.0865356,23.1982042
WY037,64,未记录,河流,521885925,2.299,109.0870583,23.1984346
WY038,1,未记录,河流,521896862,0.049,109.1712909,23.2243156
WY038,2,未记录,河流,521896862,0.049,109.17151114335428,23.2247021
WY039,1,未记录,河流,527318040,5.97,109.1350313,22.952195
WY039,2,未记录,河流,527318040,5.97,109.1349375,22.9518833
WY039,3,未记录,河流,527318040,5.97,109.1338483,22.9510368
WY039,4,未记录,河流,527318040,5.97,109.1338251,22.9505175
WY039,5,未记录,河流,527318040,5.97,109.1327977,22.9503326
WY039,6,未记录,河流,527318040,5.97,109.1325583,22.9501121
WY039,7,未记录,河流,527318040,5.97,109.1325892,22.9498275
WY039,8,未记录,河流,527318040,5.97,109.1331685,22.9497422
WY039,9,未记录,河流,527318040,5.97,109.1334389,22.9496355
WY039,10,未记录,河流,527318040,5.97,109.1337556,22.9492016
WY039,11,未记录,河流,527318040,5.97,109.1337633,22.9487748
WY039,12,未记录,河流,527318040,5.97,109.1335084,22.9484262
WY039,13,未记录,河流,527318040,5.97,109.133099,22.9477362
WY039,14,未记录,河流,527318040,5.97,109.1328827,22.9474659
WY039,15,未记录,河流,527318040,5.97,109.1326741,22.9475086
WY039,16,未记录,河流,527318040,5.97,109.1322338,22.9476366
WY039,17,未记录,河流,527318040,5.97,109.1320948,22.9478429
WY039,18,未记录,河流,527318040,5.97,109.1321102,22.9479923
WY039,19,未记录,河流,527318040,5.97,109.1324424,22.9482484
WY039,20,未记录,河流,527318040,5.97,109.1325428,22.9484902
WY039,21,未记录,河流,527318040,5.97,109.132342,22.9487748
WY039,22,未记录,河流,527318040,5.97,109.1320175,22.9487961
WY039,23,未记录,河流,527318040,5.97,109.1315386,22.9485827
WY039,24,未记录,河流,527318040,5.97,109.1313841,22.9483195
WY039,25,未记录,河流,527318040,5.97,109.1315231,22.9476366
WY039,26,未记录,河流,527318040,5.97,109.1314536,22.9473521
WY039,27,未记录,河流,527318040,5.97,109.1312296,22.947345
WY039,28,未记录,河流,527318040,5.97,109.1307893,22.9475726
WY039,29,未记录,河流,527318040,5.97,109.130658,22.9479639
WY039,30,未记录,河流,527318040,5.97,109.1308511,22.9485045
WY039,31,未记录,河流,527318040,5.97,109.1308897,22.9487748
WY039,32,未记录,河流,527318040,5.97,109.1306425,22.9489384
WY039,33,未记录,河流,527318040,5.97,109.1303953,22.9489526
WY039,34,未记录,河流,527318040,5.97,109.1300168,22.9487534
WY039,35,未记录,河流,527318040,5.97,109.129731,22.9480919
WY039,36,未记录,河流,527318040,5.97,109.1292521,22.9467332
WY039,37,未记录,河流,527318040,5.97,109.1283328,22.9465625
WY039,38,未记录,河流,527318040,5.97,109.1273132,22.9466337
WY039,39,未记录,河流,527318040,5.97,109.1263399,22.9470391
WY039,40,未记录,河流,527318040,5.97,109.1259305,22.9474161
WY039,41,未记录,河流,527318040,5.97,109.1259227,22.9477789
WY039,42,未记录,河流,527318040,5.97,109.1259086,22.9479582
WY039,43,未记录,河流,527318040,5.97,109.1255548,22.9481257
WY039,44,未记录,河流,527318040,5.97,109.1250117,22.9481425
WY039,45,未记录,河流,527318040,5.97,109.1248104,22.9479923
WY039,46,未记录,河流,527318040,5.97,109.1245014,22.9473308
WY039,47,未记录,河流,527318040,5.97,109.1241615,22.9472383
WY039,48,未记录,河流,527318040,5.97,109.1238757,22.9475584
WY039,49,未记录,河流,527318040,5.97,109.123698,22.9476793
WY039,50,未记录,河流,527318040,5.97,109.1234586,22.9476722
WY039,51,未记录,河流,527318040,5.97,109.1229874,22.9471814
WY039,52,未记录,河流,527318040,5.97,109.1228638,22.9467546
WY039,53,未记录,河流,527318040,5.97,109.122632,22.9465625
WY039,54,未记录,河流,527318040,5.97,109.1223694,22.9465767
WY039,55,未记录,河流,527318040,5.97,109.1215815,22.947032
WY039,56,未记录,河流,527318040,5.97,109.1211721,22.947032
WY039,57,未记录,河流,527318040,5.97,109.1207626,22.9467261
WY039,58,未记录,河流,527318040,5.97,109.1205155,22.946655
WY039,59,未记录,河流,527318040,5.97,109.1202837,22.9466834
WY039,60,未记录,河流,527318040,5.97,109.1198666,22.9466763
WY039,61,未记录,河流,527318040,5.97,109.1198125,22.9464274
WY039,62,未记录,河流,527318040,5.97,109.119658,22.9462566
WY039,63,未记录,河流,527318040,5.97,109.1193413,22.9462068
WY039,64,未记录,河流,527318040,5.97,109.1190169,22.9464202
WY039,65,未记录,河流,527318040,5.97,109.1187156,22.9465625
WY039,66,未记录,河流,527318040,5.97,109.1179895,22.9470747
WY039,67,未记录,河流,527318040,5.97,109.1174333,22.9471529
WY039,68,未记录,河流,527318040,5.97,109.1172479,22.9470035
WY039,69,未记录,河流,527318040,5.97,109.1170857,22.9461286
WY039,70,未记录,河流,527318040,5.97,109.1168308,22.945716
WY039,71,未记录,河流,527318040,5.97,109.1163982,22.9458227
WY039,72,未记录,河流,527318040,5.97,109.1162205,22.9462282
WY039,73,未记录,河流,527318040,5.97,109.1160351,22.9463776
WY039,74,未记录,河流,527318040,5.97,109.1155408,22.9462495
WY039,75,未记录,河流,527318040,5.97,109.1153631,22.9459294
WY039,76,未记录,河流,527318040,5.97,109.115703,22.9455666
WY039,77,未记录,河流,527318040,5.97,109.1155562,22.9452892
WY039,78,未记录,河流,527318040,5.97,109.115,22.9452679
WY039,79,未记录,河流,527318040,5.97,109.1143898,22.9450971
WY039,80,未记录,河流,527318040,5.97,109.1139031,22.9454457
WY039,81,未记录,河流,527318040,5.97,109.1130611,22.9464416
WY039,82,未记录,河流,527318040,5.97,109.1127367,22.9466763
WY039,83,未记录,河流,527318040,5.97,109.1122809,22.9466763
WY039,84,未记录,河流,527318040,5.97,109.1117634,22.9454955
WY039,85,未记录,河流,527318040,5.97,109.1117788,22.9447557
WY039,86,未记录,河流,527318040,5.97,109.1120801,22.9440515
WY039,87,未记录,河流,527318040,5.97,109.1119951,22.9436531
WY039,88,未记录,河流,527318040,5.97,109.111663,22.943269
WY039,89,未记录,河流,527318040,5.97,109.1111145,22.9433259
WY039,90,未记录,河流,527318040,5.97,109.1106433,22.9434753
WY039,91,未记录,河流,527318040,5.97,109.1104502,22.9434753
WY039,92,未记录,河流,527318040,5.97,109.1102648,22.9432903
WY039,93,未记录,河流,527318040,5.97,109.1102802,22.942956
WY039,94,未记录,河流,527318040,5.97,109.1105351,22.9426216
WY039,95,未记录,河流,527318040,5.97,109.1120337,22.9421308
WY039,96,未记录,河流,527318040,5.97,109.1126517,22.9418391
WY039,97,未记录,河流,527318040,5.97,109.1134319,22.9419316
WY039,98,未记录,河流,527318040,5.97,109.1137254,22.9418249
WY039,99,未记录,河流,527318040,5.97,109.1138027,22.9413696
WY039,100,未记录,河流,527318040,5.97,109.1132851,22.9408859
WY039,101,未记录,河流,527318040,5.97,109.1123659,22.9403595
WY039,102,未记录,河流,527318040,5.97,109.1109214,22.9401105
WY039,103,未记录,河流,527318040,5.97,109.1105738,22.9400251
WY039,104,未记录,河流,527318040,5.97,109.1103807,22.939456
WY039,105,未记录,河流,527318040,5.97,109.1104734,22.9387731
WY039,106,未记录,河流,527318040,5.97,109.1106124,22.9386024
WY039,107,未记录,河流,527318040,5.97,109.111578,22.9384032
WY039,108,未记录,河流,527318040,5.97,109.111802,22.9382822
WY039,109,未记录,河流,527318040,5.97,109.1118638,22.9379408
WY040,1,未记录,河流,527318041,5.87,109.1118638,22.9379408
WY040,2,未记录,河流,527318041,5.87,109.1115239,22.9376704
WY040,3,未记录,河流,527318041,5.87,109.1101335,22.9374286
WY040,4,未记录,河流,527318041,5.87,109.1096468,22.9374855
WY040,5,未记录,河流,527318041,5.87,109.109276,22.9378341
WY040,6,未记录,河流,527318041,5.87,109.1089516,22.9378767
WY040,7,未记录,河流,527318041,5.87,109.1084958,22.9378198
WY040,8,未记录,河流,527318041,5.87,109.1082795,22.9375922
WY040,9,未记录,河流,527318041,5.87,109.1083027,22.9369733
WY040,10,未记录,河流,527318041,5.87,109.1084804,22.9364184
WY040,11,未记录,河流,527318041,5.87,109.1084804,22.9362121
WY040,12,未记录,河流,527318041,5.87,109.1081328,22.9361907
WY040,13,未记录,河流,527318041,5.87,109.1078161,22.9363686
WY040,14,未记录,河流,527318041,5.87,109.1078547,22.9370017
WY040,15,未记录,河流,527318041,5.87,109.1076461,22.9374784
WY040,16,未记录,河流,527318041,5.87,109.1073989,22.9375495
WY040,17,未记录,河流,527318041,5.87,109.1065106,22.9373076
WY040,18,未记录,河流,527318041,5.87,109.1063715,22.9370231
WY040,19,未记录,河流,527318041,5.87,109.1063097,22.936646
WY040,20,未记录,河流,527318041,5.87,109.1059544,22.9363615
WY040,21,未记录,河流,527318041,5.87,109.1058463,22.9360627
WY040,22,未记录,河流,527318041,5.87,109.1055064,22.9346897
WY040,23,未记录,河流,527318041,5.87,109.1051819,22.9345972
WY040,24,未记录,河流,527318041,5.87,109.1048498,22.9347679
WY040,25,未记录,河流,527318041,5.87,109.1046026,22.9350667
WY040,26,未记录,河流,527318041,5.87,109.1043863,22.9350881
WY040,27,未记录,河流,527318041,5.87,109.1042163,22.9349885
WY040,28,未记录,河流,527318041,5.87,109.1042009,22.9345332
WY040,29,未记录,河流,527318041,5.87,109.1039923,22.9343624
WY040,30,未记录,河流,527318041,5.87,109.103722,22.9339712
WY040,31,未记录,河流,527318041,5.87,109.1033589,22.9338644
WY040,32,未记录,河流,527318041,5.87,109.1029031,22.9339996
WY040,33,未记录,河流,527318041,5.87,109.1024551,22.9345047
WY040,34,未记录,河流,527318041,5.87,109.102038,22.9345901
WY040,35,未记录,河流,527318041,5.87,109.101111,22.9348818
WY040,36,未记录,河流,527318041,5.87,109.1007402,22.9347537
WY040,37,未记录,河流,527318041,5.87,109.1006321,22.9346328
WY040,38,未记录,河流,527318041,5.87,109.1007711,22.934334
WY040,39,未记录,河流,527318041,5.87,109.1005162,22.9339214
WY040,40,未记录,河流,527318041,5.87,109.1002768,22.9339498
WY040,41,未记录,河流,527318041,5.87,109.1001068,22.9342699
WY040,42,未记录,河流,527318041,5.87,109.0998442,22.9343909
WY040,43,未记录,河流,527318041,5.87,109.0993807,22.9344691
WY040,44,未记录,河流,527318041,5.87,109.0985387,22.9345759
WY040,45,未记录,河流,527318041,5.87,109.0979362,22.9341206
WY040,46,未记录,河流,527318041,5.87,109.0977431,22.9341419
WY040,47,未记录,河流,527318041,5.87,109.0975036,22.9343482
WY040,48,未记录,河流,527318041,5.87,109.0973182,22.9344691
WY040,49,未记录,河流,527318041,5.87,109.0970942,22.9343197
WY040,50,未记录,河流,527318041,5.87,109.0966075,22.9345118
WY040,51,未记录,河流,527318041,5.87,109.0960127,22.9356216
WY040,52,未记录,河流,527318041,5.87,109.0958814,22.9356572
WY040,53,未记录,河流,527318041,5.87,109.0957655,22.9355291
WY040,54,未记录,河流,527318041,5.87,109.09592,22.9346114
WY040,55,未记录,河流,527318041,5.87,109.0958273,22.9343269
WY040,56,未记录,河流,527318041,5.87,109.0955647,22.9342273
WY040,57,未记录,河流,527318041,5.87,109.0951321,22.9343269
WY040,58,未记录,河流,527318041,5.87,109.0948849,22.9342699
WY040,59,未记录,河流,527318041,5.87,109.0947922,22.9340992
WY040,60,未记录,河流,527318041,5.87,109.0950085,22.9339783
WY040,61,未记录,河流,527318041,5.87,109.0950858,22.9337008
WY040,62,未记录,河流,527318041,5.87,109.0949081,22.9333238
WY040,63,未记录,河流,527318041,5.87,109.0946223,22.9331744
WY040,64,未记录,河流,527318041,5.87,109.0939425,22.9333095
WY040,65,未记录,河流,527318041,5.87,109.0931082,22.9332384
WY040,66,未记录,河流,527318041,5.87,109.0927143,22.9333167
WY040,67,未记录,河流,527318041,5.87,109.0923898,22.9338146
WY040,68,未记录,河流,527318041,5.87,109.091965,22.9340423
WY040,69,未记录,河流,527318041,5.87,109.0917332,22.9340423
WY040,70,未记录,河流,527318041,5.87,109.0912929,22.9336297
WY040,71,未记录,河流,527318041,5.87,109.0905591,22.9333593
WY040,72,未记录,河流,527318041,5.87,109.0905205,22.9331246
WY040,73,未记录,河流,527318041,5.87,109.0893077,22.9324701
WY040,74,未记录,河流,527318041,5.87,109.0890296,22.9321286
WY040,75,未记录,河流,527318041,5.87,109.0890141,22.9317658
WY040,76,未记录,河流,527318041,5.87,109.089045,22.9312393
WY040,77,未记录,河流,527318041,5.87,109.0888751,22.9310828
WY040,78,未记录,河流,527318041,5.87,109.0884889,22.9312464
WY040,79,未记录,河流,527318041,5.87,109.0882185,22.931716
WY040,80,未记录,河流,527318041,5.87,109.0876314,22.9319507
WY040,81,未记录,河流,527318041,5.87,109.087222,22.9319223
WY040,82,未记录,河流,527318041,5.87,109.0868821,22.9316021
WY040,83,未记录,河流,527318041,5.87,109.0863337,22.931467
WY040,84,未记录,河流,527318041,5.87,109.0858547,22.9314172
WY040,85,未记录,河流,527318041,5.87,109.0857003,22.931595
WY040,86,未记录,河流,527318041,5.87,109.0856925,22.932093
WY040,87,未记录,河流,527318041,5.87,109.0854376,22.9323705
WY040,88,未记录,河流,527318041,5.87,109.0851672,22.9323207
WY040,89,未记录,河流,527318041,5.87,109.0849123,22.9321001
WY040,90,未记录,河流,527318041,5.87,109.0847656,22.9317302
WY040,91,未记录,河流,527318041,5.87,109.0844025,22.9315737
WY040,92,未记录,河流,527318041,5.87,109.0836532,22.9317942
WY040,93,未记录,河流,527318041,5.87,109.0834215,22.9317302
WY040,94,未记录,河流,527318041,5.87,109.0833365,22.9315452
WY040,95,未记录,河流,527318041,5.87,109.0836146,22.9310472
WY040,96,未记录,河流,527318041,5.87,109.083491,22.9308196
WY040,97,未记录,河流,527318041,5.87,109.0830198,22.9307555
WY040,98,未记录,河流,527318041,5.87,109.0825563,22.9310472
WY040,99,未记录,河流,527318041,5.87,109.0821778,22.9311539
WY040,100,未记录,河流,527318041,5.87,109.0818611,22.9310543
WY040,101,未记录,河流,527318041,5.87,109.0818611,22.9305065
WY040,102,未记录,河流,527318041,5.87,109.0814594,22.9297595
WY040,103,未记录,河流,527318041,5.87,109.081189,22.9289627
WY040,104,未记录,河流,527318041,5.87,109.0810114,22.9287635
WY040,105,未记录,河流,527318041,5.87,109.0801694,22.9285857
WY040,106,未记录,河流,527318041,5.87,109.0796286,22.928792
WY040,107,未记录,河流,527318041,5.87,109.0792192,22.9293754
WY040,108,未记录,河流,527318041,5.87,109.0788871,22.9296386
WY040,109,未记录,河流,527318041,5.87,109.0785008,22.9298022
WY040,110,未记录,河流,527318041,5.87,109.078215,22.9299801
WY040,111,未记录,河流,527318041,5.87,109.0783618,22.9307911
WY040,112,未记录,河流,527318041,5.87,109.0782305,22.9310757
WY040,113,未记录,河流,527318041,5.87,109.0774657,22.9311539
WY040,114,未记录,河流,527318041,5.87,109.0771181,22.9313033
WY040,115,未记录,河流,527318041,5.87,109.0764847,22.932278
WY040,116,未记录,河流,527318041,5.87,109.0762066,22.9324416
WY041,1,未记录,溪流,527318043,0.445,109.1515642,22.954778
WY041,2,未记录,溪流,527318043,0.445,109.1511649,22.9546384
WY041,3,未记录,溪流,527318043,0.445,109.1509274,22.9546291
WY041,4,未记录,溪流,527318043,0.445,109.1505837,22.9548804
WY041,5,未记录,溪流,527318043,0.445,109.1503158,22.954899
WY041,6,未记录,溪流,527318043,0.445,109.150053,22.9548292
WY041,7,未记录,溪流,527318043,0.445,109.1499166,22.9545872
WY041,8,未记录,溪流,527318043,0.445,109.149674,22.9544197
WY041,9,未记录,溪流,527318043,0.445,109.1491382,22.9543964
WY041,10,未记录,溪流,527318043,0.445,109.1488855,22.9543964
WY041,11,未记录,溪流,527318043,0.445,109.1484458,22.9542335
WY041,12,未记录,溪流,527318043,0.445,109.1477534,22.9538007
WY042,1,未记录,河流,527318045,6.801,109.0762066,22.9324416
WY042,2,未记录,河流,527318045,6.801,109.0754728,22.9323562
WY042,3,未记录,河流,527318045,6.801,109.0750324,22.9320005
WY042,4,未记录,河流,527318045,6.801,109.0744917,22.9318156
WY042,5,未记录,河流,527318045,6.801,109.0738197,22.9318298
WY042,6,未记录,河流,527318045,6.801,109.0732017,22.9322638
WY042,7,未记录,河流,527318045,6.801,109.0725701,22.9322026
WY042,8,未记录,河流,527318045,6.801,109.0725469,22.9325014
WY042,9,未记录,河流,527318045,6.801,109.0723846,22.9326082
WY042,10,未记录,河流,527318045,6.801,109.0720987,22.9326295
WY042,11,未记录,河流,527318045,6.801,109.0713338,22.9322453
WY042,12,未记录,河流,527318045,6.801,109.0705766,22.9319535
WY042,13,未记录,河流,527318045,6.801,109.0689155,22.9319606
WY042,14,未记录,河流,527318045,6.801,109.06873,22.9321599
WY042,15,未记录,河流,527318045,6.801,109.0687609,22.9326437
WY042,16,未记录,河流,527318045,6.801,109.0686219,22.9329568
WY042,17,未记录,河流,527318045,6.801,109.0683514,22.9330493
WY042,18,未记录,河流,527318045,6.801,109.0681428,22.9328786
WY042,19,未记录,河流,527318045,6.801,109.0682587,22.9321955
WY042,20,未记录,河流,527318045,6.801,109.0682046,22.9319464
WY042,21,未记录,河流,527318045,6.801,109.0679883,22.9318539
WY042,22,未记录,河流,527318045,6.801,109.0672079,22.9320887
WY042,23,未记录,河流,527318045,6.801,109.0669452,22.9324089
WY042,24,未记录,河流,527318045,6.801,109.0669298,22.9326011
WY042,25,未记录,河流,527318045,6.801,109.0672157,22.9327861
WY042,26,未记录,河流,527318045,6.801,109.0676329,22.9327576
WY042,27,未记录,河流,527318045,6.801,109.0677951,22.9329426
WY042,28,未记录,河流,527318045,6.801,109.0677256,22.9332059
WY042,29,未记录,河流,527318045,6.801,109.0675556,22.9336044
WY042,30,未记录,河流,527318045,6.801,109.0672311,22.9338676
WY042,31,未记录,河流,527318045,6.801,109.0667675,22.9339103
WY042,32,未记录,河流,527318045,6.801,109.0665512,22.9337253
WY042,33,未记录,河流,527318045,6.801,109.0666053,22.9334407
WY042,34,未记录,河流,527318045,6.801,109.0664816,22.9332059
WY042,35,未记录,河流,527318045,6.801,109.0660799,22.9331418
WY042,36,未记录,河流,527318045,6.801,109.0656395,22.9333055
WY042,37,未记录,河流,527318045,6.801,109.0652454,22.9337111
WY042,38,未记录,河流,527318045,6.801,109.0643182,22.934074
WY042,39,未记录,河流,527318045,6.801,109.063337,22.9349635
WY042,40,未记录,河流,527318045,6.801,109.0629275,22.9352694
WY042,41,未记录,河流,527318045,6.801,109.062518,22.9352481
WY042,42,未记录,河流,527318045,6.801,109.0622244,22.934935
WY042,43,未记录,河流,527318045,6.801,109.0624021,22.9344654
WY042,44,未记录,河流,527318045,6.801,109.0633138,22.9343159
WY042,45,未记录,河流,527318045,6.801,109.0636306,22.9340384
WY042,46,未记录,河流,527318045,6.801,109.0637851,22.9336684
WY042,47,未记录,河流,527318045,6.801,109.0636074,22.9333553
WY042,48,未记录,河流,527318045,6.801,109.0633293,22.9332486
WY042,49,未记录,河流,527318045,6.801,109.0630202,22.9328501
WY042,50,未记录,河流,527318045,6.801,109.0617685,22.9326082
WY042,51,未记录,河流,527318045,6.801,109.0615058,22.9320603
WY042,52,未记录,河流,527318045,6.801,109.0607332,22.9320531
WY042,53,未记录,河流,527318045,6.801,109.0603932,22.9323662
WY042,54,未记录,河流,527318045,6.801,109.0599451,22.9329924
WY042,55,未记录,河流,527318045,6.801,109.0596824,22.9329213
WY042,56,未记录,河流,527318045,6.801,109.0588711,22.9323449
WY042,57,未记录,河流,527318045,6.801,109.0584694,22.932416
WY042,58,未记录,河流,527318045,6.801,109.0580212,22.9328145
WY042,59,未记录,河流,527318045,6.801,109.0575499,22.9328359
WY042,60,未记录,河流,527318045,6.801,109.057179,22.9326437
WY042,61,未记录,河流,527318045,6.801,109.0567695,22.9326366
WY042,62,未记录,河流,527318045,6.801,109.0563678,22.9328857
WY042,63,未记录,河流,527318045,6.801,109.0562596,22.9332628
WY042,64,未记录,河流,527318045,6.801,109.0564064,22.9335901
WY042,65,未记录,河流,527318045,6.801,109.0561978,22.9336826
WY042,66,未记录,河流,527318045,6.801,109.0559042,22.9336684
WY042,67,未记录,河流,527318045,6.801,109.0557728,22.9337965
WY042,68,未记录,河流,527318045,6.801,109.0559042,22.9342305
WY042,69,未记录,河流,527318045,6.801,109.0557651,22.9344725
WY042,70,未记录,河流,527318045,6.801,109.0552938,22.9346219
WY042,71,未记录,河流,527318045,6.801,109.0545443,22.9343302
WY042,72,未记录,河流,527318045,6.801,109.0542121,22.9341167
WY042,73,未记录,河流,527318045,6.801,109.0537099,22.9339673
WY042,74,未记录,河流,527318045,6.801,109.0531999,22.9341807
WY042,75,未记录,河流,527318045,6.801,109.0529836,22.9341452
WY042,76,未记录,河流,527318045,6.801,109.0529527,22.9339175
WY042,77,未记录,河流,527318045,6.801,109.053115,22.9335617
WY042,78,未记录,河流,527318045,6.801,109.0523346,22.9328714
WY042,79,未记录,河流,527318045,6.801,109.0515774,22.9328145
WY042,80,未记录,河流,527318045,6.801,109.0505884,22.9326722
WY042,81,未记录,河流,527318045,6.801,109.0498853,22.9326509
WY042,82,未记录,河流,527318045,6.801,109.0495917,22.9330422
WY042,83,未记录,河流,527318045,6.801,109.0488963,22.9332486
WY042,84,未记录,河流,527318045,6.801,109.0482782,22.9334976
WY042,85,未记录,河流,527318045,6.801,109.0479846,22.9338961
WY042,86,未记录,河流,527318045,6.801,109.0476447,22.9339246
WY042,87,未记录,河流,527318045,6.801,109.0473201,22.9337182
WY042,88,未记录,河流,527318045,6.801,109.0470652,22.933213
WY042,89,未记录,河流,527318045,6.801,109.0468102,22.9329995
WY042,90,未记录,河流,527318045,6.801,109.0466557,22.9326082
WY042,91,未记录,河流,527318045,6.801,109.0466943,22.9319322
WY042,92,未记录,河流,527318045,6.801,109.0464316,22.9318681
WY042,93,未记录,河流,527318045,6.801,109.0457671,22.9321456
WY042,94,未记录,河流,527318045,6.801,109.0452572,22.9320745
WY042,95,未记录,河流,527318045,6.801,109.0450254,22.931797
WY042,96,未记录,河流,527318045,6.801,109.0450872,22.931121
WY042,97,未记录,河流,527318045,6.801,109.0446468,22.9306371
WY042,98,未记录,河流,527318045,6.801,109.0439128,22.9305659
WY042,99,未记录,河流,527318045,6.801,109.0432329,22.9303311
WY042,100,未记录,河流,527318045,6.801,109.042777,22.9304023
WY042,101,未记录,河流,527318045,6.801,109.0426379,22.9306656
WY042,102,未记录,河流,527318045,6.801,109.0428543,22.9311423
WY042,103,未记录,河流,527318045,6.801,109.0427693,22.9314696
WY042,104,未记录,河流,527318045,6.801,109.0425761,22.9316618
WY042,105,未记录,河流,527318045,6.801,109.0420816,22.9316404
WY042,106,未记录,河流,527318045,6.801,109.0418112,22.9316831
WY042,107,未记录,河流,527318045,6.801,109.0416876,22.9319322
WY042,108,未记录,河流,527318045,6.801,109.0420353,22.9323378
WY042,109,未记录,河流,527318045,6.801,109.0421203,22.9327647
WY042,110,未记录,河流,527318045,6.801,109.0417649,22.9331205
WY042,111,未记录,河流,527318045,6.801,109.0414558,22.9330849
WY042,112,未记录,河流,527318045,6.801,109.0405827,22.9322453
WY042,113,未记录,河流,527318045,6.801,109.0402196,22.931982
WY042,114,未记录,河流,527318045,6.801,109.0395706,22.9319962
WY042,115,未记录,河流,527318045,6.801,109.0392615,22.932231
WY042,116,未记录,河流,527318045,6.801,109.0389447,22.9323876
WY042,117,未记录,河流,527318045,6.801,109.0386357,22.932352
WY042,118,未记录,河流,527318045,6.801,109.0382493,22.9321101
WY042,119,未记录,河流,527318045,6.801,109.0378167,22.9321741
WY042,120,未记录,河流,527318045,6.801,109.0371908,22.9321101
WY042,121,未记录,河流,527318045,6.801,109.0367736,22.9322097
WY042,122,未记录,河流,527318045,6.801,109.0365573,22.9326366
WY042,123,未记录,河流,527318045,6.801,109.0368122,22.9331703
WY042,124,未记录,河流,527318045,6.801,109.0367427,22.9334692
WY042,125,未记录,河流,527318045,6.801,109.0365341,22.9336898
WY042,126,未记录,河流,527318045,6.801,109.0354099,22.9337823
WY042,127,未记录,河流,527318045,6.801,109.035119,22.9335553
WY043,1,未记录,溪流,527318046,1.275,109.133608,22.9589759
WY043,2,未记录,溪流,527318046,1.275,109.1335524,22.9587432
WY043,3,未记录,溪流,527318046,1.275,109.1334159,22.9585338
WY043,4,未记录,溪流,527318046,1.275,109.1332441,22.9584593
WY043,5,未记录,溪流,527318046,1.275,109.1330015,22.9586548
WY043,6,未记录,溪流,527318046,1.275,109.1328448,22.9587711
WY043,7,未记录,溪流,527318046,1.275,109.1325769,22.9586827
WY043,8,未记录,溪流,527318046,1.275,109.1324607,22.9585663
WY043,9,未记录,溪流,527318046,1.275,109.132208,22.9580451
WY043,10,未记录,溪流,527318046,1.275,109.1322282,22.9576635
WY043,11,未记录,溪流,527318046,1.275,109.1321726,22.9573843
WY043,12,未记录,溪流,527318046,1.275,109.1322686,22.9568631
WY043,13,未记录,溪流,527318046,1.275,109.1324761,22.9566112
WY043,14,未记录,溪流,527318046,1.275,109.1326404,22.9564006
WY043,15,未记录,溪流,527318046,1.275,109.1325261,22.9559992
WY043,16,未记录,溪流,527318046,1.275,109.1327334,22.9557951
WY043,17,未记录,溪流,527318046,1.275,109.133005,22.9553015
WY043,18,未记录,溪流,527318046,1.275,109.1329764,22.9551304
WY043,19,未记录,溪流,527318046,1.275,109.1327119,22.9550514
WY043,20,未记录,溪流,527318046,1.275,109.1325976,22.9549659
WY043,21,未记录,溪流,527318046,1.275,109.1325833,22.9547092
WY043,22,未记录,溪流,527318046,1.275,109.132762,22.9545973
WY043,23,未记录,溪流,527318046,1.275,109.133005,22.9543077
WY043,24,未记录,溪流,527318046,1.275,109.1333052,22.9541629
WY043,25,未记录,溪流,527318046,1.275,109.1337126,22.9543998
WY043,26,未记录,溪流,527318046,1.275,109.1339627,22.954413
WY043,27,未记录,溪流,527318046,1.275,109.1339413,22.9542682
WY043,28,未记录,溪流,527318046,1.275,109.1345203,22.9536101
WY043,29,未记录,溪流,527318046,1.275,109.1346346,22.953485
WY043,30,未记录,溪流,527318046,1.275,109.1346561,22.9533139
WY043,31,未记录,溪流,527318046,1.275,109.1344845,22.9532744
WY043,32,未记录,溪流,527318046,1.275,109.1343344,22.9534455
WY043,33,未记录,溪流,527318046,1.275,109.1341986,22.9535179
WY043,34,未记录,溪流,527318046,1.275,109.1340199,22.9534521
WY043,35,未记录,溪流,527318046,1.275,109.1339485,22.9533073
WY043,36,未记录,溪流,527318046,1.275,109.13407,22.9530177
WY043,37,未记录,溪流,527318046,1.275,109.1340199,22.9526294
WY043,38,未记录,溪流,527318046,1.275,109.13417,22.9525109
WY043,39,未记录,溪流,527318046,1.275,109.1346846,22.952399
WY043,40,未记录,溪流,527318046,1.275,109.1350313,22.952195
WY044,1,未记录,河流,527318047,2.385,109.1477534,22.9538007
WY044,2,未记录,河流,527318047,2.385,109.1473946,22.9536285
WY044,3,未记录,河流,527318047,2.385,109.1470661,22.9536006
WY044,4,未记录,河流,527318047,2.385,109.1468083,22.9538193
WY044,5,未记录,河流,527318047,2.385,109.1466213,22.9538891
WY044,6,未记录,河流,527318047,2.385,109.1461513,22.9538053
WY044,7,未记录,河流,527318047,2.385,109.145752,22.9534563
WY044,8,未记录,河流,527318047,2.385,109.1454639,22.9530561
WY044,9,未记录,河流,527318047,2.385,109.1447159,22.9522416
WY044,10,未记录,河流,527318047,2.385,109.1445441,22.9521579
WY044,11,未记录,河流,527318047,2.385,109.1438466,22.9522602
WY044,12,未记录,河流,527318047,2.385,109.1435232,22.9521904
WY044,13,未记录,河流,527318047,2.385,109.1431289,22.9515947
WY044,14,未记录,河流,527318047,2.385,109.143043,22.9510223
WY044,15,未记录,河流,527318047,2.385,109.1429066,22.9507384
WY044,16,未记录,河流,527318047,2.385,109.1426791,22.9506779
WY044,17,未记录,河流,527318047,2.385,109.1421687,22.9511433
WY044,18,未记录,河流,527318047,2.385,109.141921,22.9515389
WY044,19,未记录,河流,527318047,2.385,109.1408192,22.9525069
WY044,20,未记录,河流,527318047,2.385,109.1404503,22.952479
WY044,21,未记录,河流,527318047,2.385,109.1403492,22.9522463
WY044,22,未记录,河流,527318047,2.385,109.1405867,22.9519205
WY044,23,未记录,河流,527318047,2.385,109.1406524,22.9517018
WY044,24,未记录,河流,527318047,2.385,109.1405615,22.9515808
WY044,25,未记录,河流,527318047,2.385,109.1400914,22.9515528
WY044,26,未记录,河流,527318047,2.385,109.1399449,22.9514598
WY044,27,未记录,河流,527318047,2.385,109.1398691,22.9511759
WY044,28,未记录,河流,527318047,2.385,109.1397478,22.950892
WY044,29,未记录,河流,527318047,2.385,109.139581,22.9508873
WY044,30,未记录,河流,527318047,2.385,109.1395153,22.9511759
WY044,31,未记录,河流,527318047,2.385,109.1393636,22.951511
WY044,32,未记录,河流,527318047,2.385,109.1391261,22.951618
WY044,33,未记录,河流,527318047,2.385,109.1385449,22.9514923
WY044,34,未记录,河流,527318047,2.385,109.1384792,22.9513341
WY044,35,未记录,河流,527318047,2.385,109.1386864,22.9510921
WY044,36,未记录,河流,527318047,2.385,109.1388128,22.9508501
WY044,37,未记录,河流,527318047,2.385,109.1387976,22.9506546
WY044,38,未记录,河流,527318047,2.385,109.1383326,22.9504685
WY044,39,未记录,河流,527318047,2.385,109.1379839,22.9502544
WY044,40,未记录,河流,527318047,2.385,109.1364778,22.9499332
WY044,41,未记录,河流,527318047,2.385,109.1362655,22.9505941
WY044,42,未记录,河流,527318047,2.385,109.1359673,22.9507105
WY044,43,未记录,河流,527318047,2.385,109.135846,22.950636
WY044,44,未记录,河流,527318047,2.385,109.13575,22.9503754
WY044,45,未记录,河流,527318047,2.385,109.135659,22.9501939
WY044,46,未记录,河流,527318047,2.385,109.1354619,22.9501985
WY044,47,未记录,河流,527318047,2.385,109.1353659,22.9503009
WY044,48,未记录,河流,527318047,2.385,109.1353994,22.9506088
WY044,49,未记录,河流,527318047,2.385,109.1358783,22.9515697
WY044,50,未记录,河流,527318047,2.385,109.1359712,22.9519844
WY044,51,未记录,河流,527318047,2.385,109.1358568,22.9522213
WY044,52,未记录,河流,527318047,2.385,109.1353851,22.9524254
WY044,53,未记录,河流,527318047,2.385,109.135185,22.9524649
WY044,54,未记录,河流,527318047,2.385,109.1350313,22.952195
WY045,1,未记录,溪流,527324728,2.306,109.2444375,23.0317756
WY045,2,未记录,溪流,527324728,2.306,109.244215,23.0315522
WY045,3,未记录,溪流,527324728,2.306,109.243593,23.0311473
WY045,4,未记录,溪流,527324728,2.306,109.2433148,23.0308355
WY045,5,未记录,溪流,527324728,2.306,109.2433098,23.0305097
WY045,6,未记录,溪流,527324728,2.306,109.2430569,23.0303654
WY045,7,未记录,溪流,527324728,2.306,109.242622,23.0301002
WY045,8,未记录,溪流,527324728,2.306,109.2422933,23.030021
WY045,9,未记录,溪流,527324728,2.306,109.2419595,23.0301234
WY045,10,未记录,溪流,527324728,2.306,109.2416864,23.0305749
WY045,11,未记录,溪流,527324728,2.306,109.2414639,23.0308867
WY045,12,未记录,溪流,527324728,2.306,109.2413476,23.0312264
WY045,13,未记录,溪流,527324728,2.306,109.2412616,23.0314498
WY045,14,未记录,溪流,527324728,2.306,109.2409481,23.0317105
WY045,15,未记录,溪流,527324728,2.306,109.240675,23.0317942
WY045,16,未记录,溪流,527324728,2.306,109.2404424,23.031636
WY045,17,未记录,溪流,527324728,2.306,109.2402097,23.0313242
WY045,18,未记录,溪流,527324728,2.306,109.2396534,23.0307843
WY045,19,未记录,溪流,527324728,2.306,109.2393905,23.0304678
WY045,20,未记录,溪流,527324728,2.306,109.2389808,23.030291
WY045,21,未记录,溪流,527324728,2.306,109.2385004,23.0303794
WY045,22,未记录,溪流,527324728,2.306,109.2379138,23.0306773
WY045,23,未记录,溪流,527324728,2.306,109.2379138,23.0308681
WY045,24,未记录,溪流,527324728,2.306,109.2378683,23.0309984
WY045,25,未记录,溪流,527324728,2.306,109.2375851,23.0312032
WY045,26,未记录,溪流,527324728,2.306,109.2373423,23.0311939
WY045,27,未记录,溪流,527324728,2.306,109.2371552,23.031031
WY045,28,未记录,溪流,527324728,2.306,109.2370237,23.0306307
WY045,29,未记录,溪流,527324728,2.306,109.2371754,23.0303049
WY045,30,未记录,溪流,527324728,2.306,109.2377671,23.0297697
WY045,31,未记录,溪流,527324728,2.306,109.238197,23.0292996
WY045,32,未记录,溪流,527324728,2.306,109.2385156,23.028932
WY045,33,未记录,溪流,527324728,2.306,109.2386976,23.0285177
WY045,34,未记录,溪流,527324728,2.306,109.2386521,23.0283083
WY045,35,未记录,溪流,527324728,2.306,109.2383082,23.0282757
WY045,36,未记录,溪流,527324728,2.306,109.2377772,23.0284526
WY045,37,未记录,溪流,527324728,2.306,109.2372968,23.0285177
WY045,38,未记录,溪流,527324728,2.306,109.2369074,23.0285503
WY045,39,未记录,溪流,527324728,2.306,109.2361286,23.0286434
WY045,40,未记录,溪流,527324728,2.306,109.2356482,23.0286294
WY045,41,未记录,溪流,527324728,2.306,109.2355217,23.0287458
WY045,42,未记录,溪流,527324728,2.306,109.2354611,23.029402
WY045,43,未记录,溪流,527324728,2.306,109.2353296,23.0295184
WY045,44,未记录,溪流,527324728,2.306,109.2349907,23.0294346
WY045,45,未记录,溪流,527324728,2.306,109.2344648,23.0288622
WY045,46,未记录,溪流,527324728,2.306,109.2339692,23.0281454
WY045,47,未记录,溪流,527324728,2.306,109.2335242,23.0277917
WY045,48,未记录,溪流,527324728,2.306,109.2331803,23.027694
WY045,49,未记录,溪流,527324728,2.306,109.2325633,23.0274845
WY045,50,未记录,溪流,527324728,2.306,109.2319066,23.0274886
WY046,1,未记录,溪流,527324729,6.042,109.2529687,23.0558124
WY046,2,未记录,溪流,527324729,6.042,109.2533049,23.0549438
WY046,3,未记录,溪流,527324729,6.042,109.2537983,23.0540159
WY046,4,未记录,溪流,527324729,6.042,109.2540987,23.0535026
WY046,5,未记录,溪流,527324729,6.042,109.2538127,23.0533117
WY046,6,未记录,溪流,527324729,6.042,109.2531904,23.0533512
WY046,7,未记录,溪流,527324729,6.042,109.2524252,23.0538514
WY046,8,未记录,溪流,527324729,6.042,109.2515526,23.0547398
WY046,9,未记录,溪流,527324729,6.042,109.2512451,23.0549043
WY046,10,未记录,溪流,527324729,6.042,109.2508518,23.0547332
WY046,11,未记录,溪流,527324729,6.042,109.2506801,23.0544568
WY046,12,未记录,溪流,527324729,6.042,109.2508518,23.0538711
WY046,13,未记录,溪流,527324729,6.042,109.2515026,23.0529959
WY046,14,未记录,溪流,527324729,6.042,109.2519031,23.0527853
WY046,15,未记录,溪流,527324729,6.042,109.2519388,23.0523115
WY046,16,未记录,溪流,527324729,6.042,109.2513882,23.0516863
WY046,17,未记录,溪流,527324729,6.042,109.2505442,23.0516139
WY046,18,未记录,溪流,527324729,6.042,109.2501151,23.0515349
WY046,19,未记录,溪流,527324729,6.042,109.2497361,23.0511203
WY046,20,未记录,溪流,527324729,6.042,109.2496717,23.0497252
WY046,21,未记录,溪流,527324729,6.042,109.2490066,23.0484221
WY046,22,未记录,溪流,527324729,6.042,109.2490638,23.0481918
WY046,23,未记录,溪流,527324729,6.042,109.2493785,23.048047
WY046,24,未记录,溪流,527324729,6.042,109.2498004,23.0480273
WY046,25,未记录,溪流,527324729,6.042,109.2500579,23.0478298
WY046,26,未记录,溪流,527324729,6.042,109.2503154,23.0474416
WY046,27,未记录,溪流,527324729,6.042,109.250394,23.0468427
WY046,28,未记录,溪流,527324729,6.042,109.2502081,23.0463491
WY046,29,未记录,溪流,527324729,6.042,109.2494285,23.0461056
WY046,30,未记录,溪流,527324729,6.042,109.2484916,23.0458621
WY046,31,未记录,溪流,527324729,6.042,109.2479767,23.0455791
WY046,32,未记录,溪流,527324729,6.042,109.2477621,23.0452237
WY046,33,未记录,溪流,527324729,6.042,109.2474689,23.0448354
WY046,34,未记录,溪流,527324729,6.042,109.246911,23.0448354
WY046,35,未记录,溪流,527324729,6.042,109.2466536,23.0451053
WY046,36,未记录,溪流,527324729,6.042,109.2462316,23.0451645
WY046,37,未记录,溪流,527324729,6.042,109.2455879,23.0449407
WY046,38,未记录,溪流,527324729,6.042,109.2448584,23.0443024
WY046,39,未记录,溪流,527324729,6.042,109.2445581,23.0438285
WY046,40,未记录,溪流,527324729,6.042,109.2446439,23.0435521
WY046,41,未记录,溪流,527324729,6.042,109.2451445,23.0434271
WY046,42,未记录,溪流,527324729,6.042,109.2455593,23.0432362
WY046,43,未记录,溪流,527324729,6.042,109.2454235,23.0430453
WY046,44,未记录,溪流,527324729,6.042,109.2449371,23.0430453
WY046,45,未记录,溪流,527324729,6.042,109.2446224,23.042894
WY046,46,未记录,溪流,527324729,6.042,109.2440002,23.0427492
WY046,47,未记录,溪流,527324729,6.042,109.2439287,23.0425386
WY046,48,未记录,溪流,527324729,6.042,109.2443364,23.0423017
WY046,49,未记录,溪流,527324729,6.042,109.2444293,23.0419331
WY046,50,未记录,溪流,527324729,6.042,109.2440717,23.0416896
WY046,51,未记录,溪流,527324729,6.042,109.2434638,23.0417159
WY046,52,未记录,溪流,527324729,6.042,109.2430633,23.0416633
WY046,53,未记录,溪流,527324729,6.042,109.242956,23.041558
WY046,54,未记录,溪流,527324729,6.042,109.2431706,23.0408998
WY046,55,未记录,溪流,527324729,6.042,109.2430705,23.0401101
WY046,56,未记录,溪流,527324729,6.042,109.2426771,23.0397086
WY046,57,未记录,溪流,527324729,6.042,109.2428488,23.0386556
WY046,58,未记录,溪流,527324729,6.042,109.2428488,23.0372405
WY046,59,未记录,溪流,527324729,6.042,109.2426271,23.0369246
WY046,60,未记录,溪流,527324729,6.042,109.2422766,23.0370036
WY046,61,未记录,溪流,527324729,6.042,109.2422265,23.037201
WY046,62,未记录,溪流,527324729,6.042,109.2418689,23.037517
WY046,63,未记录,溪流,527324729,6.042,109.2415614,23.0378592
WY046,64,未记录,溪流,527324729,6.042,109.2411609,23.0378395
WY046,65,未记录,溪流,527324729,6.042,109.2405315,23.0374446
WY046,66,未记录,溪流,527324729,6.042,109.2395446,23.0375959
WY046,67,未记录,溪流,527324729,6.042,109.2388437,23.0373393
WY046,68,未记录,溪流,527324729,6.042,109.2380641,23.0370826
WY046,69,未记录,溪流,527324729,6.042,109.2371129,23.0370628
WY046,70,未记录,溪流,527324729,6.042,109.2365399,23.0369179
WY046,71,未记录,溪流,527324729,6.042,109.2362824,23.0370495
WY046,72,未记录,溪流,527324729,6.042,109.2362896,23.0376156
WY046,73,未记录,溪流,527324729,6.042,109.2358819,23.038096
WY046,74,未记录,溪流,527324729,6.042,109.2355887,23.038254
WY046,75,未记录,溪流,527324729,6.042,109.2339151,23.0375234
WY046,76,未记录,溪流,527324729,6.042,109.2332429,23.0369113
WY046,77,未记录,溪流,527324729,6.042,109.2329711,23.03547
WY046,78,未记录,溪流,527324729,6.042,109.2330712,23.0335679
WY046,79,未记录,溪流,527324729,6.042,109.2330498,23.0329952
WY046,80,未记录,溪流,527324729,6.042,109.232263,23.0321528
WY046,81,未记录,溪流,527324729,6.042,109.2321629,23.0307377
WY046,82,未记录,溪流,527324729,6.042,109.2321772,23.0293028
WY046,83,未记录,溪流,527324729,6.042,109.2319066,23.0274886
WY047,1,镇龙江,河流,527324730,22.613,109.2319066,23.0274886
WY047,2,镇龙江,河流,527324730,22.613,109.2317356,23.0272591
WY047,3,镇龙江,河流,527324730,22.613,109.230577,23.0266338
WY047,4,镇龙江,河流,527324730,22.613,109.2302971,23.0262337
WY047,5,镇龙江,河流,527324730,22.613,109.2300692,23.0252121
WY047,6,镇龙江,河流,527324730,22.613,109.2299762,23.0242708
WY047,7,镇龙江,河流,527324730,22.613,109.2294756,23.0238232
WY047,8,镇龙江,河流,527324730,22.613,109.2290322,23.023843
WY047,9,镇龙江,河流,527324730,22.613,109.2285244,23.0242708
WY047,10,镇龙江,河流,527324730,22.613,109.2282383,23.0244222
WY047,11,镇龙江,河流,527324730,22.613,109.2278235,23.0243695
WY047,12,镇龙江,河流,527324730,22.613,109.2266148,23.0233361
WY047,13,镇龙江,河流,527324730,22.613,109.2262358,23.0226779
WY047,14,镇龙江,河流,527324730,22.613,109.226436,23.0221908
WY047,15,镇龙江,河流,527324730,22.613,109.2275231,23.0220723
WY047,16,镇龙江,河流,527324730,22.613,109.2297187,23.0223817
WY047,17,镇龙江,河流,527324730,22.613,109.2301479,23.0222764
WY047,18,镇龙江,河流,527324730,22.613,109.2303839,23.021967
WY047,19,镇龙江,河流,527324730,22.613,109.2301836,23.0215063
WY047,20,镇龙江,河流,527324730,22.613,109.2293397,23.0209731
WY047,21,镇龙江,河流,527324730,22.613,109.229354,23.0204531
WY047,22,镇龙江,河流,527324730,22.613,109.2301335,23.0194526
WY047,23,镇龙江,河流,527324730,22.613,109.2304482,23.0185047
WY047,24,镇龙江,河流,527324730,22.613,109.2304554,23.0179188
WY047,25,镇龙江,河流,527324730,22.613,109.230906,23.0176885
WY047,26,镇龙江,河流,527324730,22.613,109.2316641,23.0179057
WY047,27,镇龙江,河流,527324730,22.613,109.2326796,23.0188601
WY047,28,镇龙江,河流,527324730,22.613,109.2329371,23.0189589
WY047,29,镇龙江,河流,527324730,22.613,109.2335093,23.0186956
WY047,30,镇龙江,河流,527324730,22.613,109.2338168,23.0177543
WY047,31,镇龙江,河流,527324730,22.613,109.2324436,23.0161745
WY047,32,镇龙江,河流,527324730,22.613,109.2323864,23.0153187
WY047,33,镇龙江,河流,527324730,22.613,109.2319859,23.0138771
WY047,34,镇龙江,河流,527324730,22.613,109.2309306,23.0118077
WY047,35,镇龙江,河流,527324730,22.613,109.2298686,23.0097875
WY047,36,镇龙江,河流,527324730,22.613,109.2296056,23.0092755
WY047,37,镇龙江,河流,527324730,22.613,109.2296807,23.0089332
WY047,38,镇龙江,河流,527324730,22.613,109.2301312,23.0086963
WY047,39,镇龙江,河流,527324730,22.613,109.2308533,23.0084264
WY047,40,镇龙江,河流,527324730,22.613,109.2309964,23.0080908
WY047,41,镇龙江,河流,527324730,22.613,109.2308962,23.0077946
WY047,42,镇龙江,河流,527324730,22.613,109.2305959,23.0075248
WY047,43,镇龙江,河流,527324730,22.613,109.2296235,23.0072878
WY047,44,镇龙江,河流,527324730,22.613,109.229173,23.0071891
WY047,45,镇龙江,河流,527324730,22.613,109.2289585,23.0066494
WY047,46,镇龙江,河流,527324730,22.613,109.2289799,23.0061295
WY047,47,镇龙江,河流,527324730,22.613,109.2294519,23.0054845
WY047,48,镇龙江,河流,527324730,22.613,109.2299667,23.0048263
WY047,49,镇龙江,河流,527324730,22.613,109.2302098,23.0044511
WY047,50,镇龙江,河流,527324730,22.613,109.230553,23.0040497
WY047,51,镇龙江,河流,527324730,22.613,109.2305244,23.0035231
WY047,52,镇龙江,河流,527324730,22.613,109.2299309,23.0030624
WY047,53,镇龙江,河流,527324730,22.613,109.228079,23.0028781
WY047,54,镇龙江,河流,527324730,22.613,109.2273854,23.0029439
WY047,55,镇龙江,河流,527324730,22.613,109.226842,23.0027794
WY047,56,镇龙江,河流,527324730,22.613,109.2264988,23.0024042
WY047,57,镇龙江,河流,527324730,22.613,109.2265059,23.0017394
WY047,58,镇龙江,河流,527324730,22.613,109.2262485,23.001384
WY047,59,镇龙江,河流,527324730,22.613,109.2251617,23.0015025
WY047,60,镇龙江,河流,527324730,22.613,109.2245396,23.0015617
WY047,61,镇龙江,河流,527324730,22.613,109.2238031,23.0018908
WY047,62,镇龙江,河流,527324730,22.613,109.2230809,23.0020751
WY047,63,镇龙江,河流,527324730,22.613,109.2227949,23.001825
WY047,64,镇龙江,河流,527324730,22.613,109.2226948,23.0013774
WY047,65,镇龙江,河流,527324730,22.613,109.222895,23.0008838
WY047,66,镇龙江,河流,527324730,22.613,109.2233598,23.0002322
WY047,67,镇龙江,河流,527324730,22.613,109.2237602,22.999936
WY047,68,镇龙江,河流,527324730,22.613,109.2237816,22.9992844
WY047,69,镇龙江,河流,527324730,22.613,109.2235171,22.9990211
WY047,70,镇龙江,河流,527324730,22.613,109.2228378,22.9988302
WY047,71,镇龙江,河流,527324730,22.613,109.2224088,22.9988434
WY047,72,镇龙江,河流,527324730,22.613,109.2213291,22.9984682
WY047,73,镇龙江,河流,527324730,22.613,109.2211789,22.9980404
WY047,74,镇龙江,河流,527324730,22.613,109.2212719,22.9978429
WY047,75,镇龙江,河流,527324730,22.613,109.2220369,22.9967898
WY047,76,镇龙江,河流,527324730,22.613,109.222895,22.9952298
WY047,77,镇龙江,河流,527324730,22.613,109.2228735,22.9940055
WY047,78,镇龙江,河流,527324730,22.613,109.2224588,22.9929655
WY047,79,镇龙江,河流,527324730,22.613,109.2226018,22.9925114
WY047,80,镇龙江,河流,527324730,22.613,109.2239175,22.9921098
WY047,81,镇龙江,河流,527324730,22.613,109.2240605,22.9917478
WY047,82,镇龙江,河流,527324730,22.613,109.2238317,22.9905762
WY047,83,镇龙江,河流,527324730,22.613,109.2241249,22.9900956
WY047,84,镇龙江,河流,527324730,22.613,109.2247684,22.9899113
WY047,85,镇龙江,河流,527324730,22.613,109.2261985,22.9901944
WY047,86,镇龙江,河流,527324730,22.613,109.2268062,22.9900759
WY047,87,镇龙江,河流,527324730,22.613,109.2269921,22.9897204
WY047,88,镇龙江,河流,527324730,22.613,109.2268992,22.9890556
WY047,89,镇龙江,河流,527324730,22.613,109.2267609,22.9884419
WY047,90,镇龙江,河流,527324730,22.613,109.2261815,22.9873159
WY047,91,镇龙江,河流,527324730,22.613,109.2260313,22.9869702
WY047,92,镇龙江,河流,527324730,22.613,109.2263746,22.9860615
WY047,93,镇龙江,河流,527324730,22.613,109.227072,22.9855578
WY047,94,镇龙江,河流,527324730,22.613,109.2269003,22.9840565
WY047,95,镇龙江,河流,527324730,22.613,109.2272866,22.9825157
WY047,96,镇龙江,河流,527324730,22.613,109.2278016,22.9819428
WY047,97,镇龙江,河流,527324730,22.613,109.2280483,22.9811328
WY047,98,镇龙江,河流,527324730,22.613,109.2280269,22.9802636
WY047,99,镇龙江,河流,527324730,22.613,109.2275548,22.9802044
WY047,100,镇龙江,河流,527324730,22.613,109.2260849,22.9803624
WY047,101,镇龙江,河流,527324730,22.613,109.2252588,22.9803427
WY047,102,镇龙江,河流,527324730,22.613,109.2243898,22.9800068
WY047,103,镇龙江,河流,527324730,22.613,109.2242128,22.9796809
WY047,104,镇龙江,河流,527324730,22.613,109.224835,22.9780857
WY047,105,镇龙江,河流,527324730,22.613,109.2253607,22.9770584
WY047,106,镇龙江,河流,527324730,22.613,109.2266107,22.9759768
WY047,107,镇龙江,河流,527324730,22.613,109.2274046,22.9756409
WY047,108,镇龙江,河流,527324730,22.613,109.2277425,22.9751569
WY047,109,镇龙江,河流,527324730,22.613,109.2276728,22.9748359
WY047,110,镇龙江,河流,527324730,22.613,109.2274851,22.9744507
WY047,111,镇龙江,河流,527324730,22.613,109.2268467,22.9738679
WY047,112,镇龙江,河流,527324730,22.613,109.226777,22.9733592
WY047,113,镇龙江,河流,527324730,22.613,109.2271793,22.9728455
WY047,114,镇龙江,河流,527324730,22.613,109.2279196,22.9724356
WY047,115,镇龙江,河流,527324730,22.613,109.2295235,22.9722578
WY047,116,镇龙江,河流,527324730,22.613,109.2300814,22.9723269
WY047,117,镇龙江,河流,527324730,22.613,109.2315298,22.9728603
WY047,118,镇龙江,河流,527324730,22.613,109.2321843,22.9728307
WY047,119,镇龙江,河流,527324730,22.613,109.2334288,22.9731418
WY047,120,镇龙江,河流,527324730,22.613,109.2342764,22.972964
WY047,121,镇龙江,河流,527324730,22.613,109.234668,22.9725294
WY047,122,镇龙江,河流,527324730,22.613,109.234668,22.9720158
WY047,123,镇龙江,河流,527324730,22.613,109.2343837,22.9712305
WY047,124,镇龙江,河流,527324730,22.613,109.2345339,22.9709045
WY047,125,镇龙江,河流,527324730,22.613,109.2355585,22.970702
WY047,126,镇龙江,河流,527324730,22.613,109.2364919,22.971023
WY047,127,镇龙江,河流,527324730,22.613,109.2372268,22.9717441
WY047,128,镇龙江,河流,527324730,22.613,109.2380422,22.9721343
WY047,129,镇龙江,河流,527324730,22.613,109.2393243,22.9718874
WY047,130,镇龙江,河流,527324730,22.613,109.2429399,22.9670866
WY047,131,镇龙江,河流,527324730,22.613,109.2452144,22.9671261
WY047,132,镇龙江,河流,527324730,22.613,109.2486476,22.9680349
WY047,133,镇龙江,河流,527324730,22.613,109.2500209,22.96681
WY047,134,镇龙江,河流,527324730,22.613,109.2502355,22.9630957
WY047,135,镇龙江,河流,527324730,22.613,109.2513513,22.9610409
WY047,136,镇龙江,河流,527324730,22.613,109.2510938,22.9602506
WY047,137,镇龙江,河流,527324730,22.613,109.2473173,22.9583736
WY047,138,镇龙江,河流,527324730,22.613,109.2466306,22.9571683
WY047,139,镇龙江,河流,527324730,22.613,109.2469311,22.956299
WY047,140,镇龙江,河流,527324730,22.613,109.2498922,22.9549356
WY047,141,镇龙江,河流,527324730,22.613,109.2561149,22.9531376
WY047,142,镇龙江,河流,527324730,22.613,109.2634105,22.9473284
WY047,143,镇龙江,河流,527324730,22.613,109.265728,22.9408471
WY047,144,镇龙江,河流,527324730,22.613,109.2668974,22.9387327
WY047,145,镇龙江,河流,527324730,22.613,109.2663411,22.9359642
WY047,146,镇龙江,河流,527324730,22.613,109.2654061,22.9312728
WY047,147,镇龙江,河流,527324730,22.613,109.2655027,22.9305811
WY047,148,镇龙江,河流,527324730,22.613,109.2661893,22.9296424
WY047,149,镇龙江,河流,527324730,22.613,109.2661571,22.9288519
WY047,150,镇龙江,河流,527324730,22.613,109.2649126,22.9270437
WY047,151,镇龙江,河流,527324730,22.613,109.2646766,22.9262532
WY047,152,镇龙江,河流,527324730,22.613,109.2647624,22.9253046
WY047,153,镇龙江,河流,527324730,22.613,109.2652023,22.9242374
WY047,154,镇龙江,河流,527324730,22.613,109.2656851,22.9237532
WY047,155,镇龙江,河流,527324730,22.613,109.2663717,22.9236544
WY047,156,镇龙江,河流,527324730,22.613,109.2684102,22.9236445
WY047,157,镇龙江,河流,527324730,22.613,109.2700302,22.9232393
WY047,158,镇龙江,河流,527324730,22.613,109.2706096,22.9231306
WY047,159,镇龙江,河流,527324730,22.613,109.2741823,22.9234172
WY047,160,镇龙江,河流,527324730,22.613,109.2746115,22.9230318
WY047,161,镇龙江,河流,527324730,22.613,109.2750406,22.9213915
WY047,162,镇龙江,河流,527324730,22.613,109.2745471,22.9202748
WY047,163,镇龙江,河流,527324730,22.613,109.2746329,22.9195535
WY047,164,镇龙江,河流,527324730,22.613,109.2748797,22.9186937
WY047,165,镇龙江,河流,527324730,22.613,109.2751479,22.9184763
WY047,166,镇龙江,河流,527324730,22.613,109.2757058,22.9182787
WY047,167,镇龙江,河流,527324730,22.613,109.2755985,22.9178241
WY047,168,镇龙江,河流,527324730,22.613,109.2750621,22.9166581
WY047,169,镇龙江,河流,527324730,22.613,109.2747617,22.9156698
WY047,170,镇龙江,河流,527324730,22.613,109.2736673,22.9137626
WY047,171,镇龙江,河流,527324730,22.613,109.2735171,22.9131696
WY047,172,镇龙江,河流,527324730,22.613,109.2733347,22.9129028
WY047,173,镇龙江,河流,527324730,22.613,109.2733776,22.9125569
WY047,174,镇龙江,河流,527324730,22.613,109.2739355,22.9123297
WY047,175,镇龙江,河流,527324730,22.613,109.2746973,22.9120134
WY047,176,镇龙江,河流,527324730,22.613,109.2761028,22.9119838
WY047,177,镇龙江,河流,527324730,22.613,109.2767143,22.9123494
WY047,178,镇龙江,河流,527324730,22.613,109.2768752,22.9129325
WY047,179,镇龙江,河流,527324730,22.613,109.2770898,22.9130017
WY047,180,镇龙江,河流,527324730,22.613,109.2778087,22.9129325
WY047,181,镇龙江,河流,527324730,22.613,109.2783129,22.9126657
WY047,182,镇龙江,河流,527324730,22.613,109.2796111,22.9120925
WY047,183,镇龙江,河流,527324730,22.613,109.2801261,22.9110351
WY047,184,镇龙江,河流,527324730,22.613,109.2802982,22.9076038
WY048,1,镇龙江,河流,528981824,8.64,109.2802982,22.9076038
WY048,2,镇龙江,河流,528981824,8.64,109.2804319,22.9074427
WY048,3,镇龙江,河流,528981824,8.64,109.2805177,22.9065928
WY048,4,镇龙江,河流,528981824,8.64,109.2807967,22.9062568
WY048,5,镇龙江,河流,528981824,8.64,109.2812902,22.9063358
WY048,6,镇龙江,河流,528981824,8.64,109.2822558,22.9072648
WY048,7,镇龙江,河流,528981824,8.64,109.2830283,22.9077985
WY048,8,镇龙江,河流,528981824,8.64,109.2835862,22.9084705
WY048,9,镇龙江,河流,528981824,8.64,109.2846805,22.9093599
WY048,10,镇龙江,河流,528981824,8.64,109.2851526,22.9094587
WY048,11,镇龙江,河流,528981824,8.64,109.2856032,22.9094192
WY048,12,镇龙江,河流,528981824,8.64,109.28644,22.9083717
WY048,13,镇龙江,河流,528981824,8.64,109.2876631,22.9076799
WY048,14,镇龙江,河流,528981824,8.64,109.2884356,22.9070671
WY048,15,镇龙江,河流,528981824,8.64,109.2888862,22.9069683
WY048,16,镇龙江,河流,528981824,8.64,109.2897874,22.9071067
WY048,17,镇龙江,河流,528981824,8.64,109.2901951,22.907245
WY048,18,镇龙江,河流,528981824,8.64,109.2910963,22.9076799
WY048,19,镇龙江,河流,528981824,8.64,109.2913968,22.9079764
WY048,20,镇龙江,河流,528981824,8.64,109.2915684,22.9083519
WY048,21,镇龙江,河流,528981824,8.64,109.2916542,22.908767
WY048,22,镇龙江,河流,528981824,8.64,109.2916113,22.9095971
WY048,23,镇龙江,河流,528981824,8.64,109.2912251,22.9112376
WY048,24,镇龙江,河流,528981824,8.64,109.2914397,22.9115934
WY048,25,镇龙江,河流,528981824,8.64,109.2918903,22.9116922
WY048,26,镇龙江,河流,528981824,8.64,109.2923194,22.9116131
WY048,27,镇龙江,河流,528981824,8.64,109.2927057,22.9114155
WY048,28,镇龙江,河流,528981824,8.64,109.2935211,22.9109807
WY048,29,镇龙江,河流,528981824,8.64,109.2942506,22.910447
WY048,30,镇龙江,河流,528981824,8.64,109.295066,22.9093797
WY048,31,镇龙江,河流,528981824,8.64,109.2958385,22.907838
WY048,32,镇龙江,河流,528981824,8.64,109.2967612,22.9076008
WY048,33,镇龙江,河流,528981824,8.64,109.2972118,22.9076008
WY048,34,镇龙江,河流,528981824,8.64,109.2977053,22.9077194
WY048,35,镇龙江,河流,528981824,8.64,109.2985422,22.9082135
WY048,36,镇龙江,河流,528981824,8.64,109.298864,22.9084903
WY048,37,镇龙江,河流,528981824,8.64,109.2995507,22.9095773
WY048,38,镇龙江,河流,528981824,8.64,109.2999154,22.9103482
WY048,39,镇龙江,河流,528981824,8.64,109.3005163,22.9120677
WY048,40,镇龙江,河流,528981824,8.64,109.3008381,22.9123444
WY048,41,镇龙江,河流,528981824,8.64,109.3012458,22.9125025
WY048,42,镇龙江,河流,528981824,8.64,109.3022543,22.912463
WY048,43,镇龙江,河流,528981824,8.64,109.3027264,22.9123642
WY048,44,镇龙江,河流,528981824,8.64,109.3031341,22.9121665
WY048,45,镇龙江,河流,528981824,8.64,109.3042499,22.9113364
WY048,46,镇龙江,河流,528981824,8.64,109.3045074,22.9104272
WY048,47,镇龙江,河流,528981824,8.64,109.3045074,22.9091227
WY048,48,镇龙江,河流,528981824,8.64,109.3045932,22.9086484
WY048,49,镇龙江,河流,528981824,8.64,109.3047863,22.9082728
WY048,50,镇龙江,河流,528981824,8.64,109.3051297,22.9079961
WY048,51,镇龙江,河流,528981824,8.64,109.3055803,22.9079566
WY048,52,镇龙江,河流,528981824,8.64,109.30646,22.9082926
WY048,53,镇龙江,河流,528981824,8.64,109.3070609,22.9089053
WY048,54,镇龙江,河流,528981824,8.64,109.3075329,22.9100517
WY048,55,镇龙江,河流,528981824,8.64,109.3076188,22.9108621
WY048,56,镇龙江,河流,528981824,8.64,109.3077904,22.9112376
WY048,57,镇龙江,河流,528981824,8.64,109.3116099,22.9128978
WY048,58,镇龙江,河流,528981824,8.64,109.3124896,22.9131152
WY048,59,镇龙江,河流,528981824,8.64,109.313348,22.9134512
WY048,60,镇龙江,河流,528981824,8.64,109.313584,22.913807
WY048,61,镇龙江,河流,528981824,8.64,109.3134982,22.9142221
WY048,62,镇龙江,河流,528981824,8.64,109.313069,22.914894
WY048,63,镇龙江,河流,528981824,8.64,109.3127042,22.9151115
WY048,64,镇龙江,河流,528981824,8.64,109.3109876,22.9156056
WY048,65,镇龙江,河流,528981824,8.64,109.3106657,22.9159218
WY048,66,镇龙江,河流,528981824,8.64,109.3106443,22.9163171
WY048,67,镇龙江,河流,528981824,8.64,109.3109232,22.9166531
WY048,68,镇龙江,河流,528981824,8.64,109.3113095,22.9169298
WY048,69,镇龙江,河流,528981824,8.64,109.3141092,22.9178276
WY048,70,镇龙江,河流,528981824,8.64,109.3155906,22.9183775
WY048,71,镇龙江,河流,528981824,8.64,109.3162175,22.9187413
WY048,72,镇龙江,河流,528981824,8.64,109.3176824,22.9198746
WY048,73,镇龙江,河流,528981824,8.64,109.318133,22.9199536
WY048,74,镇龙江,河流,528981824,8.64,109.3193132,22.9199536
WY048,75,镇龙江,河流,528981824,8.64,109.3201715,22.9196769
WY048,76,镇龙江,河流,528981824,8.64,109.3216092,22.9190643
WY048,77,镇龙江,河流,528981824,8.64,109.3225747,22.9190643
WY048,78,镇龙江,河流,528981824,8.64,109.323991,22.9193409
WY048,79,镇龙江,河流,528981824,8.64,109.3249136,22.9193212
WY048,80,镇龙江,河流,528981824,8.64,109.3257719,22.9191235
WY048,81,镇龙江,河流,528981824,8.64,109.3261367,22.9189061
WY048,82,镇龙江,河流,528981824,8.64,109.3265444,22.9185899
WY048,83,镇龙江,河流,528981824,8.64,109.3274242,22.9175227
WY048,84,镇龙江,河流,528981824,8.64,109.3278533,22.9167914
WY048,85,镇龙江,河流,528981824,8.64,109.3278963,22.9163961
WY048,86,镇龙江,河流,528981824,8.64,109.3284542,22.9148545
WY048,87,镇龙江,河流,528981824,8.64,109.3285829,22.9140442
WY048,88,镇龙江,河流,528981824,8.64,109.3287975,22.9136489
WY048,89,镇龙江,河流,528981824,8.64,109.3324238,22.9124828
WY049,1,镇龙江,河流,528981825,14.443,109.3324238,22.9124828
WY049,2,镇龙江,河流,528981825,14.443,109.3338829,22.9125025
WY049,3,镇龙江,河流,528981825,14.443,109.3347842,22.9128385
WY049,4,镇龙江,河流,528981825,14.443,109.3357283,22.9129176
WY049,5,镇龙江,河流,528981825,14.443,109.3362433,22.912799
WY049,6,镇龙江,河流,528981825,14.443,109.3378097,22.9118305
WY049,7,镇龙江,河流,528981825,14.443,109.3382389,22.9116527
WY049,8,镇龙江,河流,528981825,14.443,109.338668,22.9116329
WY049,9,镇龙江,河流,528981825,14.443,109.3390972,22.9117515
WY049,10,镇龙江,河流,528981825,14.443,109.34017,22.9125618
WY049,11,镇龙江,河流,528981825,14.443,109.3405563,22.9127397
WY049,12,镇龙江,河流,528981825,14.443,109.3410713,22.91272
WY049,13,镇龙江,河流,528981825,14.443,109.3413717,22.9123642
WY049,14,镇龙江,河流,528981825,14.443,109.3414146,22.9119491
WY049,15,镇龙江,河流,528981825,14.443,109.3418223,22.9111585
WY049,16,镇龙江,河流,528981825,14.443,109.3419296,22.9107632
WY049,17,镇龙江,河流,528981825,14.443,109.3418437,22.9094983
WY049,18,镇龙江,河流,528981825,14.443,109.3413931,22.9083321
WY049,19,镇龙江,河流,528981825,14.443,109.3408781,22.9076206
WY049,20,镇龙江,河流,528981825,14.443,109.34017,22.9070474
WY049,21,镇龙江,河流,528981825,14.443,109.339934,22.9066916
WY049,22,镇龙江,河流,528981825,14.443,109.3397838,22.9062963
WY049,23,镇龙江,河流,528981825,14.443,109.3397409,22.9058417
WY049,24,镇龙江,河流,528981825,14.443,109.3398482,22.9054266
WY049,25,镇龙江,河流,528981825,14.443,109.3401057,22.9050906
WY049,26,镇龙江,河流,528981825,14.443,109.3409854,22.9051499
WY049,27,镇龙江,河流,528981825,14.443,109.3418867,22.9053475
WY049,28,镇龙江,河流,528981825,14.443,109.3445259,22.9062172
WY049,29,镇龙江,河流,528981825,14.443,109.3477231,22.9070078
WY049,30,镇龙江,河流,528981825,14.443,109.3486887,22.9071067
WY049,31,镇龙江,河流,528981825,14.443,109.34959,22.9069486
WY049,32,镇龙江,河流,528981825,14.443,109.3499977,22.9067509
WY049,33,镇龙江,河流,528981825,14.443,109.3503195,22.9064346
WY049,34,镇龙江,河流,528981825,14.443,109.3505556,22.9056045
WY049,35,镇龙江,河流,528981825,14.443,109.350577,22.904715
WY049,36,镇龙江,河流,528981825,14.443,109.3507058,22.9043197
WY049,37,镇龙江,河流,528981825,14.443,109.3509633,22.9039639
WY049,38,镇龙江,河流,528981825,14.443,109.3513709,22.9038058
WY049,39,镇龙江,河流,528981825,14.443,109.351843,22.9038256
WY049,40,镇龙江,河流,528981825,14.443,109.3522936,22.9039837
WY049,41,镇龙江,河流,528981825,14.443,109.3547613,22.905565
WY049,42,镇龙江,河流,528981825,14.443,109.3552333,22.9057231
WY049,43,镇龙江,河流,528981825,14.443,109.3571431,22.9057033
WY049,44,镇龙江,河流,528981825,14.443,109.3585378,22.90598
WY049,45,镇龙江,河流,528981825,14.443,109.3604046,22.9060591
WY049,46,镇龙江,河流,528981825,14.443,109.3608767,22.9059405
WY049,47,镇龙江,河流,528981825,14.443,109.3613058,22.9056836
WY049,48,镇龙江,河流,528981825,14.443,109.3623573,22.9042604
WY049,49,镇龙江,河流,528981825,14.443,109.3625719,22.9038256
WY049,50,镇龙江,河流,528981825,14.443,109.3628508,22.9035093
WY049,51,镇龙江,河流,528981825,14.443,109.36328,22.9034303
WY049,52,镇龙江,河流,528981825,14.443,109.3642026,22.9036477
WY049,53,镇龙江,河流,528981825,14.443,109.364546,22.9039244
WY049,54,镇龙江,河流,528981825,14.443,109.3660265,22.9071067
WY049,55,镇龙江,河流,528981825,14.443,109.3664342,22.9073241
WY049,56,镇龙江,河流,528981825,14.443,109.3673998,22.9073043
WY049,57,镇龙江,河流,528981825,14.443,109.3681723,22.9067904
WY049,58,镇龙江,河流,528981825,14.443,109.3684727,22.9064346
WY049,59,镇龙江,河流,528981825,14.443,109.369331,22.9034698
WY049,60,镇龙江,河流,528981825,14.443,109.369846,22.9027977
WY049,61,镇龙江,河流,528981825,14.443,109.3705756,22.9023036
WY049,62,镇龙江,河流,528981825,14.443,109.371627,22.9023036
WY049,63,镇龙江,河流,528981825,14.443,109.3734739,22.9024666
WY049,64,镇龙江,河流,528981825,14.443,109.374933,22.902427
WY049,65,镇龙江,河流,528981825,14.443,109.3764351,22.9021306
WY049,66,镇龙江,河流,528981825,14.443,109.378071,22.9020737
WY049,67,镇龙江,河流,528981825,14.443,109.3792879,22.9027413
WY049,68,镇龙江,河流,528981825,14.443,109.3800813,22.9034303
WY049,69,镇龙江,河流,528981825,14.443,109.3810898,22.9044383
WY049,70,镇龙江,河流,528981825,14.443,109.3818838,22.9050115
WY049,71,镇龙江,河流,528981825,14.443,109.3823558,22.9051301
WY049,72,镇龙江,河流,528981825,14.443,109.3828279,22.9051301
WY049,73,镇龙江,河流,528981825,14.443,109.3837291,22.9049522
WY049,74,镇龙江,河流,528981825,14.443,109.3840939,22.9046755
WY049,75,镇龙江,河流,528981825,14.443,109.3843514,22.9043395
WY049,76,镇龙江,河流,528981825,14.443,109.3847376,22.9035488
WY049,77,镇龙江,河流,528981825,14.443,109.3848235,22.9031535
WY049,78,镇龙江,河流,528981825,14.443,109.3846947,22.9019676
WY049,79,镇龙江,河流,528981825,14.443,109.3842441,22.9003467
WY049,80,镇龙江,河流,528981825,14.443,109.3842441,22.8999316
WY049,81,镇龙江,河流,528981825,14.443,109.3843728,22.8995165
WY049,82,镇龙江,河流,528981825,14.443,109.3849307,22.8992793
WY049,83,镇龙江,河流,528981825,14.443,109.3854028,22.8992793
WY049,84,镇龙江,河流,528981825,14.443,109.3872911,22.8996351
WY049,85,镇龙江,河流,528981825,14.443,109.3882138,22.8996549
WY049,86,镇龙江,河流,528981825,14.443,109.3886429,22.8995758
WY049,87,镇龙江,河流,528981825,14.443,109.3889648,22.8992793
WY049,88,镇龙江,河流,528981825,14.443,109.3891794,22.898884
WY049,89,镇龙江,河流,528981825,14.443,109.3891579,22.8975596
WY049,90,镇龙江,河流,528981825,14.443,109.3890292,22.8967294
WY049,91,镇龙江,河流,528981825,14.443,109.3890935,22.8962945
WY049,92,镇龙江,河流,528981825,14.443,109.3902308,22.8933888
WY049,93,镇龙江,河流,528981825,14.443,109.3902308,22.8929539
WY049,94,镇龙江,河流,528981825,14.443,109.3900591,22.8920841
WY049,95,镇龙江,河流,528981825,14.443,109.3898875,22.8916887
WY049,96,镇龙江,河流,528981825,14.443,109.389351,22.8909178
WY049,97,镇龙江,河流,528981825,14.443,109.3890077,22.8901271
WY049,98,镇龙江,河流,528981825,14.443,109.389115,22.8892573
WY049,99,镇龙江,河流,528981825,14.443,109.389351,22.8889015
WY049,100,镇龙江,河流,528981825,14.443,109.390258,22.8880939
WY049,101,镇龙江,河流,528981825,14.443,109.3907515,22.8878967
WY049,102,镇龙江,河流,528981825,14.443,109.3914539,22.8879724
WY049,103,镇龙江,河流,528981825,14.443,109.3919259,22.8880119
WY049,104,镇龙江,河流,528981825,14.443,109.3922693,22.8882887
WY049,105,镇龙江,河流,528981825,14.443,109.3928063,22.8888084
WY049,106,镇龙江,河流,528981825,14.443,109.3932992,22.8890991
WY049,107,镇龙江,河流,528981825,14.443,109.3937498,22.8890201
WY049,108,镇龙江,河流,528981825,14.443,109.3945438,22.8885456
WY049,109,镇龙江,河流,528981825,14.443,109.3968382,22.8860977
WY049,110,镇龙江,河流,528981825,14.443,109.3968811,22.8856826
WY049,111,镇龙江,河流,528981825,14.443,109.3965163,22.8854058
WY049,112,镇龙江,河流,528981825,14.443,109.3960442,22.8854058
WY049,113,镇龙江,河流,528981825,14.443,109.3956151,22.8855245
WY049,114,镇龙江,河流,528981825,14.443,109.39493,22.8862921
WY049,115,镇龙江,河流,528981825,14.443,109.3942219,22.8867665
WY049,116,镇龙江,河流,528981825,14.443,109.3933636,22.8869049
WY049,117,镇龙江,河流,528981825,14.443,109.392913,22.8867467
WY049,118,镇龙江,河流,528981825,14.443,109.392677,22.8863711
WY049,119,镇龙江,河流,528981825,14.443,109.392677,22.8851257
WY049,120,镇龙江,河流,528981825,14.443,109.3927413,22.8821999
WY049,121,镇龙江,河流,528981825,14.443,109.3927843,22.8818045
WY049,122,镇龙江,河流,528981825,14.443,109.3929988,22.8814487
WY049,123,镇龙江,河流,528981825,14.443,109.3932992,22.8811324
WY049,124,镇龙江,河流,528981825,14.443,109.394179,22.8808161
WY049,125,镇龙江,河流,528981825,14.443,109.3951231,22.8809149
WY049,126,镇龙江,河流,528981825,14.443,109.3954665,22.8811917
WY049,127,镇龙江,河流,528981825,14.443,109.3956596,22.8815673
WY049,128,镇龙江,河流,528981825,14.443,109.3963462,22.8822592
WY049,129,镇龙江,河流,528981825,14.443,109.3967325,22.8825162
WY049,130,镇龙江,河流,528981825,14.443,109.3976337,22.8827732
WY049,131,镇龙江,河流,528981825,14.443,109.3985778,22.8827337
WY049,132,镇龙江,河流,528981825,14.443,109.4007021,22.8818243
WY049,133,镇龙江,河流,528981825,14.443,109.4011313,22.8817057
WY049,134,镇龙江,河流,528981825,14.443,109.4019467,22.8813103
WY049,135,镇龙江,河流,528981825,14.443,109.4027406,22.8807963
WY049,136,镇龙江,河流,528981825,14.443,109.4035775,22.8797485
WY049,137,镇龙江,河流,528981825,14.443,109.4052297,22.8761307
WY049,138,镇龙江,河流,528981825,14.443,109.405852,22.8745095
WY049,139,镇龙江,河流,528981825,14.443,109.4061095,22.8741141
WY049,140,镇龙江,河流,528981825,14.443,109.4067747,22.8735605
WY049,141,镇龙江,河流,528981825,14.443,109.4077403,22.8734815
WY049,142,镇龙江,河流,528981825,14.443,109.4085986,22.8737385
WY049,143,镇龙江,河流,528981825,14.443,109.4093216,22.8741428
WY050,1,未记录,溪流,530995492,1.013,109.3911183,23.0570291
WY050,2,未记录,溪流,530995492,1.013,109.3912542,23.0571685
WY050,3,未记录,溪流,530995492,1.013,109.3918081,23.0570916
WY050,4,未记录,溪流,530995492,1.013,109.392106,23.0568848
WY050,5,未记录,溪流,530995492,1.013,109.3924405,23.056755
WY050,6,未记录,溪流,530995492,1.013,109.392545,23.0569137
WY050,7,未记录,溪流,530995492,1.013,109.392268,23.0572551
WY050,8,未记录,溪流,530995492,1.013,109.3921269,23.0576157
WY050,9,未记录,溪流,530995492,1.013,109.3918186,23.0580485
WY050,10,未记录,溪流,530995492,1.013,109.3918552,23.0582745
WY050,11,未记录,溪流,530995492,1.013,109.392106,23.0585149
WY050,12,未记录,溪流,530995492,1.013,109.3928168,23.058741
WY050,13,未记录,溪流,530995492,1.013,109.3930011,23.0588233
WY050,14,未记录,溪流,530995492,1.013,109.3934875,23.0588826
WY050,15,未记录,溪流,530995492,1.013,109.3938666,23.0589616
WY050,16,未记录,溪流,530995492,1.013,109.3950397,23.0589484
WY050,17,未记录,溪流,530995492,1.013,109.3955619,23.0588431
WY050,18,未记录,溪流,530995492,1.013,109.3957264,23.0589089
WY050,19,未记录,溪流,530995492,1.013,109.3957979,23.0591327
WY050,20,未记录,溪流,530995492,1.013,109.3956477,23.0592906
WY050,21,未记录,溪流,530995492,1.013,109.395147,23.0593235
WY050,22,未记录,溪流,530995492,1.013,109.3949682,23.0595012
WY050,23,未记录,溪流,530995492,1.013,109.3947464,23.0601462
WY050,24,未记录,溪流,530995492,1.013,109.3947464,23.0603502
WY050,25,未记录,溪流,530995492,1.013,109.3949253,23.0604717
WY051,1,未记录,溪流,850984209,7.258,109.37502471131263,23.2247021
WY051,2,未记录,溪流,850984209,7.258,109.3751192,23.224596
WY051,3,未记录,溪流,850984209,7.258,109.3751192,23.224034
WY051,4,未记录,溪流,850984209,7.258,109.3748402,23.2235114
WY051,5,未记录,溪流,850984209,7.258,109.3751299,23.2221508
WY051,6,未记录,溪流,850984209,7.258,109.3754303,23.2220522
WY051,7,未记录,溪流,850984209,7.258,109.3754733,23.2218156
WY051,8,未记录,溪流,850984209,7.258,109.3756342,23.2215494
WY051,9,未记录,溪流,850984209,7.258,109.3756664,23.2209677
WY051,10,未记录,溪流,850984209,7.258,109.3760311,23.2208592
WY051,11,未记录,溪流,850984209,7.258,109.376117,23.2203465
WY051,12,未记录,溪流,850984209,7.258,109.3767285,23.2202479
WY051,13,未记录,溪流,850984209,7.258,109.3770397,23.2201296
WY051,14,未记录,溪流,850984209,7.258,109.3777156,23.2200014
WY051,15,未记录,溪流,850984209,7.258,109.3779623,23.2200211
WY051,16,未记录,溪流,850984209,7.258,109.379164,23.2190943
WY051,17,未记录,溪流,850984209,7.258,109.3798935,23.2180886
WY051,18,未记录,溪流,850984209,7.258,109.3803012,23.2181576
WY051,19,未记录,溪流,850984209,7.258,109.3806767,23.2178224
WY051,20,未记录,溪流,850984209,7.258,109.3808162,23.2172012
WY051,21,未记录,溪流,850984209,7.258,109.381696,23.2164814
WY051,22,未记录,溪流,850984209,7.258,109.3824363,23.2167969
WY051,23,未记录,溪流,850984209,7.258,109.3829512,23.2166096
WY051,24,未记录,溪流,850984209,7.258,109.3831551,23.2160377
WY051,25,未记录,溪流,850984209,7.258,109.3836915,23.2159293
WY051,26,未记录,溪流,850984209,7.258,109.3843782,23.2151996
WY051,27,未记录,溪流,850984209,7.258,109.3850219,23.2141643
WY051,28,未记录,溪流,850984209,7.258,109.385376,23.2139474
WY051,29,未记录,溪流,850984209,7.258,109.385376,23.2134445
WY051,30,未记录,溪流,850984209,7.258,109.3858802,23.2130994
WY051,31,未记录,溪流,850984209,7.258,109.3861484,23.2113738
WY051,32,未记录,溪流,850984209,7.258,109.3859553,23.2107329
WY051,33,未记录,溪流,850984209,7.258,109.3861377,23.2106441
WY051,34,未记录,溪流,850984209,7.258,109.3861163,23.2104075
WY051,35,未记录,溪流,850984209,7.258,109.3858158,23.2100624
WY051,36,未记录,溪流,850984209,7.258,109.3857193,23.2092538
WY051,37,未记录,溪流,850984209,7.258,109.3858158,23.2083072
WY051,38,未记录,溪流,850984209,7.258,109.3859446,23.2078733
WY051,39,未记录,溪流,850984209,7.258,109.3868351,23.2072718
WY051,40,未记录,溪流,850984209,7.258,109.3880045,23.2068971
WY051,41,未记录,溪流,850984209,7.258,109.3888092,23.2066309
WY051,42,未记录,溪流,850984209,7.258,109.3899035,23.2065421
WY051,43,未记录,溪流,850984209,7.258,109.3906224,23.206266
WY051,44,未记录,溪流,850984209,7.258,109.3915343,23.2057927
WY051,45,未记录,溪流,850984209,7.258,109.3921566,23.2052405
WY051,46,未记录,溪流,850984209,7.258,109.3919849,23.2049743
WY051,47,未记录,溪流,850984209,7.258,109.3921351,23.2045305
WY051,48,未记录,溪流,850984209,7.258,109.3923175,23.2042544
WY051,49,未记录,溪流,850984209,7.258,109.3922746,23.2038994
WY051,50,未记录,溪流,850984209,7.258,109.392457,23.2032387
WY051,51,未记录,溪流,850984209,7.258,109.3922639,23.2023217
WY051,52,未记录,溪流,850984209,7.258,109.3919527,23.2018878
WY051,53,未记录,溪流,850984209,7.258,109.3918669,23.2008129
WY051,54,未记录,溪流,850984209,7.258,109.3916953,23.2003987
WY051,55,未记录,溪流,850984209,7.258,109.391706,23.198742
WY051,56,未记录,溪流,850984209,7.258,109.3918455,23.1959611
WY051,57,未记录,溪流,850984209,7.258,109.3911052,23.1942945
WY051,58,未记录,溪流,850984209,7.258,109.3909228,23.1922137
WY051,59,未记录,溪流,850984209,7.258,109.39044,23.1909513
WY051,60,未记录,溪流,850984209,7.258,109.3905687,23.1905963
WY051,61,未记录,溪流,850984209,7.258,109.39044,23.1902511
WY051,62,未记录,溪流,850984209,7.258,109.390558,23.1893734
WY051,63,未记录,溪流,850984209,7.258,109.3903112,23.1889395
WY051,64,未记录,溪流,850984209,7.258,109.3903756,23.1884168
WY051,65,未记录,溪流,850984209,7.258,109.3902147,23.1878448
WY051,66,未记录,溪流,850984209,7.258,109.3903541,23.1875095
WY051,67,未记录,溪流,850984209,7.258,109.3900001,23.1870657
WY051,68,未记录,溪流,850984209,7.258,109.3900752,23.1866022
WY051,69,未记录,溪流,850984209,7.258,109.3903327,23.1863359
WY051,70,未记录,溪流,850984209,7.258,109.3901074,23.1862274
WY051,71,未记录,溪流,850984209,7.258,109.389292,23.185754
WY051,72,未记录,溪流,850984209,7.258,109.3889272,23.1848072
WY051,73,未记录,溪流,850984209,7.258,109.388659,23.1845607
WY051,74,未记录,溪流,850984209,7.258,109.3883586,23.1844916
WY051,75,未记录,溪流,850984209,7.258,109.3880367,23.1840873
WY051,76,未记录,溪流,850984209,7.258,109.3879831,23.1837224
WY051,77,未记录,溪流,850984209,7.258,109.3877363,23.1832884
WY051,78,未记录,溪流,850984209,7.258,109.3877363,23.1829531
WY051,79,未记录,溪流,850984209,7.258,109.388144,23.1822627
WY051,80,未记录,溪流,850984209,7.258,109.3881762,23.1817992
WY051,81,未记录,溪流,850984209,7.258,109.3877149,23.1810496
WY051,82,未记录,溪流,850984209,7.258,109.3877685,23.1807044
WY051,83,未记录,溪流,850984209,7.258,109.3878168,23.1802902
WY051,84,未记录,溪流,850984209,7.258,109.3878972,23.1800781
WY051,85,未记录,溪流,850984209,7.258,109.3879241,23.1797675
WY051,86,未记录,溪流,850984209,7.258,109.3885302,23.1796935
WY051,87,未记录,溪流,850984209,7.258,109.389292,23.1796343
WY051,88,未记录,溪流,850984209,7.258,109.389528,23.1793039
WY051,89,未记录,溪流,850984209,7.258,109.3895334,23.1788157
WY051,90,未记录,溪流,850984209,7.258,109.3894637,23.1782437
WY051,91,未记录,溪流,850984209,7.258,109.389528,23.1777209
WY051,92,未记录,溪流,850984209,7.258,109.3896621,23.1773954
WY051,93,未记录,溪流,850984209,7.258,109.3899733,23.1772376
WY051,94,未记录,溪流,850984209,7.258,109.3900484,23.1769319
WY051,95,未记录,溪流,850984209,7.258,109.3899304,23.176207
WY051,96,未记录,溪流,850984209,7.258,109.3899035,23.1754081
WY051,97,未记录,溪流,850984209,7.258,109.390102,23.17527
WY051,98,未记录,溪流,850984209,7.258,109.3906546,23.1750678
WY051,99,未记录,溪流,850984209,7.258,109.3908745,23.1751072
WY051,100,未记录,溪流,850984209,7.258,109.3909925,23.1754031
WY051,101,未记录,溪流,850984209,7.258,109.3911856,23.1755067
WY051,102,未记录,溪流,850984209,7.258,109.3914485,23.1754081
WY051,103,未记录,溪流,850984209,7.258,109.3917181,23.1752573
WY052,1,未记录,溪流,851185423,1.354,109.3176341,23.0364395
WY052,2,未记录,溪流,851185423,1.354,109.3180847,23.0367307
WY052,3,未记录,溪流,851185423,1.354,109.3185246,23.0368295
WY052,4,未记录,溪流,851185423,1.354,109.3190718,23.0368344
WY052,5,未记录,溪流,851185423,1.354,109.3201286,23.0372046
WY052,6,未记录,溪流,851185423,1.354,109.3216306,23.0380686
WY052,7,未记录,溪流,851185423,1.354,109.3217486,23.0380439
WY052,8,未记录,溪流,851185423,1.354,109.3218452,23.0379007
WY052,9,未记录,溪流,851185423,1.354,109.3220276,23.0373034
WY052,10,未记录,溪流,851185423,1.354,109.3221831,23.0371898
WY052,11,未记录,溪流,851185423,1.354,109.322446,23.0372244
WY052,12,未记录,溪流,851185423,1.354,109.3227142,23.0374268
WY052,13,未记录,溪流,851185423,1.354,109.3230468,23.0376934
WY052,14,未记录,溪流,851185423,1.354,109.3232721,23.037723
WY052,15,未记录,溪流,851185423,1.354,109.3235993,23.0374613
WY052,16,未记录,溪流,851185423,1.354,109.3240339,23.037407
WY052,17,未记录,溪流,851185423,1.354,109.3261743,23.0378859
WY052,18,未记录,溪流,851185423,1.354,109.3264103,23.0378316
WY052,19,未记录,溪流,851185423,1.354,109.3267053,23.0372738
WY052,20,未记录,溪流,851185423,1.354,109.3270433,23.0371997
WY052,21,未记录,溪流,851185423,1.354,109.3273759,23.0374021
WY052,22,未记录,溪流,851185423,1.354,109.3277568,23.0378365
WY052,23,未记录,溪流,851185423,1.354,109.3287063,23.0380439
WY053,1,未记录,溪流,851185429,11.572,109.3412751,23.0072657
WY053,2,未记录,溪流,851185429,11.572,109.3412536,23.0070633
WY053,3,未记录,溪流,851185429,11.572,109.3408138,23.0057548
WY053,4,未记录,溪流,851185429,11.572,109.3408459,23.0054091
WY053,5,未记录,溪流,851185429,11.572,109.3411678,23.0050684
WY053,6,未记录,溪流,851185429,11.572,109.3420368,23.0044314
WY053,7,未记录,溪流,851185429,11.572,109.3421549,23.0042241
WY053,8,未记录,溪流,851185429,11.572,109.3420798,23.0034784
WY053,9,未记录,溪流,851185429,11.572,109.3417472,23.0030883
WY053,10,未记录,溪流,851185429,11.572,109.341436,23.0019625
WY053,11,未记录,溪流,851185429,11.572,109.3414789,23.0013107
WY053,12,未记录,溪流,851185429,11.572,109.3413824,23.0006441
WY053,13,未记录,溪流,851185429,11.572,109.3411732,23.0005947
WY053,14,未记录,溪流,851185429,11.572,109.3404597,23.0008021
WY053,15,未记录,溪流,851185429,11.572,109.3400788,23.0010144
WY053,16,未记录,溪流,851185429,11.572,109.3396604,23.0013058
WY053,17,未记录,溪流,851185429,11.572,109.3392098,23.0015181
WY053,18,未记录,溪流,851185429,11.572,109.3389898,23.0014638
WY053,19,未记录,溪流,851185429,11.572,109.3387324,23.0011181
WY053,20,未记录,溪流,851185429,11.572,109.3387163,23.0007972
WY053,21,未记录,溪流,851185429,11.572,109.3386948,22.9998639
WY053,22,未记录,溪流,851185429,11.572,109.3389845,22.9992318
WY053,23,未记录,溪流,851185429,11.572,109.3389738,22.9990096
WY053,24,未记录,溪流,851185429,11.572,109.3386573,22.998664
WY053,25,未记录,溪流,851185429,11.572,109.3378794,22.9981998
WY053,26,未记录,溪流,851185429,11.572,109.3378365,22.9974887
WY053,27,未记录,溪流,851185429,11.572,109.3379331,22.9970887
WY053,28,未记录,溪流,851185429,11.572,109.3383729,22.9963924
WY053,29,未记录,溪流,851185429,11.572,109.3383944,22.995711
WY053,30,未记录,溪流,851185429,11.572,109.3381852,22.9954196
WY053,31,未记录,溪流,851185429,11.572,109.3377829,22.9951727
WY053,32,未记录,溪流,851185429,11.572,109.3374503,22.9949604
WY053,33,未记录,溪流,851185429,11.572,109.3369782,22.9950196
WY053,34,未记录,溪流,851185429,11.572,109.3364739,22.9953258
WY053,35,未记录,溪流,851185429,11.572,109.3359053,22.9954098
WY053,36,未记录,溪流,851185429,11.572,109.3351543,22.9956715
WY053,37,未记录,溪流,851185429,11.572,109.334988,22.99579
WY053,38,未记录,溪流,851185429,11.572,109.3348378,22.9960171
WY053,39,未记录,溪流,851185429,11.572,109.3344784,22.9962591
WY053,40,未记录,溪流,851185429,11.572,109.3340921,22.9962937
WY053,41,未记录,溪流,851185429,11.572,109.3334699,22.9959678
WY053,42,未记录,溪流,851185429,11.572,109.3330836,22.994911
WY053,43,未记录,溪流,851185429,11.572,109.3331104,22.9939431
WY053,44,未记录,溪流,851185429,11.572,109.3330032,22.9932814
WY053,45,未记录,溪流,851185429,11.572,109.3330675,22.9924962
WY053,46,未记录,溪流,851185429,11.572,109.3333197,22.9917505
WY053,47,未记录,溪流,851185429,11.572,109.3336844,22.9910345
WY053,48,未记录,溪流,851185429,11.572,109.3336415,22.9907777
WY053,49,未记录,溪流,851185429,11.572,109.3334645,22.9906592
WY053,50,未记录,溪流,851185429,11.572,109.3326759,22.9904567
WY053,51,未记录,溪流,851185429,11.572,109.3322414,22.9906147
WY053,52,未记录,溪流,851185429,11.572,109.3318444,22.9910987
WY053,53,未记录,溪流,851185429,11.572,109.3316513,22.9913357
WY053,54,未记录,溪流,851185429,11.572,109.3312168,22.9914987
WY053,55,未记录,溪流,851185429,11.572,109.3309593,22.9915481
WY053,56,未记录,溪流,851185429,11.572,109.330439,22.9910444
WY053,57,未记录,溪流,851185429,11.572,109.3298542,22.9901012
WY053,58,未记录,溪流,851185429,11.572,109.3294519,22.9896962
WY053,59,未记录,溪流,851185429,11.572,109.3287545,22.989474
WY053,60,未记录,溪流,851185429,11.572,109.3275046,22.9889406
WY053,61,未记录,溪流,851185429,11.572,109.3273008,22.988748
WY053,62,未记录,溪流,851185429,11.572,109.3272632,22.9886295
WY053,63,未记录,溪流,851185429,11.572,109.3274403,22.9880764
WY053,64,未记录,溪流,851185429,11.572,109.3282288,22.9871924
WY053,65,未记录,溪流,851185429,11.572,109.3284005,22.9868616
WY053,66,未记录,溪流,851185429,11.572,109.3282932,22.9866295
WY053,67,未记录,溪流,851185429,11.572,109.3282825,22.986422
WY053,68,未记录,溪流,851185429,11.572,109.3280625,22.9861801
WY053,69,未记录,溪流,851185429,11.572,109.3274349,22.9861356
WY053,70,未记录,溪流,851185429,11.572,109.3267161,22.9859973
WY053,71,未记录,溪流,851185429,11.572,109.3257451,22.9859282
WY053,72,未记录,溪流,851185429,11.572,109.3249029,22.985622
WY053,73,未记录,溪流,851185429,11.572,109.3248278,22.9851924
WY053,74,未记录,溪流,851185429,11.572,109.3250155,22.98498
WY053,75,未记录,溪流,851185429,11.572,109.3259168,22.9845158
WY053,76,未记录,溪流,851185429,11.572,109.3260723,22.9835972
WY053,77,未记录,溪流,851185429,11.572,109.3257773,22.9831577
WY053,78,未记录,溪流,851185429,11.572,109.3256593,22.9826391
WY053,79,未记录,溪流,851185429,11.572,109.3251175,22.9815576
WY053,80,未记录,溪流,851185429,11.572,109.3248546,22.9809995
WY053,81,未记录,溪流,851185429,11.572,109.3245918,22.9806439
WY053,82,未记录,溪流,851185429,11.572,109.3242592,22.9797352
WY053,83,未记录,溪流,851185429,11.572,109.3239963,22.9783276
WY053,84,未记录,溪流,851185429,11.572,109.323771,22.9772214
WY053,85,未记录,溪流,851185429,11.572,109.3235135,22.9768756
WY053,86,未记录,溪流,851185429,11.572,109.3233097,22.9759965
WY053,87,未记录,溪流,851185429,11.572,109.3227839,22.9742136
WY053,88,未记录,溪流,851185429,11.572,109.3226713,22.9731023
WY053,89,未记录,溪流,851185429,11.572,109.3226123,22.9723269
WY053,90,未记录,溪流,851185429,11.572,109.3219793,22.9710477
WY053,91,未记录,溪流,851185429,11.572,109.3217379,22.9701093
WY053,92,未记录,溪流,851185429,11.572,109.3211961,22.9684991
WY053,93,未记录,溪流,851185429,11.572,109.3212444,22.9681435
WY053,94,未记录,溪流,851185429,11.572,109.321872,22.9680102
WY053,95,未记录,溪流,851185429,11.572,109.3222529,22.9679311
WY053,96,未记录,溪流,851185429,11.572,109.3228054,22.9680003
WY053,97,未记录,溪流,851185429,11.572,109.3235135,22.9677682
WY053,98,未记录,溪流,851185429,11.572,109.3241841,22.9671705
WY053,99,未记录,溪流,851185429,11.572,109.3247098,22.9669976
WY053,100,未记录,溪流,851185429,11.572,109.3253106,22.9669236
WY053,101,未记录,溪流,851185429,11.572,109.3261152,22.9667457
WY053,102,未记录,溪流,851185429,11.572,109.3264478,22.9668396
WY053,103,未记录,溪流,851185429,11.572,109.326539,22.967052
WY053,104,未记录,溪流,851185429,11.572,109.3265659,22.9675459
WY053,105,未记录,溪流,851185429,11.572,109.3267429,22.9677978
WY053,106,未记录,溪流,851185429,11.572,109.3273008,22.9678274
WY053,107,未记录,溪流,851185429,11.572,109.3275905,22.9676249
WY053,108,未记录,溪流,851185429,11.572,109.3279445,22.9671804
WY053,109,未记录,溪流,851185429,11.572,109.3279338,22.9668396
WY053,110,未记录,溪流,851185429,11.572,109.3276441,22.9662173
WY053,111,未记录,溪流,851185429,11.572,109.3276173,22.9648688
WY053,112,未记录,溪流,851185429,11.572,109.3278426,22.9640983
WY053,113,未记录,溪流,851185429,11.572,109.3276817,22.9617423
WY053,114,未记录,溪流,851185429,11.572,109.3274671,22.9614904
WY053,115,未记录,溪流,851185429,11.572,109.3270647,22.9607346
WY053,116,未记录,溪流,851185429,11.572,109.3270701,22.9585761
WY053,117,未记录,溪流,851185429,11.572,109.3267053,22.9578796
WY053,118,未记录,溪流,851185429,11.572,109.3262654,22.9578401
WY053,119,未记录,溪流,851185429,11.572,109.3237817,22.9590849
WY053,120,未记录,溪流,851185429,11.572,109.3219685,22.9605963
WY053,121,未记录,溪流,851185429,11.572,109.3210137,22.9605963
WY053,122,未记录,溪流,851185429,11.572,109.318546,22.9596776
WY053,123,未记录,溪流,851185429,11.572,109.3181598,22.9589762
WY053,124,未记录,溪流,851185429,11.572,109.3185031,22.9582649
WY053,125,未记录,溪流,851185429,11.572,109.3215394,22.955311
WY053,126,未记录,溪流,851185429,11.572,109.3274832,22.947941
WY053,127,未记录,溪流,851185429,11.572,109.3310492,22.9454607
WY054,1,未记录,溪流,851185432,5.764,109.3287063,23.0380439
WY054,2,未记录,溪流,851185432,5.764,109.3295538,23.0381031
WY054,3,未记录,溪流,851185432,5.764,109.3306106,23.0385523
WY054,4,未记录,溪流,851185432,5.764,109.3311846,23.0384832
WY054,5,未记录,溪流,851185432,5.764,109.3324882,23.0381278
WY054,6,未记录,溪流,851185432,5.764,109.3325043,23.0378217
WY054,7,未记录,溪流,851185432,5.764,109.3316942,23.0371652
WY054,8,未记录,溪流,851185432,5.764,109.3316513,23.0366123
WY054,9,未记录,溪流,851185432,5.764,109.3322736,23.0361531
WY054,10,未记录,溪流,851185432,5.764,109.3327618,23.0345043
WY054,11,未记录,溪流,851185432,5.764,109.3325472,23.0338477
WY054,12,未记录,溪流,851185432,5.764,109.3317747,23.0329196
WY054,13,未记录,溪流,851185432,5.764,109.331882,23.0297995
WY054,14,未记录,溪流,851185432,5.764,109.3324292,23.0282987
WY054,15,未记录,溪流,851185432,5.764,109.3335235,23.0270743
WY054,16,未记录,溪流,851185432,5.764,109.3354118,23.0260178
WY054,17,未记录,溪流,851185432,5.764,109.3357444,23.0253266
WY054,18,未记录,溪流,851185432,5.764,109.3358624,23.0236184
WY054,19,未记录,溪流,851185432,5.764,109.3369782,23.0223545
WY054,20,未记录,溪流,851185432,5.764,109.3371103,23.0214774
WY054,21,未记录,溪流,851185432,5.764,109.3369492,23.0206753
WY054,22,未记录,溪流,851185432,5.764,109.3369192,23.0202858
WY054,23,未记录,溪流,851185432,5.764,109.3368924,23.0194613
WY054,24,未记录,溪流,851185432,5.764,109.3376917,23.0190614
WY054,25,未记录,溪流,851185432,5.764,109.337815,23.0188491
WY054,26,未记录,溪流,851185432,5.764,109.3376112,23.0184541
WY054,27,未记录,溪流,851185432,5.764,109.337284,23.0181677
WY054,28,未记录,溪流,851185432,5.764,109.3370426,23.0181233
WY054,29,未记录,溪流,851185432,5.764,109.3367904,23.0180097
WY054,30,未记录,溪流,851185432,5.764,109.3362004,23.0180245
WY054,31,未记录,溪流,851185432,5.764,109.3360609,23.0178863
WY054,32,未记录,溪流,851185432,5.764,109.3360448,23.0177086
WY054,33,未记录,溪流,851185432,5.764,109.3365759,23.0173037
WY054,34,未记录,溪流,851185432,5.764,109.337005,23.0171013
WY054,35,未记录,溪流,851185432,5.764,109.3369889,23.0169136
WY054,36,未记录,溪流,851185432,5.764,109.3367636,23.0166816
WY054,37,未记录,溪流,851185432,5.764,109.3350309,23.0162224
WY054,38,未记录,溪流,851185432,5.764,109.3348914,23.0160002
WY054,39,未记录,溪流,851185432,5.764,109.3349397,23.0156744
WY054,40,未记录,溪流,851185432,5.764,109.335165,23.0153041
WY054,41,未记录,溪流,851185432,5.764,109.3358731,23.0150621
WY054,42,未记录,溪流,851185432,5.764,109.3372196,23.0149831
WY054,43,未记录,溪流,851185432,5.764,109.3381423,23.0150671
WY054,44,未记录,溪流,851185432,5.764,109.3383729,23.0149683
WY054,45,未记录,溪流,851185432,5.764,109.338389,23.0146227
WY054,46,未记录,溪流,851185432,5.764,109.3375361,23.0136945
WY054,47,未记录,溪流,851185432,5.764,109.3372571,23.0133192
WY054,48,未记录,溪流,851185432,5.764,109.3371445,23.0128798
WY054,49,未记录,溪流,851185432,5.764,109.3373322,23.0122922
WY054,50,未记录,溪流,851185432,5.764,109.3373591,23.0116849
WY054,51,未记录,溪流,851185432,5.764,109.3375897,23.0112059
WY054,52,未记录,溪流,851185432,5.764,109.3378472,23.0111023
WY054,53,未记录,溪流,851185432,5.764,109.3380886,23.0112405
WY054,54,未记录,溪流,851185432,5.764,109.3383568,23.0114479
WY054,55,未记录,溪流,851185432,5.764,109.3388665,23.0117293
WY054,56,未记录,溪流,851185432,5.764,109.3392205,23.012149
WY054,57,未记录,溪流,851185432,5.764,109.3394297,23.0124996
WY054,58,未记录,溪流,851185432,5.764,109.3395638,23.0128896
WY054,59,未记录,溪流,851185432,5.764,109.3397623,23.013176
WY054,60,未记录,溪流,851185432,5.764,109.3400681,23.0131908
WY054,61,未记录,溪流,851185432,5.764,109.3407923,23.0130476
WY054,62,未记录,溪流,851185432,5.764,109.340744,23.0128106
WY054,63,未记录,溪流,851185432,5.764,109.3407279,23.0124749
WY054,64,未记录,溪流,851185432,5.764,109.3405831,23.0121836
WY054,65,未记录,溪流,851185432,5.764,109.340347,23.0120009
WY054,66,未记录,溪流,851185432,5.764,109.339714,23.0109541
WY054,67,未记录,溪流,851185432,5.764,109.3397999,23.0106233
WY054,68,未记录,溪流,851185432,5.764,109.3395907,23.0102481
WY054,69,未记录,溪流,851185432,5.764,109.3385982,23.0093395
WY054,70,未记录,溪流,851185432,5.764,109.3384963,23.0091025
WY054,71,未记录,溪流,851185432,5.764,109.3386733,23.0088458
WY054,72,未记录,溪流,851185432,5.764,109.339757,23.0081989
WY054,73,未记录,溪流,851185432,5.764,109.3409425,23.007562
WY054,74,未记录,溪流,851185432,5.764,109.3412751,23.0072657
WY055,1,未记录,溪流,851185434,1.677,109.3281591,23.048198
WY055,2,未记录,溪流,851185434,1.677,109.3273276,23.0479315
WY055,3,未记录,溪流,851185434,1.677,109.3265819,23.0477933
WY055,4,未记录,溪流,851185434,1.677,109.3262708,23.0475711
WY055,5,未记录,溪流,851185434,1.677,109.3262386,23.047423
WY055,6,未记录,溪流,851185434,1.677,109.3264586,23.0472256
WY055,7,未记录,溪流,851185434,1.677,109.3269092,23.0470183
WY055,8,未记录,溪流,851185434,1.677,109.327569,23.0468356
WY055,9,未记录,溪流,851185434,1.677,109.3277675,23.0466777
WY055,10,未记录,溪流,851185434,1.677,109.3281376,23.0461643
WY055,11,未记录,溪流,851185434,1.677,109.3281162,23.0459817
WY055,12,未记录,溪流,851185434,1.677,109.3272579,23.0449253
WY055,13,未记录,溪流,851185434,1.677,109.3269092,23.0445205
WY055,14,未记录,溪流,851185434,1.677,109.3268824,23.0442441
WY055,15,未记录,溪流,851185434,1.677,109.3270433,23.0440614
WY055,16,未记录,溪流,851185434,1.677,109.3278962,23.0435382
WY055,17,未记录,溪流,851185434,1.677,109.3279767,23.0432469
WY055,18,未记录,溪流,851185434,1.677,109.3278265,23.0430347
WY055,19,未记录,溪流,851185434,1.677,109.3271881,23.0428569
WY055,20,未记录,溪流,851185434,1.677,109.3271077,23.0425805
WY055,21,未记录,溪流,851185434,1.677,109.3278587,23.0410058
WY055,22,未记录,溪流,851185434,1.677,109.3282556,23.040833
WY055,23,未记录,溪流,851185434,1.677,109.3289852,23.0408133
WY055,24,未记录,溪流,851185434,1.677,109.3291783,23.0405812
WY055,25,未记录,溪流,851185434,1.677,109.3291354,23.0403887
WY055,26,未记录,溪流,851185434,1.677,109.3285078,23.0396976
WY055,27,未记录,溪流,851185434,1.677,109.3283951,23.0391645
WY055,28,未记录,溪流,851185434,1.677,109.3285453,23.0384289
WY055,29,未记录,溪流,851185434,1.677,109.3287063,23.0380439
WY056,1,未记录,溪流,851213684,2.294,109.3205202,23.1429694
WY056,2,未记录,溪流,851213684,2.294,109.3215823,23.1425896
WY056,3,未记录,溪流,851213684,2.294,109.3217379,23.1424466
WY056,4,未记录,溪流,851213684,2.294,109.3221563,23.1419533
WY056,5,未记录,溪流,851213684,2.294,109.322387,23.1420618
WY056,6,未记录,溪流,851213684,2.294,109.3228376,23.142269
WY056,7,未记录,溪流,851213684,2.294,109.3231434,23.1420865
WY056,8,未记录,溪流,851213684,2.294,109.3234223,23.1417954
WY056,9,未记录,溪流,851213684,2.294,109.3235618,23.1414205
WY056,10,未记录,溪流,851213684,2.294,109.3236583,23.1412479
WY056,11,未记录,溪流,851213684,2.294,109.3237764,23.1410013
WY056,12,未记录,溪流,851213684,2.294,109.3243718,23.1408977
WY056,13,未记录,溪流,851213684,2.294,109.3246508,23.1409075
WY056,14,未记录,溪流,851213684,2.294,109.3252838,23.141021
WY056,15,未记录,溪流,851213684,2.294,109.3258041,23.1412578
WY056,16,未记录,溪流,851213684,2.294,109.3264425,23.1414699
WY056,17,未记录,溪流,851213684,2.294,109.3265766,23.1416573
WY056,18,未记录,溪流,851213684,2.294,109.3265176,23.1421161
WY056,19,未记录,溪流,851213684,2.294,109.3266624,23.1422394
WY056,20,未记录,溪流,851213684,2.294,109.3269145,23.1422986
WY056,21,未记录,溪流,851213684,2.294,109.3272954,23.1418744
WY056,22,未记录,溪流,851213684,2.294,109.3276763,23.1419286
WY056,23,未记录,溪流,851213684,2.294,109.3280357,23.1421506
WY056,24,未记录,溪流,851213684,2.294,109.3282986,23.1425156
WY056,25,未记录,溪流,851213684,2.294,109.3283522,23.1427129
WY056,26,未记录,溪流,851213684,2.294,109.3287224,23.142999
WY056,27,未记录,溪流,851213684,2.294,109.3289852,23.1431421
WY056,28,未记录,溪流,851213684,2.294,109.3291461,23.1432605
WY056,29,未记录,溪流,851213684,2.294,109.329291,23.1432259
WY056,30,未记录,溪流,851213684,2.294,109.3297791,23.142925
WY056,31,未记录,溪流,851213684,2.294,109.3300098,23.1429201
WY056,32,未记录,溪流,851213684,2.294,109.3301707,23.1429645
WY056,33,未记录,溪流,851213684,2.294,109.3304712,23.142925
WY056,34,未记录,溪流,851213684,2.294,109.3306911,23.1428806
WY056,35,未记录,溪流,851213684,2.294,109.3308842,23.1433443
WY056,36,未记录,溪流,851213684,2.294,109.3312061,23.143512
WY056,37,未记录,溪流,851213684,2.294,109.331587,23.1436205
WY056,38,未记录,溪流,851213684,2.294,109.3320644,23.1434824
WY056,39,未记录,溪流,851213684,2.294,109.3321717,23.1433098
WY056,40,未记录,溪流,851213684,2.294,109.3324023,23.1428658
WY056,41,未记录,溪流,851213684,2.294,109.3327564,23.1425501
WY056,42,未记录,溪流,851213684,2.294,109.3333089,23.1426143
WY056,43,未记录,溪流,851213684,2.294,109.3333948,23.1428757
WY056,44,未记录,溪流,851213684,2.294,109.3335396,23.1430286
WY056,45,未记录,溪流,851213684,2.294,109.3337864,23.1430484
WY056,46,未记录,溪流,851213684,2.294,109.3340653,23.1429694
WY056,47,未记录,溪流,851213684,2.294,109.3344784,23.1429596
WY056,48,未记录,溪流,851213684,2.294,109.3347734,23.1428067
WY056,49,未记录,溪流,851213684,2.294,109.3347949,23.1426981
WY056,50,未记录,溪流,851213684,2.294,109.334752,23.1425847
WY056,51,未记录,溪流,851213684,2.294,109.3348002,23.1423134
WY056,52,未记录,溪流,851213684,2.294,109.3350255,23.1421457
WY056,53,未记录,溪流,851213684,2.294,109.3350202,23.1419681
WY056,54,未记录,溪流,851213684,2.294,109.3348432,23.1417264
WY056,55,未记录,溪流,851213684,2.294,109.3346554,23.1416968
WY056,56,未记录,溪流,851213684,2.294,109.3346232,23.1415685
WY056,57,未记录,溪流,851213684,2.294,109.3346876,23.1414403
WY056,58,未记录,溪流,851213684,2.294,109.3349183,23.1414205
WY056,59,未记录,溪流,851213684,2.294,109.3351811,23.1412578
WY056,60,未记录,溪流,851213684,2.294,109.3353689,23.1412479
WY056,61,未记录,溪流,851213684,2.294,109.33568,23.1414551
WY056,62,未记录,溪流,851213684,2.294,109.336431,23.1416179
WY057,1,未记录,溪流,851387679,1.566,109.4073111,23.1598482
WY057,2,未记录,溪流,851387679,1.566,109.4072252,23.1599419
WY057,3,未记录,溪流,851387679,1.566,109.4069302,23.1600306
WY057,4,未记录,溪流,851387679,1.566,109.4064957,23.1599764
WY057,5,未记录,溪流,851387679,1.566,109.4058949,23.1600208
WY057,6,未记录,溪流,851387679,1.566,109.4055301,23.1599468
WY057,7,未记录,溪流,851387679,1.566,109.4048703,23.1596065
WY057,8,未记录,溪流,851387679,1.566,109.4046181,23.1592119
WY057,9,未记录,溪流,851387679,1.566,109.4039744,23.1588667
WY057,10,未记录,溪流,851387679,1.566,109.4036311,23.1590837
WY057,11,未记录,溪流,851387679,1.566,109.4029337,23.1592859
WY057,12,未记录,溪流,851387679,1.566,109.4028157,23.1592464
WY057,13,未记录,溪流,851387679,1.566,109.4026923,23.1588173
WY057,14,未记录,溪流,851387679,1.566,109.4024509,23.1584524
WY057,15,未记录,溪流,851387679,1.566,109.4017374,23.1580529
WY057,16,未记录,溪流,851387679,1.566,109.4011742,23.1580479
WY057,17,未记录,溪流,851387679,1.566,109.4007772,23.1579296
WY057,18,未记录,溪流,851387679,1.566,109.400332,23.1578901
WY057,19,未记录,溪流,851387679,1.566,109.4002247,23.1577175
WY057,20,未记录,溪流,851387679,1.566,109.3995166,23.1579937
WY057,21,未记录,溪流,851387679,1.566,109.3991947,23.1582008
WY057,22,未记录,溪流,851387679,1.566,109.3987548,23.15826
WY057,23,未记录,溪流,851387679,1.566,109.3983525,23.158117
WY057,24,未记录,溪流,851387679,1.566,109.3981808,23.1577372
WY057,25,未记录,溪流,851387679,1.566,109.397977,23.1572686
WY057,26,未记录,溪流,851387679,1.566,109.3977785,23.1569234
WY057,27,未记录,溪流,851387679,1.566,109.3967164,23.1563365
WY057,28,未记录,溪流,851387679,1.566,109.396196,23.1559271
WY057,29,未记录,溪流,851387679,1.566,109.3954664,23.1558284
WY057,30,未记录,溪流,851387679,1.566,109.3950695,23.1558926
WY057,31,未记录,溪流,851387679,1.566,109.3949032,23.1560455
WY058,1,未记录,溪流,851387702,3.1,109.4187051,23.1548864
WY058,2,未记录,溪流,851387702,3.1,109.418115,23.1546299
WY058,3,未记录,溪流,851387702,3.1,109.4176966,23.154625
WY058,4,未记录,溪流,851387702,3.1,109.4174123,23.1544819
WY058,5,未记录,溪流,851387702,3.1,109.4173157,23.1542205
WY058,6,未记录,溪流,851387702,3.1,109.4169348,23.1539887
WY058,7,未记录,溪流,851387702,3.1,109.4165164,23.153895
WY058,8,未记录,溪流,851387702,3.1,109.4165003,23.1537865
WY058,9,未记录,溪流,851387702,3.1,109.4165271,23.1536138
WY058,10,未记录,溪流,851387702,3.1,109.4163501,23.1534116
WY058,11,未记录,溪流,851387702,3.1,109.4164413,23.1532094
WY058,12,未记录,溪流,851387702,3.1,109.4165808,23.1531255
WY058,13,未记录,溪流,851387702,3.1,109.416452,23.1528493
WY058,14,未记录,溪流,851387702,3.1,109.4157547,23.1527211
WY058,15,未记录,溪流,851387702,3.1,109.4153416,23.1524695
WY058,16,未记录,溪流,851387702,3.1,109.4150197,23.1522624
WY058,17,未记录,溪流,851387702,3.1,109.4148289,23.1520329
WY058,18,未记录,溪流,851387702,3.1,109.414376,23.151488
WY058,19,未记录,溪流,851387702,3.1,109.4139683,23.1514929
WY058,20,未记录,溪流,851387702,3.1,109.4132549,23.1516803
WY058,21,未记录,溪流,851387702,3.1,109.4126272,23.152435
WY058,22,未记录,溪流,851387702,3.1,109.4122356,23.1526767
WY058,23,未记录,溪流,851387702,3.1,109.4118494,23.1526224
WY058,24,未记录,溪流,851387702,3.1,109.4117045,23.1523857
WY058,25,未记录,溪流,851387702,3.1,109.4116402,23.1520355
WY058,26,未记录,溪流,851387702,3.1,109.4112325,23.1514091
WY058,27,未记录,溪流,851387702,3.1,109.410857,23.1512956
WY058,28,未记录,溪流,851387702,3.1,109.4103956,23.1513301
WY058,29,未记录,溪流,851387702,3.1,109.4103098,23.1515176
WY058,30,未记录,溪流,851387702,3.1,109.4102132,23.1520601
WY058,31,未记录,溪流,851387702,3.1,109.4097519,23.1527655
WY058,32,未记录,溪流,851387702,3.1,109.4094461,23.153239
WY058,33,未记录,溪流,851387702,3.1,109.409017,23.1534905
WY058,34,未记录,溪流,851387702,3.1,109.4087487,23.1534955
WY058,35,未记录,溪流,851387702,3.1,109.4080728,23.1535694
WY058,36,未记录,溪流,851387702,3.1,109.4070911,23.1534412
WY058,37,未记录,溪流,851387702,3.1,109.4063455,23.1533919
WY058,38,未记录,溪流,851387702,3.1,109.4062167,23.1535398
WY058,39,未记录,溪流,851387702,3.1,109.4060451,23.1540923
WY058,40,未记录,溪流,851387702,3.1,109.4058841,23.1542748
WY058,41,未记录,溪流,851387702,3.1,109.4056749,23.1542254
WY058,42,未记录,溪流,851387702,3.1,109.4054604,23.1539986
WY058,43,未记录,溪流,851387702,3.1,109.4049239,23.1540528
WY058,44,未记录,溪流,851387702,3.1,109.4047898,23.1541613
WY058,45,未记录,溪流,851387702,3.1,109.404704,23.1543241
WY058,46,未记录,溪流,851387702,3.1,109.4042104,23.1544277
WY058,47,未记录,溪流,851387702,3.1,109.404071,23.1545658
WY058,48,未记录,溪流,851387702,3.1,109.4035506,23.1544326
WY058,49,未记录,溪流,851387702,3.1,109.4027406,23.1543981
WY058,50,未记录,溪流,851387702,3.1,109.402349,23.1545214
WY058,51,未记录,溪流,851387702,3.1,109.4019735,23.1548075
WY058,52,未记录,溪流,851387702,3.1,109.4015336,23.1548518
WY058,53,未记录,溪流,851387702,3.1,109.4012546,23.1547631
WY058,54,未记录,溪流,851387702,3.1,109.4010562,23.1548518
WY058,55,未记录,溪流,851387702,3.1,109.401024,23.1550639
WY058,56,未记录,溪流,851387702,3.1,109.4005251,23.1552464
WY058,57,未记录,溪流,851387702,3.1,109.4004983,23.1553845
WY058,58,未记录,溪流,851387702,3.1,109.4001013,23.1556657
WY058,59,未记录,溪流,851387702,3.1,109.4004983,23.1565091
WY058,60,未记录,溪流,851387702,3.1,109.4004017,23.1567113
WY058,61,未记录,溪流,851387702,3.1,109.3996185,23.1568543
WY058,62,未记录,溪流,851387702,3.1,109.3994737,23.1567162
WY058,63,未记录,溪流,851387702,3.1,109.3996614,23.1563266
WY058,64,未记录,溪流,851387702,3.1,109.3995112,23.1562526
WY058,65,未记录,溪流,851387702,3.1,109.3989426,23.156445
WY058,66,未记录,溪流,851387702,3.1,109.3986154,23.1567508
WY058,67,未记录,溪流,851387702,3.1,109.3983847,23.1572341
WY058,68,未记录,溪流,851387702,3.1,109.3982184,23.1573278
WY058,69,未记录,溪流,851387702,3.1,109.397977,23.1572686
WY059,1,未记录,溪流,851431459,2.955,109.4042525,23.1948323
WY059,2,未记录,溪流,851431459,2.955,109.4036449,23.1946273
WY059,3,未记录,溪流,851431459,2.955,109.4030912,23.1941961
WY059,4,未记录,溪流,851431459,2.955,109.403045,23.1936659
WY059,5,未记录,溪流,851431459,2.955,109.4032065,23.1932983
WY059,6,未记录,溪流,851431459,2.955,109.4039218,23.1932064
WY059,7,未记录,溪流,851431459,2.955,109.4039449,23.1930226
WY059,8,未记录,溪流,851431459,2.955,109.4035218,23.1918561
WY059,9,未记录,溪流,851431459,2.955,109.4034603,23.1909017
WY059,10,未记录,溪流,851431459,2.955,109.403245,23.1905341
WY059,11,未记录,溪流,851431459,2.955,109.4024836,23.1899473
WY059,12,未记录,溪流,851431459,2.955,109.4021221,23.1895019
WY059,13,未记录,溪流,851431459,2.955,109.4013376,23.1889505
WY059,14,未记录,溪流,851431459,2.955,109.4005762,23.1889151
WY059,15,未记录,溪流,851431459,2.955,109.3998686,23.1877769
WY059,16,未记录,溪流,851431459,2.955,109.3987227,23.1869498
WY059,17,未记录,溪流,851431459,2.955,109.3977459,23.1862216
WY059,18,未记录,溪流,851431459,2.955,109.3970691,23.1855429
WY059,19,未记录,溪流,851431459,2.955,109.3963231,23.1850409
WY059,20,未记录,溪流,851431459,2.955,109.3962228,23.184822
WY059,21,未记录,溪流,851431459,2.955,109.3962835,23.1843095
WY059,22,未记录,溪流,851431459,2.955,109.3950051,23.1836089
WY059,23,未记录,溪流,851431459,2.955,109.3943099,23.1826672
WY059,24,未记录,溪流,851431459,2.955,109.3929166,23.1801831
WY059,25,未记录,溪流,851431459,2.955,109.3933904,23.1783817
WY059,26,未记录,溪流,851431459,2.955,109.3936598,23.1779701
WY059,27,未记录,溪流,851431459,2.955,109.3940234,23.1778639
WY059,28,未记录,溪流,851431459,2.955,109.3937114,23.1769332
WY059,29,未记录,溪流,851431459,2.955,109.3929879,23.1762071
WY059,30,未记录,溪流,851431459,2.955,109.3920121,23.1757851
WY059,31,未记录,溪流,851431459,2.955,109.3917181,23.1752573
WY060,1,未记录,溪流,858090458,2.113,109.2467433,22.9385647
WY060,2,未记录,溪流,858090458,2.113,109.247784,22.9381745
WY060,3,未记录,溪流,858090458,2.113,109.2484975,22.9378533
WY060,4,未记录,溪流,858090458,2.113,109.2489052,22.9374532
WY060,5,未记录,溪流,858090458,2.113,109.2493129,22.9370925
WY060,6,未记录,溪流,858090458,2.113,109.249801,22.9368208
WY060,7,未记录,溪流,858090458,2.113,109.2508256,22.9369789
WY060,8,未记录,溪流,858090458,2.113,109.25111,22.9369394
WY060,9,未记录,溪流,858090458,2.113,109.2511529,22.936806
WY060,10,未记录,溪流,858090458,2.113,109.2511582,22.9363861
WY060,11,未记录,溪流,858090458,2.113,109.2514372,22.9359513
WY060,12,未记录,溪流,858090458,2.113,109.2523116,22.93482
WY060,13,未记录,溪流,858090458,2.113,109.2528802,22.9334268
WY060,14,未记录,溪流,858090458,2.113,109.2572415,22.933328
WY060,15,未记录,溪流,858090458,2.113,109.2592156,22.9338418
WY060,16,未记录,溪流,858090458,2.113,109.2618281,22.9335108
WY060,17,未记录,溪流,858090458,2.113,109.2619828,22.9336248
WY060,18,未记录,溪流,858090458,2.113,109.2620871,22.9339143
WY060,19,未记录,溪流,858090458,2.113,109.2621499,22.9340147
WY060,20,未记录,溪流,858090458,2.113,109.2624611,22.9340246
WY060,21,未记录,溪流,858090458,2.113,109.2628205,22.9335899
WY060,22,未记录,溪流,858090458,2.113,109.2631048,22.9329328
WY061,1,未记录,溪流,858090464,0.768,109.2251086,22.9708748
WY061,2,未记录,溪流,858090464,0.768,109.2261708,22.9708748
WY061,3,未记录,溪流,858090464,0.768,109.2264658,22.9709835
WY061,4,未记录,溪流,858090464,0.768,109.2267984,22.9711613
WY061,5,未记录,溪流,858090464,0.768,109.2269379,22.97127
WY061,6,未记录,溪流,858090464,0.768,109.2274904,22.9709934
WY061,7,未记录,溪流,858090464,0.768,109.2276674,22.9705538
WY061,8,未记录,溪流,858090464,0.768,109.2285794,22.970213
WY061,9,未记录,溪流,858090464,0.768,109.2290783,22.9702476
WY061,10,未记录,溪流,858090464,0.768,109.229148,22.9704254
WY061,11,未记录,溪流,858090464,0.768,109.2289174,22.9711761
WY061,12,未记录,溪流,858090464,0.768,109.2290246,22.9716503
WY061,13,未记录,溪流,858090464,0.768,109.2294913,22.9717293
WY061,14,未记录,溪流,858090464,0.768,109.2300814,22.9723269
WY062,1,未记录,河流,995794796,1.249,109.0870583,23.1984346
WY062,2,未记录,河流,995794796,1.249,109.0871895,23.1982278
WY062,3,未记录,河流,995794796,1.249,109.0870022,23.1977475
WY062,4,未记录,河流,995794796,1.249,109.0869036,23.1973669
WY062,5,未记录,河流,995794796,1.249,109.0874656,23.1974847
WY062,6,未记录,河流,995794796,1.249,109.0879191,23.1973488
WY062,7,未记录,河流,995794796,1.249,109.0885501,23.1975391
WY062,8,未记录,河流,995794796,1.249,109.0893192,23.1972582
WY062,9,未记录,河流,995794796,1.249,109.08996,23.1972491
WY062,10,未记录,河流,995794796,1.249,109.0899995,23.1970679
WY062,11,未记录,河流,995794796,1.249,109.0901966,23.1969229
WY062,12,未记录,河流,995794796,1.249,109.0908868,23.197086
WY062,13,未记录,河流,995794796,1.249,109.0914685,23.1974757
WY062,14,未记录,河流,995794796,1.249,109.0920502,23.1972763
WY062,15,未记录,河流,995794796,1.249,109.0927798,23.1970225
WY062,16,未记录,河流,995794796,1.249,109.0933714,23.1968232
WY062,17,未记录,河流,995794796,1.249,109.0933714,23.1962251
WY062,18,未记录,河流,995794796,1.249,109.0930361,23.1958807
WY062,19,未记录,河流,995794796,1.249,109.0929375,23.1955726
WY062,20,未记录,河流,995794796,1.249,109.0934404,23.1950832
WY062,21,未记录,河流,995794796,1.249,109.0940418,23.1942948
WY062,22,未记录,河流,995794796,1.249,109.0938742,23.1937691
WY063,1,未记录,河流,995794797,0.057,109.0938742,23.1937691
WY063,2,未记录,河流,995794797,0.057,109.0940122,23.1932707
WY064,1,未记录,排水沟,1028567639,1.234,109.1839939,23.2010261
WY064,2,未记录,排水沟,1028567639,1.234,109.1836279,23.2015038
WY064,3,未记录,排水沟,1028567639,1.234,109.1836279,23.2016079
WY064,4,未记录,排水沟,1028567639,1.234,109.1836562,23.2016827
WY064,5,未记录,排水沟,1028567639,1.234,109.1836137,23.201751
WY064,6,未记录,排水沟,1028567639,1.234,109.1835889,23.2019365
WY064,7,未记录,排水沟,1028567639,1.234,109.1835995,23.2021316
WY064,8,未记录,排水沟,1028567639,1.234,109.1836526,23.2022065
WY064,9,未记录,排水沟,1028567639,1.234,109.1836456,23.2023105
WY064,10,未记录,排水沟,1028567639,1.234,109.1835854,23.2023528
WY064,11,未记录,排水沟,1028567639,1.234,109.1834757,23.2023626
WY064,12,未记录,排水沟,1028567639,1.234,109.18332,23.2023366
WY064,13,未记录,排水沟,1028567639,1.234,109.1833058,23.2024602
WY064,14,未记录,排水沟,1028567639,1.234,109.183281,23.2026619
WY064,15,未记录,排水沟,1028567639,1.234,109.1832385,23.202805
WY064,16,未记录,排水沟,1028567639,1.234,109.1829696,23.2033157
WY064,17,未记录,排水沟,1028567639,1.234,109.1829059,23.2035141
WY064,18,未记录,排水沟,1028567639,1.234,109.1829554,23.2036052
WY064,19,未记录,排水沟,1028567639,1.234,109.1829908,23.2037874
WY064,20,未记录,排水沟,1028567639,1.234,109.1828776,23.2039435
WY064,21,未记录,排水沟,1028567639,1.234,109.1828917,23.203976
WY064,22,未记录,排水沟,1028567639,1.234,109.182959,23.2039956
WY064,23,未记录,排水沟,1028567639,1.234,109.1830227,23.2040801
WY064,24,未记录,排水沟,1028567639,1.234,109.1830191,23.204233
WY064,25,未记录,排水沟,1028567639,1.234,109.1830474,23.2043696
WY064,26,未记录,排水沟,1028567639,1.234,109.1829908,23.2046006
WY064,27,未记录,排水沟,1028567639,1.234,109.1829094,23.2047307
WY064,28,未记录,排水沟,1028567639,1.234,109.1828351,23.2048576
WY064,29,未记录,排水沟,1028567639,1.234,109.1828174,23.2050625
WY064,30,未记录,排水沟,1028567639,1.234,109.1827395,23.205313
WY064,31,未记录,排水沟,1028567639,1.234,109.182651,23.2054236
WY064,32,未记录,排水沟,1028567639,1.234,109.1826652,23.2054984
WY064,33,未记录,排水沟,1028567639,1.234,109.1826192,23.2056545
WY064,34,未记录,排水沟,1028567639,1.234,109.1825166,23.2057098
WY064,35,未记录,排水沟,1028567639,1.234,109.1824458,23.2058757
WY064,36,未记录,排水沟,1028567639,1.234,109.1824776,23.2060254
WY064,37,未记录,排水沟,1028567639,1.234,109.1825661,23.2061262
WY064,38,未记录,排水沟,1028567639,1.234,109.1825838,23.2062238
WY064,39,未记录,排水沟,1028567639,1.234,109.1827926,23.2065588
WY064,40,未记录,排水沟,1028567639,1.234,109.1829766,23.2068028
WY064,41,未记录,排水沟,1028567639,1.234,109.1830616,23.2069589
WY064,42,未记录,排水沟,1028567639,1.234,109.1830262,23.2071964
WY064,43,未记录,排水沟,1028567639,1.234,109.1831111,23.2074468
WY064,44,未记录,排水沟,1028567639,1.234,109.1831359,23.2077591
WY064,45,未记录,排水沟,1028567639,1.234,109.1833695,23.2078925
WY064,46,未记录,排水沟,1028567639,1.234,109.1836154,23.208134
WY064,47,未记录,排水沟,1028567639,1.234,109.1835666,23.2082498
WY064,48,未记录,排水沟,1028567639,1.234,109.1836113,23.2083545
WY064,49,未记录,排水沟,1028567639,1.234,109.1835951,23.2084329
WY064,50,未记录,排水沟,1028567639,1.234,109.1835625,23.208616
WY064,51,未记录,排水沟,1028567639,1.234,109.1836113,23.2087169
WY064,52,未记录,排水沟,1028567639,1.234,109.1836194,23.2088365
WY064,53,未记录,排水沟,1028567639,1.234,109.1835544,23.2090121
WY064,54,未记录,排水沟,1028567639,1.234,109.1834487,23.2091989
WY064,55,未记录,排水沟,1028567639,1.234,109.1832495,23.2094081
WY064,56,未记录,排水沟,1028567639,1.234,109.1830462,23.2095464
WY064,57,未记录,排水沟,1028567639,1.234,109.1829852,23.2096435
WY064,58,未记录,排水沟,1028567639,1.234,109.1825421,23.2100284
WY064,59,未记录,排水沟,1028567639,1.234,109.1824689,23.2102077
WY064,60,未记录,排水沟,1028567639,1.234,109.182373,23.2105357
WY065,1,未记录,排水沟,1028567640,0.369,109.1882925,23.1912989
WY065,2,未记录,排水沟,1028567640,0.369,109.1880766,23.1913379
WY065,3,未记录,排水沟,1028567640,0.369,109.1880306,23.1917348
WY065,4,未记录,排水沟,1028567640,0.369,109.1876979,23.1918942
WY065,5,未记录,排水沟,1028567640,0.369,109.1876095,23.1920081
WY065,6,未记录,排水沟,1028567640,0.369,109.1878324,23.1923009
WY065,7,未记录,排水沟,1028567640,0.369,109.1878147,23.1924212
WY065,8,未记录,排水沟,1028567640,0.369,109.1877475,23.1924928
WY065,9,未记录,排水沟,1028567640,0.369,109.1875953,23.1925091
WY065,10,未记录,排水沟,1028567640,0.369,109.1875599,23.1927108
WY065,11,未记录,排水沟,1028567640,0.369,109.1877369,23.1929385
WY065,12,未记录,排水沟,1028567640,0.369,109.1877581,23.1930719
WY065,13,未记录,排水沟,1028567640,0.369,109.187613,23.1932508
WY065,14,未记录,排水沟,1028567640,0.369,109.1875458,23.1935176
WY065,15,未记录,排水沟,1028567640,0.369,109.1874431,23.1937843
WY065,16,未记录,排水沟,1028567640,0.369,109.1873191,23.1937631
WY066,1,未记录,排水沟,1028567641,0.02,109.1841536,23.2009166
WY066,2,未记录,排水沟,1028567641,0.02,109.1839939,23.2010261
WY067,1,未记录,排水沟,1028567642,0.582,109.1856365,23.196419
WY067,2,未记录,排水沟,1028567642,0.582,109.1849975,23.1972814
WY067,3,未记录,排水沟,1028567642,0.582,109.1849728,23.1974863
WY067,4,未记录,排水沟,1028567642,0.582,109.1848701,23.1976685
WY067,5,未记录,排水沟,1028567642,0.582,109.1847816,23.1977303
WY067,6,未记录,排水沟,1028567642,0.582,109.184679,23.1978051
WY067,7,未记录,排水沟,1028567642,0.582,109.1846967,23.1981858
WY067,8,未记录,排水沟,1028567642,0.582,109.184863,23.1990153
WY067,9,未记录,排水沟,1028567642,0.582,109.184909,23.1993601
WY067,10,未记录,排水沟,1028567642,0.582,109.184909,23.1995878
WY067,11,未记录,排水沟,1028567642,0.582,109.184863,23.1997244
WY067,12,未记录,排水沟,1028567642,0.582,109.1849232,23.1998578
WY067,13,未记录,排水沟,1028567642,0.582,109.1850117,23.1999944
WY067,14,未记录,排水沟,1028567642,0.582,109.1847887,23.2001343
WY067,15,未记录,排水沟,1028567642,0.582,109.1847002,23.2002644
WY067,16,未记录,排水沟,1028567642,0.582,109.1846755,23.2005247
WY067,17,未记录,排水沟,1028567642,0.582,109.1844879,23.2007654
WY067,18,未记录,排水沟,1028567642,0.582,109.1843251,23.2007979
WY067,19,未记录,排水沟,1028567642,0.582,109.1841536,23.2009166
WY068,1,未记录,排水沟,1028567643,0.054,109.1858962,23.1959935
WY068,2,未记录,排水沟,1028567643,0.054,109.1856365,23.196419
WY069,1,未记录,排水沟,1028567644,0.349,109.1871281,23.1938819
WY069,2,未记录,排水沟,1028567644,0.349,109.1869441,23.1940803
WY069,3,未记录,排水沟,1028567644,0.349,109.1867636,23.1941552
WY069,4,未记录,排水沟,1028567644,0.349,109.1865972,23.1941389
WY069,5,未记录,排水沟,1028567644,0.349,109.1865654,23.1942495
WY069,6,未记录,排水沟,1028567644,0.349,109.186576,23.1943113
WY069,7,未记录,排水沟,1028567644,0.349,109.18676,23.1943796
WY069,8,未记录,排水沟,1028567644,0.349,109.1867813,23.1945033
WY069,9,未记录,排水沟,1028567644,0.349,109.18676,23.1946464
WY069,10,未记录,排水沟,1028567644,0.349,109.186714,23.1946627
WY069,11,未记录,排水沟,1028567644,0.349,109.1865972,23.1946562
WY069,12,未记录,排水沟,1028567644,0.349,109.1861088,23.1950856
WY069,13,未记录,排水沟,1028567644,0.349,109.1860487,23.1952775
WY069,14,未记录,排水沟,1028567644,0.349,109.1859531,23.1953556
WY069,15,未记录,排水沟,1028567644,0.349,109.1859496,23.1954434
WY069,16,未记录,排水沟,1028567644,0.349,109.1860239,23.19558
WY069,17,未记录,排水沟,1028567644,0.349,109.1861301,23.1956028
WY069,18,未记录,排水沟,1028567644,0.349,109.1861548,23.1956451
WY069,19,未记录,排水沟,1028567644,0.349,109.1860947,23.1957622
WY069,20,未记录,排水沟,1028567644,0.349,109.1859956,23.1958143
WY069,21,未记录,排水沟,1028567644,0.349,109.1858962,23.1959935
WY070,1,未记录,排水沟,1028567645,0.024,109.1873191,23.1937631
WY070,2,未记录,排水沟,1028567645,0.024,109.1871281,23.1938819
WY071,1,未记录,排水沟,1028567649,0.616,109.1809128,23.2127529
WY071,2,未记录,排水沟,1028567649,0.616,109.1807208,23.2129241
WY071,3,未记录,排水沟,1028567649,0.616,109.1805622,23.2129802
WY071,4,未记录,排水沟,1028567649,0.616,109.1805216,23.2131109
WY071,5,未记录,排水沟,1028567649,0.616,109.1803061,23.2133762
WY071,6,未记录,排水沟,1028567649,0.616,109.180302,23.2134846
WY071,7,未记录,排水沟,1028567649,0.616,109.1802045,23.2136751
WY071,8,未记录,排水沟,1028567649,0.616,109.1801353,23.213832
WY071,9,未记录,排水沟,1028567649,0.616,109.1802167,23.2140824
WY071,10,未记录,排水沟,1028567649,0.616,109.1803345,23.2142655
WY071,11,未记录,排水沟,1028567649,0.616,109.1803061,23.2143663
WY071,12,未记录,排水沟,1028567649,0.616,109.1801435,23.214456
WY071,13,未记录,排水沟,1028567649,0.616,109.180115,23.2145457
WY071,14,未记录,排水沟,1028567649,0.616,109.1799117,23.215405
WY071,15,未记录,排水沟,1028567649,0.616,109.1799361,23.2155694
WY071,16,未记录,排水沟,1028567649,0.616,109.1798792,23.2156554
WY071,17,未记录,排水沟,1028567649,0.616,109.1798995,23.2157712
WY071,18,未记录,排水沟,1028567649,0.616,109.1798304,23.2159692
WY071,19,未记录,排水沟,1028567649,0.616,109.179928,23.2160402
WY071,20,未记录,排水沟,1028567649,0.616,109.1799117,23.2160813
WY071,21,未记录,排水沟,1028567649,0.616,109.1797613,23.2161448
WY071,22,未记录,排水沟,1028567649,0.616,109.179558,23.2162121
WY071,23,未记录,排水沟,1028567649,0.616,109.1794483,23.2163167
WY071,24,未记录,排水沟,1028567649,0.616,109.1793548,23.2165184
WY071,25,未记录,排水沟,1028567649,0.616,109.1792531,23.216765
WY071,26,未记录,排水沟,1028567649,0.616,109.1791312,23.2168211
WY071,27,未记录,排水沟,1028567649,0.616,109.1790295,23.2169145
WY071,28,未记录,排水沟,1028567649,0.616,109.1788954,23.2168696
WY071,29,未记录,排水沟,1028567649,0.616,109.1785457,23.2169892
WY072,1,未记录,排水沟,1028567650,0.013,109.182373,23.2105357
WY072,2,未记录,排水沟,1028567650,0.013,109.1823388,23.2106524
WY073,1,未记录,河流,1198633956,1.466,109.1291394,23.1753549
WY073,2,未记录,河流,1198633956,1.466,109.1290647,23.1760418
WY073,3,未记录,河流,1198633956,1.466,109.1289246,23.1762994
WY073,4,未记录,河流,1198633956,1.466,109.1284763,23.1761362
WY073,5,未记录,河流,1198633956,1.466,109.1275142,23.1762822
WY073,6,未记录,河流,1198633956,1.466,109.1267951,23.1762393
WY073,7,未记录,河流,1198633956,1.466,109.126683,23.1764282
WY073,8,未记录,河流,1198633956,1.466,109.1269819,23.1770378
WY073,9,未记录,河流,1198633956,1.466,109.1267203,23.1775444
WY073,10,未记录,河流,1198633956,1.466,109.1261039,23.1779565
WY073,11,未记录,河流,1198633956,1.466,109.1261226,23.1784373
WY073,12,未记录,河流,1198633956,1.466,109.1265242,23.1790899
WY073,13,未记录,河流,1198633956,1.466,109.1268885,23.179648
WY073,14,未记录,河流,1198633956,1.466,109.1266456,23.1801116
WY073,15,未记录,河流,1198633956,1.466,109.1260665,23.1804035
WY073,16,未记录,河流,1198633956,1.466,109.1254314,23.1804808
WY073,17,未记录,河流,1198633956,1.466,109.1248897,23.1805323
WY073,18,未记录,河流,1198633956,1.466,109.1245815,23.1806955
WY073,19,未记录,河流,1198633956,1.466,109.1243573,23.1811333
WY073,20,未记录,河流,1198633956,1.466,109.1238716,23.1810389
WY073,21,未记录,河流,1198633956,1.466,109.1228349,23.1814424
WY073,22,未记录,河流,1198633956,1.466,109.1214619,23.1816657
WY073,23,未记录,河流,1198633956,1.466,109.1214355,23.1820427
WY074,1,未记录,河流,1198633957,0.013,109.1214355,23.1820427
WY074,2,未记录,河流,1198633957,0.013,109.1214271,23.1821617
WY075,1,未记录,排水沟,1198633998,0.582,109.1226146,23.2076684
WY075,2,未记录,排水沟,1198633998,0.582,109.1227417,23.2057289
WY075,3,未记录,排水沟,1198633998,0.582,109.122852,23.2047397
WY075,4,未记录,排水沟,1198633998,0.582,109.1227104,23.2043299
WY075,5,未记录,排水沟,1198633998,0.582,109.1218898,23.2026255
WY076,1,未记录,渠道,1245807013,1.223,109.1205154,23.2169098
WY076,2,未记录,渠道,1245807013,1.223,109.1204427,23.2170645
WY076,3,未记录,渠道,1245807013,1.223,109.1201583,23.218228
WY076,4,未记录,渠道,1245807013,1.223,109.1200779,23.2184695
WY076,5,未记录,渠道,1245807013,1.223,109.1196943,23.2193964
WY076,6,未记录,渠道,1245807013,1.223,109.1194502,23.2198031
WY076,7,未记录,渠道,1245807013,1.223,109.1191632,23.220407
WY076,8,未记录,渠道,1245807013,1.223,109.1187716,23.2207743
WY076,9,未记录,渠道,1245807013,1.223,109.1174225,23.2221004
WY076,10,未记录,渠道,1245807013,1.223,109.1172911,23.2221768
WY076,11,未记录,渠道,1245807013,1.223,109.117047,23.2221669
WY076,12,未记录,渠道,1245807013,1.223,109.1161458,23.2221201
WY076,13,未记录,渠道,1245807013,1.223,109.1157783,23.2221768
WY076,14,未记录,渠道,1245807013,1.223,109.1153223,23.2223272
WY076,15,未记录,渠道,1245807013,1.223,109.1148342,23.222655
WY076,16,未记录,渠道,1245807013,1.223,109.1145311,23.2229754
WY076,17,未记录,渠道,1245807013,1.223,109.1142977,23.2232589
WY076,18,未记录,渠道,1245807013,1.223,109.113654,23.2244272
WY076,19,未记录,渠道,1245807013,1.223,109.11349262212585,23.2247021
WY077,1,未记录,溪流,1246950139,0.033,109.4074666,23.1588815
WY077,2,未记录,溪流,1246950139,0.033,109.4073325,23.1591527
WY078,1,未记录,溪流,1246950140,0.077,109.4073325,23.1591527
WY078,2,未记录,溪流,1246950140,0.077,109.4073111,23.1598482
WY079,1,未记录,溪流,1251667285,1.279,109.1613643,23.0387327
WY079,2,未记录,溪流,1251667285,1.279,109.1619148,23.0388346
WY079,3,未记录,溪流,1251667285,1.279,109.1620076,23.0390907
WY079,4,未记录,溪流,1251667285,1.279,109.1619999,23.0394251
WY079,5,未记录,溪流,1251667285,1.279,109.1618066,23.0398948
WY079,6,未记录,溪流,1251667285,1.279,109.161103,23.0404213
WY079,7,未记录,溪流,1251667285,1.279,109.160786,23.0406632
WY079,8,未记录,溪流,1251667285,1.279,109.1604071,23.0413107
WY079,9,未记录,溪流,1251667285,1.279,109.1605617,23.0414601
WY079,10,未记录,溪流,1251667285,1.279,109.1610256,23.0416166
WY079,11,未记录,溪流,1251667285,1.279,109.1618916,23.0416166
WY079,12,未记录,溪流,1251667285,1.279,109.162255,23.0426483
WY079,13,未记录,溪流,1251667285,1.279,109.1621313,23.0429329
WY079,14,未记录,溪流,1251667285,1.279,109.1620927,23.0431677
WY079,15,未记录,溪流,1251667285,1.279,109.1618452,23.0435519
WY079,16,未记录,溪流,1251667285,1.279,109.1611107,23.0439219
WY079,17,未记录,溪流,1251667285,1.279,109.159889,23.0442634
WY079,18,未记录,溪流,1251667285,1.279,109.1595179,23.0442705
WY079,19,未记录,溪流,1251667285,1.279,109.15917,23.0443915
WY079,20,未记录,溪流,1251667285,1.279,109.1590617,23.0446832
WY079,21,未记录,溪流,1251667285,1.279,109.1586674,23.0455441
WY079,22,未记录,溪流,1251667285,1.279,109.1583813,23.0459995
WY080,1,未记录,溪流,1251667286,0.012,109.1612612,23.0386769
WY080,2,未记录,溪流,1251667286,0.012,109.1613643,23.0387327
WY081,1,未记录,溪流,1251915955,12.442,109.1618277,23.1084896
WY081,2,未记录,溪流,1251915955,12.442,109.161596,23.1082147
WY081,3,未记录,溪流,1251915955,12.442,109.1608862,23.1068402
WY081,4,未记录,溪流,1251915955,12.442,109.1603258,23.1067577
WY081,5,未记录,溪流,1251915955,12.442,109.1593619,23.1063659
WY081,6,未记录,溪流,1251915955,12.442,109.1586072,23.1065171
WY081,7,未记录,溪流,1251915955,12.442,109.1580991,23.1065171
WY081,8,未记录,溪流,1251915955,12.442,109.1573893,23.1062079
WY081,9,未记录,溪流,1251915955,12.442,109.1574416,23.1058917
WY081,10,未记录,溪流,1251915955,12.442,109.1578077,23.1056581
WY081,11,未记录,溪流,1251915955,12.442,109.1583532,23.1055137
WY081,12,未记录,溪流,1251915955,12.442,109.1583905,23.1051564
WY081,13,未记录,溪流,1251915955,12.442,109.1580169,23.1048471
WY081,14,未记录,溪流,1251915955,12.442,109.1572697,23.1048815
WY081,15,未记录,溪流,1251915955,12.442,109.1567243,23.105067
WY081,16,未记录,溪流,1251915955,12.442,109.1561714,23.1050189
WY081,17,未记录,溪流,1251915955,12.442,109.1561564,23.1047028
WY081,18,未记录,溪流,1251915955,12.442,109.1561639,23.1042835
WY081,19,未记录,溪流,1251915955,12.442,109.1556035,23.1037681
WY081,20,未记录,溪流,1251915955,12.442,109.1538999,23.1034726
WY081,21,未记录,溪流,1251915955,12.442,109.153474,23.1035413
WY081,22,未记录,溪流,1251915955,12.442,109.1536309,23.1039743
WY081,23,未记录,溪流,1251915955,12.442,109.1542735,23.1046959
WY081,24,未记录,溪流,1251915955,12.442,109.1536981,23.1051151
WY081,25,未记录,溪流,1251915955,12.442,109.1528389,23.1055687
WY081,26,未记录,溪流,1251915955,12.442,109.1531676,23.1063728
WY081,27,未记录,溪流,1251915955,12.442,109.1506645,23.1067164
WY081,28,未记录,溪流,1251915955,12.442,109.1477728,23.1080154
WY081,29,未记录,溪流,1251915955,12.442,109.1472872,23.1085652
WY081,30,未记录,溪流,1251915955,12.442,109.1471377,23.1094036
WY081,31,未记录,溪流,1251915955,12.442,109.1466595,23.109596
WY081,32,未记录,溪流,1251915955,12.442,109.1460393,23.1093967
WY081,33,未记录,溪流,1251915955,12.442,109.1453594,23.1091768
WY081,34,未记录,溪流,1251915955,12.442,109.144672,23.1096029
WY081,35,未记录,溪流,1251915955,12.442,109.1441928,23.1102002
WY081,36,未记录,溪流,1251915955,12.442,109.1427431,23.1111898
WY081,37,未记录,溪流,1251915955,12.442,109.1426282,23.1111305
WY081,38,未记录,溪流,1251915955,12.442,109.1421799,23.1101822
WY081,39,未记录,溪流,1251915955,12.442,109.1420454,23.1090963
WY081,40,未记录,溪流,1251915955,12.442,109.141358,23.1076943
WY081,41,未记录,溪流,1251915955,12.442,109.1410591,23.1069658
WY081,42,未记录,溪流,1251915955,12.442,109.1416868,23.1066085
WY081,43,未记录,溪流,1251915955,12.442,109.141896,23.1062099
WY081,44,未记录,溪流,1251915955,12.442,109.1415672,23.1059212
WY081,45,未记录,溪流,1251915955,12.442,109.1409246,23.1060999
WY081,46,未记录,溪流,1251915955,12.442,109.1393854,23.1074194
WY081,47,未记录,溪流,1251915955,12.442,109.1385635,23.1095636
WY081,48,未记录,溪流,1251915955,12.442,109.1371139,23.1132197
WY081,49,未记录,溪流,1251915955,12.442,109.1373381,23.1144567
WY081,50,未记录,溪流,1251915955,12.442,109.1372185,23.1155425
WY081,51,未记录,溪流,1251915955,12.442,109.1359333,23.1167795
WY081,52,未记录,溪流,1251915955,12.442,109.1342596,23.118525
WY081,53,未记录,溪流,1251915955,12.442,109.1335273,23.1196932
WY081,54,未记录,溪流,1251915955,12.442,109.1326606,23.1200368
WY081,55,未记录,溪流,1251915955,12.442,109.1319582,23.1204491
WY081,56,未记录,溪流,1251915955,12.442,109.1308075,23.1199268
WY081,57,未记录,溪流,1251915955,12.442,109.1281326,23.119597
WY081,58,未记录,溪流,1251915955,12.442,109.1242023,23.120614
WY081,59,未记录,溪流,1251915955,12.442,109.1235746,23.1215898
WY081,60,未记录,溪流,1251915955,12.442,109.1229619,23.1223182
WY081,61,未记录,溪流,1251915955,12.442,109.1219756,23.122868
WY081,62,未记录,溪流,1251915955,12.442,109.1210641,23.1228817
WY081,63,未记录,溪流,1251915955,12.442,109.1199881,23.1223182
WY081,64,未记录,溪流,1251915955,12.442,109.1199283,23.1210951
WY081,65,未记录,溪流,1251915955,12.442,109.1194352,23.1199956
WY081,66,未记录,溪流,1251915955,12.442,109.11815,23.119542
WY081,67,未记录,溪流,1251915955,12.442,109.1173579,23.1196657
WY081,68,未记录,溪流,1251915955,12.442,109.1167154,23.1202017
WY081,69,未记录,溪流,1251915955,12.442,109.1154451,23.1209164
WY081,70,未记录,溪流,1251915955,12.442,109.1134725,23.1217135
WY081,71,未记录,溪流,1251915955,12.442,109.111485,23.1220846
WY081,72,未记录,溪流,1251915955,12.442,109.1109769,23.1225794
WY081,73,未记录,溪流,1251915955,12.442,109.1104538,23.1235826
WY081,74,未记录,溪流,1251915955,12.442,109.1103193,23.1243385
WY081,75,未记录,溪流,1251915955,12.442,109.1110217,23.1249844
WY081,76,未记录,溪流,1251915955,12.442,109.1113803,23.1253967
WY081,77,未记录,溪流,1251915955,12.442,109.1101699,23.1257541
WY081,78,未记录,溪流,1251915955,12.442,109.1086605,23.1260152
WY081,79,未记录,溪流,1251915955,12.442,109.1073006,23.1253693
WY081,80,未记录,溪流,1251915955,12.442,109.1060752,23.1249432
WY081,81,未记录,溪流,1251915955,12.442,109.1044762,23.1250257
WY081,82,未记录,溪流,1251915955,12.442,109.1030715,23.1246958
WY081,83,未记录,溪流,1251915955,12.442,109.1014874,23.1232253
WY081,84,未记录,溪流,1251915955,12.442,109.0996643,23.1236513
WY081,85,未记录,溪流,1251915955,12.442,109.0979009,23.124847
WY081,86,未记录,溪流,1251915955,12.442,109.0972732,23.125809
WY081,87,未记录,溪流,1251915955,12.442,109.0968697,23.1264962
WY081,88,未记录,溪流,1251915955,12.442,109.0951661,23.1267023
WY081,89,未记录,溪流,1251915955,12.442,109.0946281,23.1265099
WY081,90,未记录,溪流,1251915955,12.442,109.0944936,23.1259327
WY081,91,未记录,溪流,1251915955,12.442,109.093597,23.1256716
WY081,92,未记录,溪流,1251915955,12.442,109.0923865,23.1257128
WY081,93,未记录,溪流,1251915955,12.442,109.0913255,23.1258503
WY081,94,未记录,溪流,1251915955,12.442,109.0892035,23.1249157
WY081,95,未记录,溪流,1251915955,12.442,109.0880677,23.1246684
WY081,96,未记录,溪流,1251915955,12.442,109.0873803,23.1249295
WY081,97,未记录,溪流,1251915955,12.442,109.0867527,23.1253418
WY081,98,未记录,溪流,1251915955,12.442,109.0860353,23.1255067
WY081,99,未记录,溪流,1251915955,12.442,109.0856916,23.1263725
WY081,100,未记录,溪流,1251915955,12.442,109.0846455,23.1273345
WY081,101,未记录,溪流,1251915955,12.442,109.0841375,23.1284889
WY081,102,未记录,溪流,1251915955,12.442,109.0839581,23.1295746
WY081,103,未记录,溪流,1251915955,12.442,109.0830465,23.1306053
WY082,1,南河,河流,1251915956,1.194,109.0830465,23.1306053
WY082,2,南河,河流,1251915956,1.194,109.0827167,23.1310878
WY082,3,南河,河流,1251915956,1.194,109.0826823,23.1320981
WY082,4,南河,河流,1251915956,1.194,109.0835406,23.1343239
WY082,5,南河,河流,1251915956,1.194,109.0847251,23.1361708
WY082,6,南河,河流,1251915956,1.194,109.0861327,23.1372916
WY082,7,南河,河流,1251915956,1.194,109.0872829,23.1400382
WY083,1,南河,河流,1251915957,0.067,109.0872829,23.1400382
WY083,2,南河,河流,1251915957,0.067,109.0872858,23.1406384
WY084,1,未记录,溪流,1251915958,1.757,109.0837631,23.1210249
WY084,2,未记录,溪流,1251915958,1.757,109.0828533,23.1220984
WY084,3,未记录,溪流,1251915958,1.757,109.0818748,23.1225405
WY084,4,未记录,溪流,1251915958,1.757,109.0812397,23.1229509
WY084,5,未记录,溪流,1251915958,1.757,109.0809307,23.1235982
WY084,6,未记录,溪流,1251915958,1.757,109.0803127,23.1239613
WY084,7,未记录,溪流,1251915958,1.757,109.0794029,23.1237876
WY084,8,未记录,溪流,1251915958,1.757,109.0787849,23.1239771
WY084,9,未记录,溪流,1251915958,1.757,109.0787849,23.1244191
WY084,10,未记录,溪流,1251915958,1.757,109.0791282,23.1253979
WY084,11,未记录,溪流,1251915958,1.757,109.0789737,23.1261714
WY084,12,未记录,溪流,1251915958,1.757,109.0786991,23.1266135
WY084,13,未记录,溪流,1251915958,1.757,109.0786819,23.1269766
WY084,14,未记录,溪流,1251915958,1.757,109.0793514,23.1276396
WY084,15,未记录,溪流,1251915958,1.757,109.079626,23.1283658
WY084,16,未记录,溪流,1251915958,1.757,109.0795059,23.1294708
WY084,17,未记录,溪流,1251915958,1.757,109.0798835,23.1296761
WY084,18,未记录,溪流,1251915958,1.757,109.0802784,23.1293919
WY084,19,未记录,溪流,1251915958,1.757,109.0809478,23.1291393
WY084,20,未记录,溪流,1251915958,1.757,109.0814457,23.129313
WY084,21,未记录,溪流,1251915958,1.757,109.0830465,23.1306053
WY085,1,未记录,排水沟,1344764507,2.128,109.1395001,23.1862505
WY085,2,未记录,排水沟,1344764507,2.128,109.1387671,23.1862826
WY085,3,未记录,排水沟,1344764507,2.128,109.1381776,23.1864679
WY085,4,未记录,排水沟,1344764507,2.128,109.1364129,23.1863146
WY085,5,未记录,排水沟,1344764507,2.128,109.1332211,23.1863253
WY085,6,未记录,排水沟,1344764507,2.128,109.1325463,23.1861435
WY085,7,未记录,排水沟,1344764507,2.128,109.1316775,23.1855339
WY085,8,未记录,排水沟,1344764507,2.128,109.1311695,23.1847995
WY085,9,未记录,排水沟,1344764507,2.128,109.1305141,23.1843824
WY085,10,未记录,排水沟,1344764507,2.128,109.1266241,23.1838654
WY085,11,未记录,排水沟,1344764507,2.128,109.1260346,23.1840009
WY085,12,未记录,排水沟,1344764507,2.128,109.1255305,23.1848957
WY085,13,未记录,排水沟,1344764507,2.128,109.1252163,23.1849813
WY085,14,未记录,排水沟,1344764507,2.128,109.1237193,23.183894
WY085,15,未记录,排水沟,1344764507,2.128,109.1231686,23.1842612
WY085,16,未记录,排水沟,1344764507,2.128,109.1224744,23.1835303
WY085,17,未记录,排水沟,1344764507,2.128,109.1222106,23.1830633
WY085,18,未记录,排水沟,1344764507,2.128,109.1214817,23.1828223
WY086,1,未记录,溪流,1461438065,8.057,109.2180537,23.183487
WY086,2,未记录,溪流,1461438065,8.057,109.2181125,23.1843117
WY086,3,未记录,溪流,1461438065,8.057,109.2177302,23.1851094
WY086,4,未记录,溪流,1461438065,8.057,109.2176566,23.185373
WY086,5,未记录,溪流,1461438065,8.057,109.2175095,23.1855961
WY086,6,未记录,溪流,1461438065,8.057,109.2172522,23.1857245
WY086,7,未记录,溪流,1461438065,8.057,109.2167153,23.1854947
WY086,8,未记录,溪流,1461438065,8.057,109.2164727,23.1855285
WY086,9,未记录,溪流,1461438065,8.057,109.216458,23.1857989
WY086,10,未记录,溪流,1461438065,8.057,109.2166786,23.1863329
WY086,11,未记录,溪流,1461438065,8.057,109.217061,23.1869818
WY086,12,未记录,溪流,1461438065,8.057,109.2171419,23.1872522
WY086,13,未记录,溪流,1461438065,8.057,109.2170316,23.1875158
WY086,14,未记录,溪流,1461438065,8.057,109.2168624,23.1875699
WY086,15,未记录,溪流,1461438065,8.057,109.2160388,23.1870765
WY086,16,未记录,溪流,1461438065,8.057,109.2156785,23.1870765
WY086,17,未记录,溪流,1461438065,8.057,109.2154211,23.1873401
WY086,18,未记录,溪流,1461438065,8.057,109.2154579,23.1881986
WY086,19,未记录,溪流,1461438065,8.057,109.2147078,23.1888407
WY086,20,未记录,溪流,1461438065,8.057,109.2146931,23.1891111
WY086,21,未记录,溪流,1461438065,8.057,109.2148402,23.1903278
WY086,22,未记录,溪流,1461438065,8.057,109.2151637,23.1914634
WY086,23,未记录,溪流,1461438065,8.057,109.2150534,23.1923354
WY086,24,未记录,溪流,1461438065,8.057,109.2148838,23.1930367
WY086,25,未记录,溪流,1461438065,8.057,109.2152636,23.1938237
WY086,26,未记录,溪流,1461438065,8.057,109.2155919,23.1939243
WY086,27,未记录,溪流,1461438065,8.057,109.2159524,23.1939065
WY086,28,未记录,溪流,1461438065,8.057,109.2163322,23.1940012
WY086,29,未记录,溪流,1461438065,8.057,109.2163451,23.1946166
WY086,30,未记录,溪流,1461438065,8.057,109.2167249,23.1945396
WY086,31,未记录,溪流,1461438065,8.057,109.2171433,23.1947112
WY086,32,未记录,溪流,1461438065,8.057,109.2174974,23.1950781
WY086,33,未记录,溪流,1461438065,8.057,109.2180059,23.1957999
WY086,34,未记录,溪流,1461438065,8.057,109.2187462,23.1965159
WY086,35,未记录,溪流,1461438065,8.057,109.2191389,23.1966638
WY086,36,未记录,溪流,1461438065,8.057,109.2193062,23.1969656
WY086,37,未记录,溪流,1461438065,8.057,109.2203748,23.1976046
WY086,38,未记录,溪流,1461438065,8.057,109.2222803,23.198214
WY086,39,未记录,溪流,1461438065,8.057,109.2232974,23.1987939
WY086,40,未记录,溪流,1461438065,8.057,109.2235034,23.1990246
WY086,41,未记录,溪流,1461438065,8.057,109.223645,23.1994684
WY086,42,未记录,溪流,1461438065,8.057,109.2239604,23.1996577
WY086,43,未记录,溪流,1461438065,8.057,109.2253766,23.1997287
WY086,44,未记录,溪流,1461438065,8.057,109.2266834,23.2004506
WY086,45,未记录,溪流,1461438065,8.057,109.2275481,23.2003627
WY086,46,未记录,溪流,1461438065,8.057,109.2276258,23.2018312
WY086,47,未记录,溪流,1461438065,8.057,109.2279367,23.202375
WY086,48,未记录,溪流,1461438065,8.057,109.2283254,23.2024901
WY086,49,未记录,溪流,1461438065,8.057,109.2292106,23.2023908
WY086,50,未记录,溪流,1461438065,8.057,109.2297979,23.2025298
WY086,51,未记录,溪流,1461438065,8.057,109.2304931,23.2022757
WY086,52,未记录,溪流,1461438065,8.057,109.2307609,23.202244
WY086,53,未记录,溪流,1461438065,8.057,109.2309293,23.2023829
WY086,54,未记录,溪流,1461438065,8.057,109.2317239,23.202113
WY086,55,未记录,溪流,1461438065,8.057,109.2323284,23.2026052
WY086,56,未记录,溪流,1461438065,8.057,109.233028,23.2029227
WY086,57,未记录,溪流,1461438065,8.057,109.233313,23.2037721
WY086,58,未记录,溪流,1461438065,8.057,109.2334857,23.2039149
WY086,59,未记录,溪流,1461438065,8.057,109.2338873,23.2038276
WY086,60,未记录,溪流,1461438065,8.057,109.2340341,23.2037086
WY086,61,未记录,溪流,1461438065,8.057,109.2340428,23.2034109
WY086,62,未记录,溪流,1461438065,8.057,109.2337664,23.2029465
WY086,63,未记录,溪流,1461438065,8.057,109.2339175,23.2027163
WY086,64,未记录,溪流,1461438065,8.057,109.2343364,23.2024623
WY086,65,未记录,溪流,1461438065,8.057,109.234846,23.2023591
WY086,66,未记录,溪流,1461438065,8.057,109.235606,23.2022638
WY086,67,未记录,溪流,1461438065,8.057,109.2360637,23.2023591
WY086,68,未记录,溪流,1461438065,8.057,109.2364006,23.202502
WY086,69,未记录,溪流,1461438065,8.057,109.2366122,23.2026846
WY086,70,未记录,溪流,1461438065,8.057,109.236854,23.2036093
WY086,71,未记录,溪流,1461438065,8.057,109.2370742,23.2037086
WY086,72,未记录,溪流,1461438065,8.057,109.2372599,23.2034863
WY086,73,未记录,溪流,1461438065,8.057,109.2377738,23.2034069
WY086,74,未记录,溪流,1461438065,8.057,109.2378817,23.2032878
WY086,75,未记录,溪流,1461438065,8.057,109.2379983,23.2028909
WY086,76,未记录,溪流,1461438065,8.057,109.2381365,23.2027639
WY086,77,未记录,溪流,1461438065,8.057,109.2383697,23.2026965
WY086,78,未记录,溪流,1461438065,8.057,109.2386331,23.2028116
WY086,79,未记录,溪流,1461438065,8.057,109.2391297,23.2036331
WY086,80,未记录,溪流,1461438065,8.057,109.2394147,23.2038078
WY086,81,未记录,溪流,1461438065,8.057,109.239825,23.203784
WY086,82,未记录,溪流,1461438065,8.057,109.240205,23.2036768
WY086,83,未记录,溪流,1461438065,8.057,109.2406973,23.2034664
WY086,84,未记录,溪流,1461438065,8.057,109.241237,23.2032362
WY086,85,未记录,溪流,1461438065,8.057,109.2415566,23.2032402
WY086,86,未记录,溪流,1461438065,8.057,109.2417768,23.2033593
WY086,87,未记录,溪流,1461438065,8.057,109.2418761,23.2035101
WY086,88,未记录,溪流,1461438065,8.057,109.2418977,23.2037363
WY086,89,未记录,溪流,1461438065,8.057,109.2414357,23.2040142
WY086,90,未记录,溪流,1461438065,8.057,109.241263,23.204038
WY086,91,未记录,溪流,1461438065,8.057,109.2411895,23.2041531
WY086,92,未记录,溪流,1461438065,8.057,109.2411852,23.2043634
WY086,93,未记录,溪流,1461438065,8.057,109.2414659,23.2045063
WY086,94,未记录,溪流,1461438065,8.057,109.2415393,23.2045539
WY086,95,未记录,溪流,1461438065,8.057,109.241833,23.2046532
WY086,96,未记录,溪流,1461438065,8.057,109.2417898,23.2050739
WY086,97,未记录,溪流,1461438065,8.057,109.2418977,23.2052604
WY086,98,未记录,溪流,1461438065,8.057,109.2422518,23.2053596
WY086,99,未记录,溪流,1461438065,8.057,109.2426016,23.2053557
WY086,100,未记录,溪流,1461438065,8.057,109.2427398,23.2054509
WY086,101,未记录,溪流,1461438065,8.057,109.2426491,23.2056772
WY086,102,未记录,溪流,1461438065,8.057,109.2430205,23.2060105
WY086,103,未记录,溪流,1461438065,8.057,109.2430637,23.2063201
WY086,104,未记录,溪流,1461438065,8.057,109.2428823,23.2068758
WY086,105,未记录,溪流,1461438065,8.057,109.2431371,23.2074473
WY086,106,未记录,溪流,1461438065,8.057,109.2435516,23.207864
WY086,107,未记录,溪流,1461438065,8.057,109.2447867,23.2084236
WY086,108,未记录,溪流,1461438065,8.057,109.2452617,23.2086102
WY086,109,未记录,溪流,1461438065,8.057,109.2464924,23.2087689
WY086,110,未记录,溪流,1461438065,8.057,109.2472006,23.2086657
WY086,111,未记录,溪流,1461438065,8.057,109.2480168,23.2084316
WY086,112,未记录,溪流,1461438065,8.057,109.2485954,23.2080386
WY086,113,未记录,溪流,1461438065,8.057,109.2489581,23.2077449
WY086,114,未记录,溪流,1461438065,8.057,109.2493857,23.2076179
WY086,115,未记录,溪流,1461438065,8.057,109.250707,23.2076457
WY086,116,未记录,溪流,1461438065,8.057,109.251195,23.2076934
WY086,117,未记录,溪流,1461438065,8.057,109.2516096,23.207995
WY086,118,未记录,溪流,1461438065,8.057,109.2518428,23.2085387
WY086,119,未记录,溪流,1461438065,8.057,109.2522616,23.2086022
WY086,120,未记录,溪流,1461438065,8.057,109.2525596,23.2084871
WY086,121,未记录,溪流,1461438065,8.057,109.2526589,23.2084951
WY086,122,未记录,溪流,1461438065,8.057,109.2526675,23.2087014
WY086,123,未记录,溪流,1461438065,8.057,109.253121,23.2094595
WY086,124,未记录,溪流,1461438065,8.057,109.2533455,23.2097333
WY086,125,未记录,溪流,1461438065,8.057,109.2533542,23.2102532
WY086,126,未记录,溪流,1461438065,8.057,109.2541962,23.2104358
WY086,127,未记录,溪流,1461438065,8.057,109.254546,23.2101501
WY086,128,未记录,溪流,1461438065,8.057,109.2549001,23.209388
WY086,129,未记录,溪流,1461438065,8.057,109.2558933,23.208884
WY086,130,未记录,溪流,1461438065,8.057,109.2560531,23.2085467
WY086,131,未记录,溪流,1461438065,8.057,109.2563899,23.2084752
WY086,132,未记录,溪流,1461438065,8.057,109.256066,23.207483
WY086,133,未记录,溪流,1461438065,8.057,109.256066,23.206971
WY086,134,未记录,溪流,1461438065,8.057,109.2565065,23.2067488
WY086,135,未记录,溪流,1461438065,8.057,109.2570204,23.2068043
WY086,136,未记录,溪流,1461438065,8.057,109.2574263,23.2070266
WY086,137,未记录,溪流,1461438065,8.057,109.2578766,23.2069551
WY087,1,未记录,溪流,1461438083,3.975,109.2433618,23.185095
WY087,2,未记录,溪流,1461438083,3.975,109.2419004,23.185651
WY087,3,未记录,溪流,1461438083,3.975,109.2417327,23.1857971
WY087,4,未记录,溪流,1461438083,3.975,109.2418165,23.1861218
WY087,5,未记录,溪流,1461438083,3.975,109.2432338,23.1878223
WY087,6,未记录,溪流,1461438083,3.975,109.2431676,23.1891819
WY087,7,未记录,溪流,1461438083,3.975,109.245044,23.188983
WY087,8,未记录,溪流,1461438083,3.975,109.245437,23.1891575
WY087,9,未记录,溪流,1461438083,3.975,109.2456798,23.1895106
WY087,10,未记录,溪流,1461438083,3.975,109.2455518,23.189957
WY087,11,未记录,溪流,1461438083,3.975,109.2451897,23.1904035
WY087,12,未记录,溪流,1461438083,3.975,109.2440197,23.1915682
WY087,13,未记录,溪流,1461438083,3.975,109.2437636,23.1921283
WY087,14,未记录,溪流,1461438083,3.975,109.2439358,23.1924205
WY087,15,未记录,溪流,1461438083,3.975,109.2446599,23.1923231
WY087,16,未记录,溪流,1461438083,3.975,109.2451367,23.1924732
WY087,17,未记录,溪流,1461438083,3.975,109.2458299,23.1928994
WY087,18,未记录,溪流,1461438083,3.975,109.2465275,23.1934716
WY087,19,未记录,溪流,1461438083,3.975,109.2469293,23.1940073
WY087,20,未记录,溪流,1461438083,3.975,109.2473311,23.1941777
WY087,21,未记录,溪流,1461438083,3.975,109.2479933,23.1940681
WY087,22,未记录,溪流,1461438083,3.975,109.2481788,23.1941899
WY087,23,未记录,溪流,1461438083,3.975,109.248245,23.1944009
WY087,24,未记录,溪流,1461438083,3.975,109.248373,23.1948392
WY087,25,未记录,溪流,1461438083,3.975,109.2494018,23.1955332
WY087,26,未记录,溪流,1461438083,3.975,109.250064,23.195732
WY087,27,未记录,溪流,1461438083,3.975,109.2509735,23.1960689
WY087,28,未记录,溪流,1461438083,3.975,109.2512473,23.1963692
WY087,29,未记录,溪流,1461438083,3.975,109.2514548,23.1969495
WY087,30,未记录,溪流,1461438083,3.975,109.2515078,23.1975095
WY087,31,未记录,溪流,1461438083,3.975,109.2513842,23.1982725
WY087,32,未记录,溪流,1461438083,3.975,109.2516358,23.1987513
WY087,33,未记录,溪流,1461438083,3.975,109.2521127,23.1992951
WY087,34,未记录,溪流,1461438083,3.975,109.2526778,23.1997009
WY087,35,未记录,溪流,1461438083,3.975,109.253212,23.2006018
WY087,36,未记录,溪流,1461438083,3.975,109.253605,23.2009792
WY087,37,未记录,溪流,1461438083,3.975,109.2535034,23.2013607
WY087,38,未记录,溪流,1461438083,3.975,109.2532341,23.2015433
WY087,39,未记录,溪流,1461438083,3.975,109.2534946,23.2021845
WY087,40,未记录,溪流,1461438083,3.975,109.2540244,23.2029515
WY087,41,未记录,溪流,1461438083,3.975,109.2547882,23.2033978
WY087,42,未记录,溪流,1461438083,3.975,109.2556757,23.2034141
WY087,43,未记录,溪流,1461438083,3.975,109.2564925,23.2032233
WY087,44,未记录,溪流,1461438083,3.975,109.2570002,23.2032964
WY087,45,未记录,溪流,1461438083,3.975,109.258519,23.2037144
WY087,46,未记录,溪流,1461438083,3.975,109.2593623,23.2037103
WY087,47,未记录,溪流,1461438083,3.975,109.2602144,23.2038199
WY087,48,未记录,溪流,1461438083,3.975,109.260837,23.204039
WY087,49,未记录,溪流,1461438083,3.975,109.2614639,23.2041242
WY087,50,未记录,溪流,1461438083,3.975,109.2624223,23.2044118
WY088,1,未记录,排水沟,1461438098,0.274,109.1823388,23.2106524
WY088,2,未记录,排水沟,1461438098,0.274,109.182042,23.2109027
WY088,3,未记录,排水沟,1461438098,0.274,109.1819729,23.2109887
WY088,4,未记录,排水沟,1461438098,0.274,109.1818998,23.211183
WY088,5,未记录,排水沟,1461438098,0.274,109.1818103,23.2113772
WY088,6,未记录,排水沟,1461438098,0.274,109.1818144,23.2116276
WY088,7,未记录,排水沟,1461438098,0.274,109.1814973,23.2121058
WY088,8,未记录,排水沟,1461438098,0.274,109.181416,23.212132
WY088,9,未记录,排水沟,1461438098,0.274,109.181359,23.2122105
WY088,10,未记录,排水沟,1461438098,0.274,109.1813021,23.2123263
WY088,11,未记录,排水沟,1461438098,0.274,109.1811436,23.2124533
WY088,12,未记录,排水沟,1461438098,0.274,109.1809932,23.2126812
WY089,1,未记录,排水沟,1461438099,0.011,109.1809932,23.2126812
WY089,2,未记录,排水沟,1461438099,0.011,109.1809128,23.2127529
WY090,1,未记录,排水沟,1489338174,0.907,109.1205154,23.2169098
WY090,2,未记录,排水沟,1489338174,0.907,109.1220776,23.2103531
WY090,3,未记录,排水沟,1489338174,0.907,109.1223979,23.2089387
WY091,1,未记录,排水沟,1489338175,0.019,109.1226036,23.2078361
WY091,2,未记录,排水沟,1489338175,0.019,109.1226146,23.2076684
WY092,1,未记录,排水沟,1489338176,0.095,109.1224365,23.2086781
WY092,2,未记录,排水沟,1489338176,0.095,109.1226036,23.2078361
WY093,1,未记录,排水沟,1489338177,0.029,109.1223979,23.2089387
WY093,2,未记录,排水沟,1489338177,0.029,109.1224365,23.2086781
WY094,1,未记录,排水沟,1489338178,0.812,109.1213179,23.2002668
WY094,2,未记录,排水沟,1489338178,0.812,109.1204194,23.1943031
WY094,3,未记录,排水沟,1489338178,0.812,109.1204238,23.1940343
WY094,4,未记录,排水沟,1489338178,0.812,109.1204997,23.1937195
WY094,5,未记录,排水沟,1489338178,0.812,109.1207005,23.1930499
WY095,1,未记录,排水沟,1489338179,0.048,109.1213758,23.2006987
WY095,2,未记录,排水沟,1489338179,0.048,109.1213179,23.2002668
WY096,1,未记录,排水沟,1489338180,0.126,109.1215622,23.2018192
WY096,2,未记录,排水沟,1489338180,0.126,109.1213758,23.2006987
WY097,1,未记录,排水沟,1489338181,0.017,109.1215986,23.2019699
WY097,2,未记录,排水沟,1489338181,0.017,109.1215888,23.2019294
WY097,3,未记录,排水沟,1489338181,0.017,109.1215622,23.2018192
WY098,1,未记录,排水沟,1489338182,0.067,109.1218438,23.20253
WY098,2,未记录,排水沟,1489338182,0.067,109.1215986,23.2019699
WY099,1,未记录,排水沟,1489338183,0.012,109.1218898,23.2026255
WY099,2,未记录,排水沟,1489338183,0.012,109.1218438,23.20253
WY100,1,未记录,排水沟,1536112037,1.619,109.1404875,22.9778748
WY100,2,未记录,排水沟,1536112037,1.619,109.1408213,22.9770576
WY100,3,未记录,排水沟,1536112037,1.619,109.1407758,22.975975
WY100,4,未记录,排水沟,1536112037,1.619,109.1405102,22.9752346
WY100,5,未记录,排水沟,1536112037,1.619,109.140313,22.975074
WY100,6,未记录,排水沟,1536112037,1.619,109.1402827,22.9747946
WY100,7,未记录,排水沟,1536112037,1.619,109.1409427,22.9740402
WY100,8,未记录,排水沟,1536112037,1.619,109.1412158,22.9740263
WY100,9,未记录,排水沟,1536112037,1.619,109.1415875,22.9737608
WY100,10,未记录,排水沟,1536112037,1.619,109.1420427,22.9729576
WY100,11,未记录,排水沟,1536112037,1.619,109.1425267,22.9725536
WY100,12,未记录,排水沟,1536112037,1.619,109.1434387,22.9725685
WY100,13,未记录,排水沟,1536112037,1.619,109.1439537,22.9724499
WY100,14,未记录,排水沟,1536112037,1.619,109.1444043,22.9725783
WY100,15,未记录,排水沟,1536112037,1.619,109.1461585,22.9729784
WY100,16,未记录,排水沟,1536112037,1.619,109.1468076,22.9728253
WY100,17,未记录,排水沟,1536112037,1.619,109.1476122,22.9727956
WY100,18,未记录,排水沟,1536112037,1.619,109.1480414,22.9726376
WY100,19,未记录,排水沟,1536112037,1.619,109.1483471,22.9718424
WY100,20,未记录,排水沟,1536112037,1.619,109.148551,22.9711954
WY100,21,未记录,排水沟,1536112037,1.619,109.1497097,22.9702669
WY101,1,未记录,溪流,1536112038,4.126,109.1548661,22.9791466
WY101,2,未记录,溪流,1536112038,4.126,109.1547353,22.9784364
WY101,3,未记录,溪流,1536112038,4.126,109.1554345,22.9775643
WY101,4,未记录,溪流,1536112038,4.126,109.1555021,22.9761149
WY101,5,未记录,溪流,1536112038,4.126,109.1555783,22.9747356
WY101,6,未记录,溪流,1536112038,4.126,109.1554316,22.9744478
WY101,7,未记录,溪流,1536112038,4.126,109.153454,22.972627
WY101,8,未记录,溪流,1536112038,4.126,109.1526948,22.9719868
WY101,9,未记录,溪流,1536112038,4.126,109.152446,22.9715111
WY101,10,未记录,溪流,1536112038,4.126,109.1527012,22.971094
WY101,11,未记录,溪流,1536112038,4.126,109.1532435,22.9708474
WY101,12,未记录,溪流,1536112038,4.126,109.1545002,22.9710647
WY101,13,未记录,溪流,1536112038,4.126,109.1552593,22.9704656
WY101,14,未记录,溪流,1536112038,4.126,109.1558845,22.9696315
WY101,15,未记录,溪流,1536112038,4.126,109.1559419,22.9689972
WY101,16,未记录,溪流,1536112038,4.126,109.1572625,22.9682101
WY101,17,未记录,溪流,1536112038,4.126,109.1588254,22.9676874
WY101,18,未记录,溪流,1536112038,4.126,109.1593485,22.9672762
WY101,19,未记录,溪流,1536112038,4.126,109.1602799,22.9670589
WY101,20,未记录,溪流,1536112038,4.126,109.1606308,22.9663423
WY101,21,未记录,溪流,1536112038,4.126,109.1603179,22.9648637
WY101,22,未记录,溪流,1536112038,4.126,109.1599119,22.964141
WY101,23,未记录,溪流,1536112038,4.126,109.1585857,22.9635927
WY101,24,未记录,溪流,1536112038,4.126,109.1579452,22.963626
WY101,25,未记录,溪流,1536112038,4.126,109.1577106,22.9633269
WY101,26,未记录,溪流,1536112038,4.126,109.157864,22.9629199
WY101,27,未记录,溪流,1536112038,4.126,109.1588564,22.9625211
WY101,28,未记录,溪流,1536112038,4.126,109.1589827,22.961001
WY101,29,未记录,溪流,1536112038,4.126,109.1585586,22.9602533
WY101,30,未记录,溪流,1536112038,4.126,109.1580083,22.9594808
WY101,31,未记录,溪流,1536112038,4.126,109.1569798,22.9590986
WY101,32,未记录,溪流,1536112038,4.126,109.1563754,22.9586584
WY101,33,未记录,溪流,1536112038,4.126,109.1553018,22.9585587
WY101,34,未记录,溪流,1536112038,4.126,109.1547604,22.9586085
WY101,35,未记录,溪流,1536112038,4.126,109.1530102,22.9573541
WY101,36,未记录,溪流,1536112038,4.126,109.1526854,22.9572046
WY101,37,未记录,溪流,1536112038,4.126,109.1528027,22.9567228
WY101,38,未记录,溪流,1536112038,4.126,109.1522975,22.9558837
WY101,39,未记录,溪流,1536112038,4.126,109.1515577,22.9554601
WY101,40,未记录,溪流,1536112038,4.126,109.1518193,22.955053
WY101,41,未记录,溪流,1536112038,4.126,109.1515642,22.954778
